date,ticker,close,ret_1d,fwd_ret_1d,fwd_ret_5d,vol_20d,vol_20d_ann,text,num_headlines
2020-03-09,AAPL,64.25438690185547,-0.0790921427142118,0.0720213166759102,-0.0900177405449165,0.0381391920043707,0.6054409034910483,Crude Awakening: Energy Sector Takes A 20% Spill As Crude Price War Sends Oil To 4-Year Low Investor Movement Index Summary: February 2020 101 Stocks Moving In Monday's Mid-Day Session,3
2020-03-10,AAPL,68.88207244873047,0.0720213166759102,-0.0347305330856881,-0.113829013444188,0.0421257780227502,0.6687259945998442,"Peloton Shares Tick To Session Low As Hearing Report Apple Working On 'Guided Workout' Fitness App Morning Market Stats In 5 Minutes The Main Challenges Faced By The Upcoming EV Era Jedi Wars Between Amazon And Microsoft Are Still Very Much On Airlines Continue Suffering As Delta, American Announce Schedule Cuts, But Crude Bounces Shares of several technology companies are trading higher as markets look to rebound from Monday's selloff. The technology sector has been highly impacted by the coronavirus due to its China exposure and sensitivity to economic conditions. UBS Maintains Buy on Apple, Lowers Price Target to $335 123 Biggest Movers From Yesterday",8
2020-03-11,AAPL,66.48976135253906,-0.0347305330856881,-0.0987545992826576,-0.1044186045444228,0.0426440582681187,0.6769534384319406,"Here's How Large Option Traders Are Playing High-Yield AT&T As Market Falls Apple To Close All Italy Stores Until Further Notice Despite Volatility, FANG Continues to Prove Its Popularity UPDATE: BofA Securities On Apple Notes 'We reiterate Buy on large cash balance/optionality, expected new buyback authorization in April and upcoming 5G cycle' UPDATE: BofA Securities Reiterates Buy On Apple, Lowers Target To $320 As Firm Notes 'Lowering estimates on weaker global demand, some delay in product launches' BofA Lowers Apple Price Target Due To Potential Delay In Product Launches As Market Gyrates, Investors Seek Direction From Large Stocks Including Apple, Microsoft Only Technology Can Save And Lead The Automotive Industry Forward Coronavirus – Another Severe Hit To The Automotive Industry B of A Securities Reiterates Buy on Apple, Lowers Price Target to $320",13
2020-03-12,AAPL,59.92359161376953,-0.0987545992826576,0.1198084362652074,-0.0138983652913911,0.0466701264879449,0.7408652900581834,"Selling Picks Up In Worst Day Since 1987 As Fear Continues To Drive Markets Lower Financial Pro Says Trump 'Solidified' Fears Of Economic Slowdown E-Commerce Is Among The Lucky Ones With The Tools To Amortize The Coronavirus Blow Technical Pro: Apple A 'Great Company,' Not A 'Great Stock' Right Now Shares of several technology, software and semiconductor companies are trading lower as equities sell off amid continued global coronavirus concerns. The virus has caused global economic disruption and negatively impacted stocks across sectors. CME To Shut Down Chicago Trading Floor Over Coronavirus Concerns",6
2020-03-13,AAPL,67.10294342041016,0.1198084362652074,-0.1286469833890012,-0.1753067569935228,0.0552985734412831,0.8778376390936593,"Canopy Growth's Storz & Bickel Bypasses Apple's Vaping App Ban With New Web App 88 Stocks Moving In Friday's Mid-Day Session VirnetX Receives ~$454M Payment In Apple Suit Apple's Worldwide Developers Conference 2020 To Be Held In Online Format Regulators Aiming To Break Of Big Tech Are Receiving ""Help"" From COVID-19 Apple Gets Upgrade, Futures Reverse Downward Course As Washington Stimulus Awaited Oracle Might Not Challenge Cloud Providers But Investors Are Pleased Apple shares are trading higher after Wells Fargo upgraded the stock from Equal-Weight to Overweight and announced a $315 price target. NOTE: The overall market is also rebounding from Thursday's crash. Apple Reopens All China Stores As Coronavirus Cases Drop In Country Apple Still Looks to Ship 90M AirPods in 2020",11
2020-03-16,AAPL,58.47035217285156,-0.1286469833890012,0.0439700092355959,-0.0736553126336636,0.0616386993487139,0.9784840176850568,"Apple Analyst Says 'Uncertainty Remains Too High' To Buy The Dip 95 Stocks Moving In Monday's Mid-Day Session 5 Reasons Why Amazon Is Morgan Stanley's Top Pick Banks, Airlines, Apple Among Stocks Being Hit Hard Despite Fed Cutting Rates To Zero 22 Stocks Moving in Monday's Pre-Market Session Apple shares are trading lower following a report suggesting the company was fined €1.1B by the French Competition Authority for anti-competitive behavior in its distribution network. Apple Fined €1.1B byFrench Competition Authority for Anti-competitive Behaviour in Its Distribution Network 144 Biggest Movers From Friday Walmart Shortens Store Operating Hours In Response To Coronavirus Outbreak Starbucks Switches To 'To Go' Model As Coronavirus Spreads, Closes Some Stores",11
2020-03-17,AAPL,61.04129409790039,0.0439700092355959,-0.0244801632135868,-0.0236495592411988,0.0629047306886702,0.9985816421502852,"UPDATE: Apple Previously Announced Closing Of Retail Locations Til Mar. 27, Now Says 'Until Further Notice' Hearing Apple To Close All Retail Stores Until Further Notice Apple shares are trading higher as tech stocks rebound following Monday's crash. Morgan Stanley analysts today maintained an overweight rating on the stock. Trump Says Will Expand Medicare Telehealth Service Offers, Working With Skype, Apple For FaceTime Jefferies Reiterates Buy on Apple, Lowers Price Target to $320 10 Biggest Price Target Changes For Tuesday Morgan Stanley Maintains Overweight on Apple, Lowers Price Target to $328 A Peek Into The Markets: US Stock Futures Gain Ahead Of Economic Reports Apple Hit With $1.2B Fine By French Antitrust Authorities 110 Biggest Movers From Yesterday",14
2020-03-18,AAPL,59.546993255615234,-0.0244801632135868,-0.0076618748104967,-0.0046619812174168,0.0627206080608936,0.9956587860472658,"Oil Giants Persist In Paradoxical Behavior, But They Can Afford It Travel, Airline Stocks In Focus Amid Fresh Weakness; Amazon To Hire 100,000 Workers Shares of several technology, software and semiconductor companies are trading lower as equities sell off amid continued global coronavirus concerns. The virus has caused global economic disruption and negatively impacted stocks across sectors. Apple Unveils New iPad Pro And New MacBook Air",4
2020-03-19,AAPL,59.09075164794922,-0.0076618748104967,-0.0634855289308409,0.0558052962998876,0.062726246224865,0.9957482891255814,"Will Big Tech Come To The Rescue Against COVID-19? Canaccord Genuity Maintains Buy on Apple, Lowers Price Target to $300",2
2020-03-20,AAPL,55.3393440246582,-0.0634855289308409,-0.0212442691835051,0.080701380455628,0.0637650017344327,1.012238021633468,"Shares of several technology companies are trading higher. Market strength has been attributed to strong containment measures taken by California, rebound in oil, central bank actions and expectations of increased technology usage amid the virus outbreak. Apple Limits Online iPhone Purchases To Two After Closing All Stores Outside China",2
2020-03-23,AAPL,54.163700103759766,-0.0212442691835051,0.1003253891961433,0.1356687226546056,0.0632972790577256,1.0048131543227932,"Foxconn Has Secured Enough Workers To Meet 'Seasonal Demand' At All Major Chinese Plants Shares of some technology companies are trading lower amid market volatility. Sunday's fiscal stimulus bill failed a procedural senate vote while the Fed on Monday announced stimulus measures. NOTE: Sector is mixed, with some names up for the session. Nomura Instinet Maintains Neutral on Apple, Lowers Price Target to $225 How Tim Cook, Mark Zuckerberg And Other Tech CEOs Are Helping Fight The Global Pandemic 3 ETFs To Short The Dow Apple Dropped Two-device Limit on Online Purchases of iPhones Cisco Pledges $225M To Fight Global Coronavirus Pandemic",7
2020-03-24,AAPL,59.597694396972656,0.1003253891961433,-0.005508738362963,0.0300146359466684,0.0678308794992437,1.076781830194731,"'Apple Expects to Start Reopening Stores in First Half of April' -Bloomberg Apple Expects Stores To Start Re-Opening In First Half On April Apple Store Closures Could Leave Some Device Owners In The Lurch: Report 75 Stocks Moving In Tuesday's Mid-Day Session Rise In Semiconductor, Cloud Computing Stocks Could Set Tone For Broader Economy Shares of several technology companies are trading higher amid market strength on hopes of a US economic stimulus package agreement. 26 Stocks Moving in Tuesday's Pre-Market Session Twitter Expects Q1 Operating Loss As Pandemic Hurts Ad Sales",8
2020-03-25,AAPL,59.269386291503906,-0.005508738362963,0.0526231576855265,-0.0187763956678184,0.0676446574560896,1.073825646905786,"'Apple weighs delaying 5G iPhone launch by months, sources say' -Nikkei Apple's Tim Cook Says Has Been Able To 'Source 10M masks for the US and millions more' For Regions In Europe, Says ' Our ops teams are helping to find and purchase masks from our supply chain in coordination with governments around the world.' COVID-19 Crisis Could Make Big Tech Even Stronger Tesla, Wayfair And Other Profitable Short Trades Could Get A Short Covering Boost 'Huawei is set to release its #P40 phone series on Thursday, a move that analysts predicted could help push up its phone shipments and even surpass major counterpart @Apple in the short term' -Tweet From China's Global Times Biz Airline Shares Jump As Stimulus Agreement Offers Relief, While Nike Up On Earnings A Peek Into The Markets: US Stock Futures Surge After Senate, White House Strike Deal On Coronavirus Stimulus Package Apple Said to be Accelerating Production Relocation Outside China Deutsche Bank Upgrades Apple to Buy, Announces $270 Price Target 120 Biggest Movers From Yesterday",10
2020-03-26,AAPL,62.388328552246094,0.0526231576855265,-0.0414023444966304,-0.0522753484222235,0.0673916346813191,1.0698090348773168,Roku Or Netflix – Which One Is Better In The Near Term? Tim Cook Announces Apple 10M Masks Donation To US Health Workers Apple Shares Tank As Report Says New iPhone Launch Could Be Moved To Next Year,3
2020-03-27,AAPL,59.80530548095703,-0.0414023444966304,0.0285378465405614,-0.0255509739308346,0.0680041399062923,1.079532253889356,"Loup Ventures Says Believes Demand For 5G iPhone Will Be Initially Muted 'as it will reflect overall consumer demand in the fall which we expect to be soft'; Says Believes Apple Is 'One Of The Best Ways' To Invest In 5G Transformation Loup Ventures Says 'Taking the view that China production will remain stable (which can quickly change), the supply chain should be positioned to supply several million iPhones by the end of September, in line with supply for previous launches.' Loup Ventures Says Believes It Is Still Likely Apple Will Host A Fall 5G iPhone Launch; Notes China Manufacturing And Assembly, Including Some Apple Partners Are Starting To Ramp Up Production For Some Companies, A Sliver Of Good News During COVID-19 'New #COVID19 screening app developed by @Apple, in partnership with @CDCgov, @fema and the @WhiteHouse #coronavirus task force.' -VOA's Steve Herman Regional Banks, Other Cyclicals Saw Buying Interest Yesterday Amid Stimulus Hopes 'Apple iPhone demand destruction 'intensifying,' says Cleveland Research' - Walter Bloomberg Shares of several technology, semiconductor, and software companies are trading lower as a potential sell-off from this week's strength. While US stimulus legislation has boosted economic optimism, demand concerns still exist amid the coronavirus. 1,000 Google Employees Volunteer To Help Expand Sister Company's Coronavirus Testing Program Apple PCB Suppliers Dismiss Speculation about 5G iPhone Delay",12
2020-03-30,AAPL,61.512020111083984,0.0285378465405614,-0.0020406192691885,0.0300615063298888,0.0646670475577368,1.0265575551513515,"Ad Sales Decrease With Covid-19 But Digital Holds The Key Shares of several technology companies are trading higher as equities continue to rise following last week's rebound amid US stimulus measures. UBS Maintains Buy on Apple, Lowers Price Target to $290 Apple Supplier Foxconn's Profit Falls Nearly 25% Year-Over-Year: Report",4
2020-03-31,AAPL,61.386497497558594,-0.0020406192691885,-0.0526170540057476,0.0202128969851171,0.0643833704925165,1.0220543213479978,"What Google And Is Doing To Fight The Coronavirus Apple Acquires Dark Sky Weather App Strategist Channels His Inner Elsa, Says Apple Investors Need To Let It Go Japan Display to Raise $200M by Selling Display Production Equipment to Overseas Client Said to be Apple",4
2020-04-01,AAPL,58.15652084350586,-0.0526170540057476,0.0166866257148148,0.1044375861203354,0.0640739824611077,1.017142938609633,"Is Roku Above Other Streamers – A SWOT Approach Hearing Apple, Goldman To Let Card Holders Defer April Payments Apple Analyst Projects 'Multi-Quarter Impact' On iPhone Shipments From COVID-19 Pandemic Some Staples Stocks Bouncing Back After Sliding In Recent Rally As Caution Tightens Grip Shares of several technology, semiconductor, and software companies are trading lower amid market weakness as macro concerns continue to grow as a result of the coronavirus pandemic. The White House said it expects a surge in cases over the next 2 weeks. A Peek Into The Markets: US Stock Futures Tumble Ahead Of ADP, Manufacturing Reports Here's How The 'MAGA' Tech Giant Stocks Performed In Q1 Apple Acquires DarkSky, Weather App To Be Pulled From Android",8
2020-04-02,AAPL,59.126956939697266,0.0166866257148148,-0.0143713680525855,0.0941494190529321,0.0640861456041809,1.017336022520028,"Credit Suisse Compiles List Of Corporations With Most And Least Cash A Peek Into The Markets: US Stock Futures Gain, Jobless Claims In Focus Amazon Offers Prime Video Purchases On iOS As Apple Foregoes 30% Third-Party Tax",3
2020-04-03,AAPL,58.2772216796875,-0.0143713680525855,0.0872372132163961,0.1318916563854322,0.0640922857456286,1.0174334942437404,"Roland Garros Is Giving Us Hope – Shall We Dare to Dream? Morgan Stanley Maintains Overweight on Apple, Lowers Price Target to $298 Credit Suisse Maintains Neutral on Apple, Lowers Price Target to $260 Apple Accidentally Confirms Unreleased Product That Helps Users Find Lost Items Apple Tells Staff U.S. Stores to Remain Closed Until Early May",5
2020-04-06,AAPL,63.36116409301758,0.0872372132163961,-0.0115822942297322,0.0936490370805724,0.0650302595488856,1.0323233667620095,"Investor Movement Index Summary: March 2020 Apple's iPhone 9 Launch Could Be Imminent Apple Rumored To Be Eyeing $100M Acquisition Of AR, VR Company NextVR Apple shares are trading higher potentially due to the company announcing it would produce 1 million face shields per week for healthcare workers. Apple To Make 1M Face Shields Per Week For Coronavirus Health Workers",5
2020-04-07,AAPL,62.627296447753906,-0.0115822942297322,0.0255950861800642,0.0963652521688918,0.0628979760119416,0.9984744149814228,"Shares of several technology, semiconductor, and software companies are trading higher amid optimism that coronavirus cases in Asia are potentially easing. Global slowing cases could raise hopes of a sooner return to spending and economic activity. Microsoft Hires ex-Apple Exec Caballero in Charge of Wireless for Hardware 3M, Trump Strike Deal To Import 166.5M Masks From China, Company To Continue To Supply Abroad",3
2020-04-08,AAPL,64.2302474975586,0.0255950861800642,0.0072158851387973,0.0774982191615014,0.0627357805290603,0.9958996415125304,"Netflix, YouTube, Disney+: Which Video Streaming Platform Do Teens Watch The Most? The Show Must Go On – Event Industry Rising To The Challenge Of COVID-19 Global Payments Firm Papaya Global Publishes International COVID-19 Crisis Guides For Employers Watching Apple Shares; Hearing Traders Circulating Word Of Earlier Article From China Publication Suggesting Apple Cut Orders From China Suppliers Shares of several technology companies are trading higher amid overall market strength on optimism that US coronavirus cases could soon leveling off. NOTE: Some names in the sector have potentially benefited from recent work-at-home trends. 10 Biggest Price Target Changes For Wednesday JP Morgan Maintains Overweight on Apple, Lowers Price Target to $335 Hearing Piper Sandler Raised Apple Price Target From $260 To $300; Unconfirmed iPhone Maker Foxconn To Produce Ventilators In US",9
2020-04-09,AAPL,64.6937255859375,0.0072158851387973,0.0196274890512877,0.0552630474120281,0.0582581517894506,0.9248194888628346,"Communications Services Sector Earnings: When Staying In Becomes The Trend Will FANG Lead The Market Rebound? Apple At A 'Fork In The Road' As Disney+ Reports 50M Subscribers Nomura Maintains Neutral on Apple, Raises Price Target to $240 2 Companies Well Positioned To Weather The Coronavirus Storm Disney Shares Climb 7% As Video On Demand Service Crosses 50M Subscribers",6
2020-04-13,AAPL,65.9635009765625,0.0196274890512877,0.0505033097508573,0.0134675492668951,0.0518637659997318,0.8233117613432261,"IDC Issues PC Report For Q1, Shows 'Sharp Decline in Q1 2020 Despite Increased Demand to Meet Remote Work and School Needs' Commentary: Why Supply Chains Are Weaker Than Their Weakest Link Apple Reportedly Planning Major iPhone Design Overhaul For Fall Launches Raymond James Maintains Outperform on Apple, Lowers Price Target to $305 Apple And Google Team Up To Build Bluetooth Solution To Tackle COVID-19 Pandemic Bloomberg Reports iPhone 12 to Feature Redesigned Stainless Steel Chasis, Cheaper Homepod to be Out Later This Year Apple's Stock Will Outperform Other FAANG Stocks In 2020, Long-Term Future 'Among The Brightest', Munster Says",7
2020-04-14,AAPL,69.29487609863281,0.0505033097508573,-0.009127434402724,-0.0650759505684374,0.0431311966158521,0.6846865199650521,"Apple Makes Available Its Mobility Data To Aid In Coronavirus Efforts, Says Trends Tool From Apple Maps Can Help Mitigate Spread Of Virus Apple shares are trading higher after it was reported the company shipped 2.5 million iPhones in China in March. JPMorgan, Wells Fargo Earnings Lower Than Expected, But Positive Tone Helps Shares Apple And Google Give Details On Their Joint Coronavirus Contact Tracing Tool Apple Shipped 2.5M iPhones in China in March",5
2020-04-15,AAPL,68.66239166259766,-0.009127434402724,0.0079459165215973,-0.0292865875671424,0.0425209125506757,0.6749985607716792,"US Senator Blumenthal Says Apple, Google Have A 'Lot Of Work To Do' To Convince People Coronavirus Contact Tracing Will Not Violate Privacy Apple Ready To Launch 'iPhone 9'; Analyst Says Initial Sales Could Reach 25M Units Every Member Of Trump's 'Great American Economic Revival' Industry Groups BioXcel Therapeutics CEO Says Wearable Devices Are Another Tool To Combat Alzheimer's Agitation Apple Shares Unaffected Following Co. Press Release Highlighting Second-Generation iPhone SE, Starting At $399",5
2020-04-16,AAPL,69.20797729492188,0.0079459165215973,-0.0135689456818856,-0.0406710094818474,0.0418811708069618,0.6648429754286365,"Big Stocks Moving After Hours As Market Cheers Gilead, 'Reopening' Updates S&P 500 Futures Up 3.2% After Hours; Many Other Stocks Moving Higher With Futures; Investors Reacting Favorably To White Phase Guidelines On Reopening Economy Apple's Tim Cook Tells Staff Mgmt. Is Unclear When Employees Will Be Able To Return To Offices, Says Offices Will Likely Have Temperature Checks, Social Distancing Efforts Comcast's Peacock Takes Well-Timed Flight Apple shares are trading higher after Deutsche Bank maintained its Buy rating on the stock and raised its price target from $270 to $285 per share. Deutsche Bank Maintains Buy on Apple, Raises Price Target to $285 Morgan Stanley Misses On EPS, But Shows Strong Trading Results For Q1 As Banks Wrap Up 'Apple's only retail store in South Korea reopening April 18' -9to5Mac Software Rises Above Semiconductors And Hardware As Tech Heads Into Earnings Season",9
2020-04-17,AAPL,68.2688980102539,-0.0135689456818856,-0.0207566018461264,0.0006015774673198,0.0420207240342765,0.6670583142334228,"Gene Munster Dismisses Goldman's Apple Downgrade, Says Cupertino Has Long-Term Earnings Power Goldman Turns Bearish On Apple, Qualcomm, Projects 36% Drop In Q2 iPhone Sales Big Earnings Day As Honeywell, Procter & Gamble, Schlumberger Among Those Reporting 'Apple supplier Foxconn steps up semiconductor plans with deal to build a new base in Qingdao' -South China Morning Post Benzinga's Top Upgrades, Downgrades For April 17, 2020 UPDATE: Goldman Sachs Downgrades Apple To Sell, Lowers Target To $233 'as COVID-19 downturn drives reduced 2021 forecasts' 10 Biggest Price Target Changes For Friday A Peek Into The Markets: US Stock Futures Signal Higher Start On Wall Street Goldman Sachs Downgrades Apple to Sell, Lowers Price Target to $233 Apple Reopening Store In Seoul, First Outside China",10
2020-04-20,AAPL,66.85186767578125,-0.0207566018461264,-0.0309104529257254,0.0225329612590512,0.0391816226067754,0.6219889762890848,"Coronavirus Sell-Off A Major Opportunity For Activist Investors Halliburton, United, Among Key Names Reporting Results, With More Airlines Due Later In Week",2
2020-04-21,AAPL,64.78544616699219,-0.0309104529257254,0.0288036659468144,0.0380444907754267,0.0396468108554395,0.6293736108018544,How Stable Are Their Networks? AT&T And Verizon Set To Release Q1 Earnings Shares of several technology companies are trading lower amid overall market weakness following a collapse in oil prices. Oil has been negatively impacted by excess supply and low demand amid the coronavirus pandemic. Tuesday's Market Minute: The Streaming Comeback Kid: Netflix Apple Shares Spike 1.5% Amid Nikkei Report Co. Aiming To Increase iPhone Output By 4% Through Mar. Apple Likely to Defer New Airpods Pro Launch Apple Services Now Available in More Countries Around the World Jerremy Newsome Shares The Rules For His Options Strategy,7
2020-04-22,AAPL,66.65150451660156,0.0288036659468144,-0.003875164174225,0.0421224645284088,0.0338453843661985,0.5372788203621282,"Another Autonomous Trucking Startup Announces Layoffs These Companies Could Rebound Sharply After The COVID-19 Crisis Little Things Count: After Selloff To Start Week, A Bit of Light Arrives With Positive Earnings Gene Munster Sees Apple And Tesla As Biggest Winners This Earnings Season",4
2020-04-23,AAPL,66.39321899414062,-0.003875164174225,0.0288696357235542,0.0682468480717493,0.0338177414016446,0.5368400019038678,"Apple Analyst Braces For 'Friday The 13th'-Like Q2, Says iPhone On Track Apple Reportedly Shifting Away From Intel, Will Make Its Own Mac Chips Intel Shares Unaffected Following NY Post Article 'Apple to reportedly use its own chips for Macs instead of Intel's next year' 10 Biggest Price Target Changes For Thursday Daiwa Capital Downgrades Apple to Outperform, Lowers Price Target to $297 Apple Acknowledges Security Flaw in iPhone, iPads That Hackers May Have Used To Steal Data For Years",6
2020-04-24,AAPL,68.30996704101562,0.0288696357235542,0.0007066491361389,0.021556875259395,0.0324937150581456,0.5158217352986884,"Nvidia Reportedly Eyeing 5nm Chips Even As Apple, AMD Ramp Up Orders Apple Shares Unaffected As Hearing Trump Says He Spoke With Tim Cook, Trump Says Cook Believes Economy Will See V-Shaped Recovery 10 Biggest Price Target Changes For Friday Hearing Credit Suisse Asia Sees Apple Cutting iPhone Jul. To Sept. Production By 30% Given A Delay In Production Ramp For 2020 Models Apple Says No Evidence That Hackers Exploited Vulnerability In iPhones, iPads To Steal Data Apple Says No Evidence iPhone Mail Flaw Used Against Customers",6
2020-04-27,AAPL,68.35823822021484,0.0007066491361389,-0.0162096445577052,0.0352789348840734,0.0306373883320645,0.4863534620829294,"How Large Apple Option Traders Are Positioning Ahead Of Earnings 3 Sector ETFs For This Week's Earnings Parade Raymond James Says 'We lowered our iPhone estimates 2 weeks ago to take into account the likelihood of slower sales, and we don't see a reason to change our estimates at this time' Raymond James On Reports Of Apple iPhone Delays Says 'Apple suppliers we spoke with hadn't seen changes yet'; Says 'Our conclusion is that AAPL is likely selectively notifying suppliers.' Will COVID-19 Accelerate The Adoption Of Autonomous Vehicles? UPDATE: B of A Securities On Apple Notes 'Although AAPL could choose to not provide any guidance,we think AAPL could also provide a much wider than normal range to encapsulate the uncertainty of COVID-19' UPDATE: B of A Securities Reiterates Buy On Apple, Raises Target To $310 Notes 'To guide or not guide; that is the question'; Firm Expects 'AAPL to report F2Q well below consensus (not fully adjusted) and to guide well below consensus as well' SpotlightNews Informs Communities, Extends Helping Hand To Small Publishers B of A Securities Earlier Reiterated Buy on Apple, Raised Price Target to $310 Morning Market Stats in 5 Minutes",17
2020-04-28,AAPL,67.25017547607422,-0.0162096445577052,0.0328453369772814,0.068131279698546,0.0306267153089339,0.4861840330932837,"Apple Earnings Ahead: Rough Quarter, iPhone Expectations And Getting Back To Business Earnings Feast: Bring a Plate With Healthcare and Caterpillar in Morning, GOOGL And AMD Later",2
2020-04-29,AAPL,69.45903015136719,0.0328453369772814,0.0210961306149493,0.0448340281458949,0.0311983266684642,0.4952580821166639,"Shares of several technology companies are trading higher amid market strength following positive data from a study of Gilead's Remdesivir, which is being evaluated for coronavirus. A successful treatment could mean a sooner return to economic activity. NOTE: Some names may also be moving in sympathy following recent earnings from Google and some semiconductor companies. Alphabet, Boeing Shares Get A Lift Following Earnings, While GE Falls Short AT&T Is Hoping HBO Max Will Turn The Tide Apple Adds Coronavirus Testing Sites To Maps In US",4
2020-04-30,AAPL,70.92434692382812,0.0210961306149493,-0.0160992732941517,0.0338328709936839,0.0280203590152386,0.4448094096064092,"Apple CEO Tim Cook: Store Traffic Not Back To Pre-COVID-19 Levels In China Apple CFO Says Advertising Also To Be Affected By June Quarter Apple CFO Says Apple Care And Advertising Will Be Affected In June Quarter Apple CFO Expects Digital Services To Continue To Grow At Same Level Of Performance Seen In Mar., Qtr.; Says Expects Apple Care To Be Impacted During Jun. Qtr. Apple CEO Tim Cook Says Austria, Australia Apple Stores To Reopen In 1 To 2 Weeks Apple CEO, On TV+, Says Have Seen A Significant Uptick In Number Of People Who Are Viewing The Content As Well As The Engagement With Content Apple CEO Tim Cook Sees Remote Work Sector Accelerating Apple CEO: Our Products Are Even More Important In 'These Times' Apple CFO: The Core Of The Company Is Innovation, Will Continue To Invest In Product Pipeline Apple CFO Says Due To Reduced Level Of Economic Activity, Services Like Apple Care And Advertising Have Been Impacted",35
2020-05-01,AAPL,69.78251647949219,-0.0160992732941517,0.0141486381617341,0.075758423901338,0.0285827087271116,0.4537364345311981,"Amazon, Exxon Mobil Earnings Weigh On Market To Start New Month As Caution Steers The Wheel VirnetX Shares Dip; Hearing Judge Has Ordered Retrial Regarding Damages In VirnetX vs Apple VPN On Demand Lawsuit Apple Shows Signs Of Recovery From Coronavirus, Doesn't Shake Bulls With Lack Of Guidance UPDATE: Raymond James On Apple Notes 'and those who don't buy a phone this year will have a strong incentive to buy one next year, particularly with more complete 5G networks and our belief of a stronger 2021 iPhone feature set' UPDATE: Raymond James Maintains Outperform On Apple, Raises Target To $340 Notes 'our optimism for the stock is about 2021. We think upgrades to 5G are inevitable' UPDATE: Morgan Stanley On Apple Notes 'With increased confidence in the 5G iPhone launch and stretched iPhone replacement cycles, Apple remains top pick' UPDATE: Morgan Stanley Maintains Overweight On Apple, Raises Tgt To $326 Notes 'While Apple pulled guidance, qualitative commentary leads us to raise our F3Q revenue estimate as demand improved in 2H of April and more stores will open before quarter-end' UPDATE: Cascend Reiterates Buy On Apple, Lowers Target To $325 Notes 'not providing guidance is worrying even as the company performs solidly in a difficult environment DA Davidson Maintains Buy on Apple, Lowers Price Target to $355 Canaccord Genuity Maintains Buy on Apple, Raises Price Target to $310",29
2020-05-04,AAPL,70.76984405517578,0.0141486381617341,0.0150088212036616,0.0774417054003662,0.0280782178968687,0.4457278908779871,"'Apple raises more than $8 billion in bond offering' -Tweet From CNBC Now Apple Grows Smartphone Market Share Even As Overall Market Declines At Record Pace Hearing Apple To Reopen Stores Starting Friday, Region Not Specified GM, Disney In Focus Along With Friday's Payrolls Data As Stocks Appear Shaky To Start New Week Apple Announces Updated MacBook Pro Offering 10th Generation Processor For Up To 80% Faster Graphics Performance; Starting At $1,299 And $1,199 For Education Apple Inc Files Prospectus Supplement Related To A Potential Four-Part Notes Offering",6
2020-05-05,AAPL,71.83201599121094,0.0150088212036616,0.0103177150567499,0.0493787363919022,0.0215159666379674,0.3415553816473461,"What Apple's WWDC 2020 Invite Says About This Year's Virtual Presentation Charles Schwab Launches Fractional Shares, The Ability To Gift Stock Apple to Host Virtual Worldwide Developers Conference Beginning June 22 Disney, Beyond Meat And Video Game Makers All Set To Report As Firm Tone Continues Apple Capitalizes On Plunge In Yields, Issues Cheapest Bonds In Years Apple Files Final Pricing Term Sheet For Offering Of $2B 0.750% Notes Due 2023 Apple And Google Say No To Location Tracking In Coronavirus Contact Tracing Apps",7
2020-05-06,AAPL,72.57315826416016,0.0103177150567499,0.0103449120502707,0.0261208924142393,0.0210998954354209,0.3349504560695437,"A Low-Cost, FAAMNG-Heavy ETF For May A Recap Of Social Media Earnings GM, Disney, Beyond Meat Results In Focus, With GM And BYND Getting Early Lift 'Microsoft is releasing its new AirPods rival after months of delays — and it's even cheaper than expected' -Recent Business Insider Article Apple Chassis Maker Catcher Said to be Considering Leaving China to Open Factories in SouthEast Asia",5
2020-05-08,AAPL,75.06912994384766,0.0238013558411327,0.0157355164068437,-0.0078030697006675,0.0210323642213125,0.3338784312799541,"Apple Option Alert: May 15 $315 Calls Sweep (52) near the Ask: 354 @ $2.154 vs 6982 OI; Ref=$309.45 Apple To Give Masks To Customers Inside Retail Stores, Company To Let Customers Choose Product Pick Up Times Online Apple Says Social-Distancing Guidelines Will Limit Number Of Customers In Stores, May Create Delays For Walk-In Customers Apple To Reopen Small Number Of U.S. Stores In Idaho, South Carolina, Alabama And Alaska Starting Next Week; Says It Will Require Customers To Wear Masks, Undergo Temperature Checks Before Entering Stores Apple To Reopen Germany Retail Stores May 11 Along With Dramatic Jobs Data, Investors Scrutinize Recent Earnings From Uber, Square Spotify CEO's Apple Barb Backfires As Sonos Points Out The 'Solid Irony'",7
2020-05-11,AAPL,76.25038146972656,0.0157355164068437,-0.0114280254025048,-0.0001587906694722,0.0209337152298826,0.3323124270894886,"Cruise Line Earnings Later This Week Could Provide Insight On Brutal Quarter For Industry Trump, Intel, TSMC Plan US 'Self-Sufficiency' In Semiconductors As Coronavirus Gives Supply-Chain Scare",2
2020-05-12,AAPL,75.37899017333984,-0.0114280254025048,-0.0120744022692135,0.005555220987695,0.0186953394632712,0.2967793133744844,"Apple Plans for More Workers to Go Back to Offices Over Months ""Stay at Home"" Stocks Still Rule the Roost as Nvidia, Microsoft, Apple Start Week Firmly Caution Ahead: Biggest Blue-Chips Seek Change, Innovation Post-COVID-19 Analyst Polishes Apple Price Target On 'Teflon-Like' Services, iPhone 12 Outlook Wedbush Maintains Outperform on Apple, Raises Price Target to $350 Apple Unveils Update To Logic Pro Not Just Fun And Games: How Esports Could Offer Potential Investment Opportunities Disney Plans Another Bonds Offering With A Six-Part Deal",8
2020-05-13,AAPL,74.46883392333984,-0.0120744022692135,0.0061432596722044,0.0376399260755724,0.018818629265302,0.2987364783066675,"Apple Plans To Bring Employees Back To Office Even As Tech Peers Hold Off Retail Pro Says Giants Like Amazon, Walmart Will Prevail After Coronavirus: 'It's Not Fair' Apple Encourages Chinese Tech Company To Rival Foxconn, Aims To Foster Competition",3
2020-05-14,AAPL,74.92631530761719,0.0061432596722044,-0.0059118750904972,0.0236158326937008,0.0188042320789974,0.2985079300594213,"'Apple supplier TSMC is reportedly building an Arizona chip plant' -The Verge 'Apple's computerized glasses won't be ready until 2022 'at the earliest,' top analyst says' -CNBC Article The Mixed Sony Effect Report: FBI Seizes Sen. Richard Burr's Phone In Investigation Of Coronavirus Stock Sell-Off",4
2020-05-15,AAPL,74.48336029052734,-0.0059118750904972,0.0235611460497078,0.0363324303370293,0.01850008497098,0.2936797444006611,"13F From Buffett's Berkshire Shows Maintained Stake In Apple US To Block Shipments Of Semiconductors To Huawei: Report Quick Retreat: Impressive Thursday Turnaround Halted in Its Tracks Amid Fresh Trade Tiff Apple shares are trading lower on reports the company is among those China could retaliate against after the US announced it will block chip shipments from Huawei. China's Global Times Mentions Qualcomm, Cisco, Apple And Boeing As 'four companies named by Chinese sources as possible targets for retaliation amid US moves against China's Huawei' A Peek Into The Markets: US Stock Futures Up Ahead Of Economic Reports Amazon To Manufacture Face Shields And Sell Them At Cost Taiwanese Apple Supplier TSMC To Build $12B US Chip Factory After Months Of Pressure From Trump Administration Apple Confirms Acquisition Of Virtual Reality Startup NextVR",9
2020-05-18,AAPL,76.23827362060547,0.0235611460497078,-0.0057784165105276,0.0056198007686207,0.0179583919788516,0.2850806347359509,"Here's How Much Investing $1,000 In The 2015 Fitbit IPO Would Be Worth Today More Than 25 US Apple Stores To Reopen, 100 Now Open Around The World",2
2020-05-19,AAPL,75.79773712158203,-0.0057784165105276,0.0194477864583464,0.0158712248593628,0.015952165916945,0.2532327833344629,"Telemedicine A COVID-19 Winner Walmart Earnings Look Strong Across the Board, But Home Depot Down After Missing on EPS Sony To Convert Its Financial Subsidiary Into Wholly Owned Unit Through $3.7B Tender Offer 'Apple buys older shows for TV+, stepping up Netflix challenge' -Earlier SCMP Report",4
2020-05-20,AAPL,77.27183532714844,0.0194477864583464,-0.0074551444317603,-0.0030695562694716,0.0154389265743087,0.2450853613524436,"'COVID-19 exposure notification settings begin to go live for iOS users with new update' -TechCrunch Facebook Plans To Resume Work In Office In July At 25% Capacity And Safety Measures In Place A Peek Into The Markets: US Stock Futures Climb Ahead Of Earnings, Fed Minutes Why Sony Sold Streaming Rights For Tom Hanks Movie To Apple Instead Of Waiting Out The Pandemic Smartphone Sales Picking up in China Apple Looking To Diversify Its Manufacturing Base, Will Make Headphones In Vietnam",6
2020-05-21,AAPL,76.69576263427734,-0.0074551444317603,0.0064378935460609,0.0034400821195013,0.015598081071038,0.2476118606627441,"Apple Is Seeking An Executive To Lead Original Podcast Effort, Is Buying Original Podcasts That Would Be Exclusive; New Podcasts Will Help Promote TV+ Video Service Evercore ISI Analyst Amit DAryanani Says Apple Can Exceed $100 Billion In Services Revenue In The Fiscal Year Ending In September 2024 Apple Vs. Tesla: Morgan Stanley Breaks Down The Parallels As The Global Economy Weighs Fears Of A Recession, Travel Is Already In A Depression Hearing Evercore ISI Raises Price Target On Apple From $330 To $345 Apple's Face ID Will Allow Mask Wearing Users To Unlock Their Phones Quickly",6
2020-05-22,AAPL,77.18952178955078,0.0064378935460609,-0.006772995195893,0.0092826357798976,0.0147531225739059,0.2341985603532496,The Secret to Tech's Resilience to COVID-19- Infrastructure Expansion,1
2020-05-26,AAPL,76.66671752929688,-0.006772995195893,0.00435681261357,0.0208693324416899,0.0149934017414948,0.2380128738892686,"Study: 34% Of Americans Report Looking Through Their Partner's Phone Without Permission Apple To Reopen ~100 More US Stores This Week 'FAANG Stocks Are Strong Once Again,' Facebook, Amazon, Netflix Hit Record Highs Last Week",3
2020-05-27,AAPL,77.00074005126953,0.00435681261357,0.0004403208238556,0.0220363530219691,0.0140775410721767,0.2234740364896631,"Leidos Awarded $84.6M Payment from VirnetX  Lawsuit vs Apple The Most Popular Smartphone Model Of Q1 This New Tool Will Tell You Whether Or Not An Options Spread Is A Good Deal B of A Securities Maintains Buy on Apple, Raises Price Target to $340 3 Apple Analysts Lift Price Targets: Why They're Optimistic On iPhone's Trajectory 'LG reportedly supplying 20 million OLED panels for 'iPhone 12 Max'' -AppleInsider Same Old Leadership Song Lifts These Leveraged ETFs Deutsche Bank Maintains Buy on Apple, Raises Price Target to $320 YouTube Makes Its Dedicated Children App Available On Apple TV Samsung Display Secures Majority of Panel Orders for Next-gen iPhone",10
2020-05-28,AAPL,77.0346450805664,0.0004403208238556,-0.0009741425371777,0.0127885424357623,0.0127331690074069,0.2021327915721238,"Trump's Executive Order To Expose Social Media To Lawsuits Over Content Policies Costco Earnings On Tap After Close As Investors Mull Strong Toll Brothers Results Martin Scorsese's Next Movie Will Be Financed By Apple: Report Tech Companies Aren't 'State Actors,' Judge Dismisses Conservative Bias Lawsuit Against Facebook, Twitter, Google, Apple",4
2020-05-29,AAPL,76.95960235595703,-0.0009741425371777,0.0122979020345388,0.0426493883515712,0.0122356901410091,0.1942355593941306,"Costco Shares Come Under Pressure Despite Strong Earnings, Same-Store Sales",1
2020-06-01,AAPL,77.90604400634766,0.0122979020345388,0.0046293807223976,0.0360726806505851,0.0113783167685788,0.1806251790490547,"Gun, Security Stocks Trade Higher After Weekend Protests Turn Violent And Destructive Carter Worth And Mike Khouw's Apple Trade Apple Pays Hacker From India $100,000 For Discovering Serious 'Sign In With Apple' Vulnerability Volume Production of New iPhone Models to Begin in Q3 2020 Apple CEO Writes To Employees About George Floyd Death, Urges For 'Better, More Just World For Everyone' Amazon, Apple, Walmart, Other Retailers Shutter Stores, Scale Back Operations In Areas Worst Hit With Protests",6
2020-06-02,AAPL,78.2667007446289,0.0046293807223976,0.0055049566835465,0.0638646330244956,0.0111988060369442,0.1777755345276203,"'Apple is tracking iPhones stolen by looters' -Earlier NY Post Article MoneyGram Shares Jump 50% As Western Union Reportedly Looks For Acquisition Hearing Susquehanna Check Suggests Total iPhone 12 Builds Tracking To 10M, Below Firm's Expectation Of 25M; Unconfirmed Tesla CEO Musk Says Other Three Officers Should Be Charged In Floyd's Murder Case A Peek Into The Markets: US Stock Futures Up; Crude Oil Rises Over 2% Pepper Spray, Books On Racism, 'I Can't Breathe' Merchandise Are Top Sellers On Amazon As Protests Rage Apple Cuts iPhone Prices in China To Push Sales As Country Reopens Economy",7
2020-06-03,AAPL,78.69755554199219,0.0055049566835465,-0.0086120798685725,0.0852609867178488,0.010955499546668,0.1739131637337878,"Warner Music CEO On IPO: Music Is The 'Only Global Language' Morgan Stanley Bullish On Rising App Store Revenue, Raises Apple Price Target A Look Into Apple's Price Over Earnings Zoom Initially Slips Despite Strong Earnings, Then Reverses Course In Pre-Market Trading Morgan Stanley Maintains Overweight on Apple, Raises Price Target to $340 Warner Music Set To Go Public Today, In Anticipated Largest US IPO Of The Year Peloton Makes Its Fitness App Available On Apple TV After Pandemic Demand Surge",7
2020-06-04,AAPL,78.01980590820312,-0.0086120798685725,0.0284809272485255,0.0421320230795136,0.0112520583031942,0.178620888047109,"FAANG Stocks Seem Immune To COVID-19 'Apple's #iPhone to join Beijing's 12.2 billion yuan ($1.7 billion) consumption voucher program: report. The discount for each purchase is a maximum of 400 yuan.' -Tweet From China's Global Times Why Genius Brands Is On A Massive Rally, Adding Nearly 2500% Value In A Month",3
2020-06-05,AAPL,80.24188232421875,0.0284809272485255,0.0059126420589601,0.0220212781332078,0.0124807555457913,0.1981258520901245,"ESPAÑOL • Cannabis en Argentina, Blockchain Uruguayo, Elon Musk, Warren Buffett, Jeff Bezos, Isiah Thomas, y Canopy Growth PreMarket Prep Stock Of The Day: Genius Brands Airlines, Casino Stocks Getting A Lift In Pre-Market Trading as Surprising Jobs Report Gets Digested Stocks That Hit 52-Week Highs On Friday No Surprise: Guess What Market Is Leading Post-Virus Equity Rebound Wedbush Maintains Outperform on Apple, Raises Price Target to $375 Credit Suisse Maintains Neutral on Apple, Raises Price Target to $295 FaZe Clan Celebrates 10-Year Anniversary With G FUEL And Apple Beats US Debt Market Raised $22.5B This Week, The Highest Since 2007: FT Apple $425 Per Share Case 'On The Horizon,' Analyst Says",10
2020-06-08,AAPL,80.71632385253906,0.0059126420589601,0.0315778877373069,0.0285790172642761,0.011644612009104,0.1848524849395525,Munster Says Under-The-Radar Apple TV+ Will Contribute 20% Of Cupertino's Net Income Growth Airlines Soar Again In Pre-Market Trading Amid More Reopening Optimism Apple Gets Patent For Socially-Distanced Group Selfies,3
2020-06-09,AAPL,83.26517486572266,0.0315778877373069,0.0257275856024699,0.0235183506871572,0.0129700250730676,0.2058927650496567,"Why Apple's Stock Is Trading Higher Today Apple Could Announce In-House Chips For Macs At WWDC: Report Apple shares are trading higher despite market weakness, not currently seeing company-specific news. It was reported the company is expected to begin iPhone 12 production in July. Sonos Shares Spike To Session High, Now Up 9.5%, As Citron's Andrew Left, Currently Interviewing On FOX Business, Said Co. Could Be Acquired By Apple Or Amazon 'iPhone 12 Production Expected to Begin in July' -MacRumors Cramer: NASDAQ Rebound Makes Sense As It Better Represents Economy Google Maps To Offer Relevant Local COVID-19 Information For Public Transport, Driving And Testing Centers IBM Discontinues Facial Recognition Technology, Says It Can't Condone 'Racial Profiling' Or 'Mass Surveillance'",8
2020-06-10,AAPL,85.40738677978516,0.0257275856024699,-0.0480104679817807,-0.0035430738101518,0.0132285458087319,0.209996654501583,"Tech Stocks And FAANGS Strong Again To Start Day As Market Awaits Fed 10 Biggest Price Target Changes For Wednesday Benzinga Pro's Top 5 Stocks To Watch For Wed., Jun. 10, 2020: AAPL, BAC, NIO, SONO, GLW Deutsche Bank Maintains Buy on Apple, Raises Price Target to $350 Apple To Let Users Trade In Their Mac Computers For Credit At US, Canada Stores: Report Big Tech Reaches New Record Heights At The Stock Market",6
2020-01-09,ADBE,340.45001220703125,0.0076361237373234,-0.0018799078439988,0.0144808121574784,,,Stocks That Hit 52-Week Highs On Thursday,1
2020-01-10,ADBE,339.80999755859375,-0.0018799078439988,0.0171272398282371,0.0292221910689045,,,"Stocks That Hit 52-Week Highs On Friday B of A Securities Reiterates Buy on Adobe, Raises Price Target to $400 Jefferies Maintains Buy on Adobe, Raises Price Target to $390",3
2020-01-13,ADBE,345.6300048828125,0.0171272398282371,-0.0028932673259634,0.012643564087178,,,"Credit Suisse Maintains Outperform on Adobe, Raises Price Target to $385",1
2020-01-16,ADBE,345.3800048828125,0.0071149542894843,0.0126237341187189,0.0173431876474938,,,"10 Biggest Price Target Changes For Thursday Wells Fargo Maintains Equal-Weight on Adobe, Raises Price Target to $345",2
2020-01-17,ADBE,349.739990234375,0.0126237341187189,0.0007434373331192,-0.0081203077062689,,,"83 Software—Infrastructure Stocks Moving In Friday's Session Stocks That Hit 52-Week Highs On Friday Oppenheimer Upgrades Adobe to Outperform, Announces $410 Price Target",3
2020-01-21,ADBE,350.0,0.0007434373331192,0.000171421595982,0.0132285853794642,,,Stocks That Hit 52-Week Highs On Tuesday 9 Technology Stocks Moving In Tuesday's Pre-Market Session,2
2020-01-22,ADBE,350.05999755859375,0.000171421595982,0.0048563452519212,0.0045706624997843,,,Stocks That Hit 52-Week Highs On Wednesday,1
2020-01-24,ADBE,351.3699951171875,-0.0011087520969121,-0.0127216361181105,-0.0006545250645926,,,Stocks That Hit 52-Week Highs On Friday,1
2020-01-27,ADBE,346.8999938964844,-0.0127216361181105,0.0222831107591048,0.0319977120173369,,,Cleveland Research Upgrades Adobe to Buy 8 Cloud Stocks To Own In 2020,2
2020-01-29,ADBE,351.6600036621094,-0.0083749293060652,0.0144457331495302,0.039498333578491,,,Stocks That Hit 52-Week Highs On Wednesday,1
2020-02-04,ADBE,366.739990234375,0.0244133805429469,-0.0032448123277905,0.0069259110338597,0.0114854533402208,0.1823259193983626,Stocks That Hit 52-Week Highs On Tuesday,1
2020-02-05,ADBE,365.5499877929687,-0.0032448123277905,0.0052250136120675,0.0239092355185717,0.0115568535107925,0.1834593619677653,Stocks That Hit 52-Week Highs On Wednesday,1
2020-02-13,ADBE,374.8399963378906,0.0014694161757264,0.0128855435306585,-0.0050421090313843,0.0111087926974879,0.1763466170623415,"13F From Dan Loeb's Third Point Shows Raised Stake In Five Below, Grocery Outlet, Adobe Stocks That Hit 52-Week Highs On Thursday",2
2020-02-14,ADBE,379.6700134277344,0.0128855435306585,-0.0021597895414904,-0.0586298864233636,0.0112538571205154,0.1786494433868236,Stocks That Hit 52-Week Highs On Friday,1
2020-02-18,ADBE,378.8500061035156,-0.0021597895414904,0.0116932627805497,-0.0819586058078691,0.0111985749239723,0.1777718657229293,Stocks That Hit 52-Week Highs On Tuesday,1
2020-02-19,ADBE,383.2799987792969,0.0116932627805497,-0.0112711525202918,-0.0833333399685126,0.0112949017425684,0.1793010065624768,"Stocks That Hit 52-Week Highs On Wednesday UBS Maintains Buy on Adobe, Raises Price Target to $430",2
2020-02-20,ADBE,378.9599914550781,-0.0112711525202918,-0.0158591391797603,-0.1093519193999627,0.011809755986412,0.1874740643064161,Stocks That Hit 52-Week Highs On Thursday,1
2020-02-24,ADBE,357.4100036621094,-0.0416678054331188,-0.0268879319847628,0.0080299798208802,0.0160922129143882,0.2554559604970395,Shares of several software companies are trading lower as the coronavirus cases surge outside of China. NOTE: The virus has raised fear of a global economic slowdown.,1
2020-02-26,ADBE,351.3399963378906,0.0101782882954817,-0.0393351382372297,0.0356065631468667,0.0163919142726755,0.2602135720667388,"Shares of several software companies are trading higher. Movement appears related to overall market rebound, as the sector has heavily sold off amid recent global weakness.",1
2020-02-27,ADBE,337.5199890136719,-0.0393351382372297,0.0225172029832216,0.0400272878803564,0.0185153030601458,0.2939213240768349,"Shares of companies in the software, technology and semiconductor spaces are trading lower as continued coronavirus fears cause weakness across sectors.",1
2020-03-04,ADBE,363.8500061035156,0.0445254921303388,-0.035234319387565,-0.1336264787731103,0.0236964415878189,0.3761693483912252,Shares of several technology companies are trading higher after Joe Biden took the delegate lead on Super Tuesday. Biden's more 'moderate' economic policies have been seen as more favorable for growth.,1
2020-03-05,ADBE,351.0299987792969,-0.035234319387565,-0.0406233365103098,-0.1881035780671609,0.0249635926883886,0.3962847485051204,"Shares of several technology, semiconductor, and software companies are trading lower as global markets continue to experience volatility amid the coronavirus spread.",1
2020-03-06,ADBE,336.7699890136719,-0.0406233365103098,-0.0919915119499923,-0.0037710872557005,0.0263576896266647,0.4184153513182916,Shares of several technology companies are trading lower. Movement appears market related as markets continue to dip amid the global coronavirus outbreak.,1
2020-03-09,ADBE,305.7900085449219,-0.0919915119499923,0.0869550854994152,-0.0646195402513361,0.032886662398752,0.5220595809482208,"Shares of several companies in the technology, software and semiconductor space are trading lower as equities crash amid coronavirus fears. The virus spread has disrupted economic activity across sectors and caused global macro uncertainty. Just Like With Any Champion, Steady Growth And Earnings Expected From Adobe Here's How Much Investing $100 In Adobe Stock Back In 2010 Would Be Worth Today",3
2020-03-10,ADBE,332.3800048828125,0.0869550854994152,-0.0515975499264191,-0.0618870179374091,0.0390626315296801,0.6201000514997064,Shares of several technology companies are trading higher as markets look to rebound from Monday's selloff. The technology sector has been highly impacted by the coronavirus due to its China exposure and sensitivity to economic conditions.,1
2020-03-11,ADBE,315.2300109863281,-0.0515975499264191,-0.0958982645457549,-0.0654126349526408,0.0404373298379865,0.6419227106088246,"Shares of several companies in the technology, software and semiconductor space are trading lower as equities sell off amid coronavirus fears. The virus spread has disrupted economic activity across sectors and caused global macro uncertainty.",1
2020-03-12,ADBE,285.0,-0.0958982645457549,0.1771929824561404,0.0789824904057017,0.0446782051334882,0.7092445188476353,"10 Stocks Moving In Thursday's After-Hours Session Adobe shares are trading higher after the company reported better-than-expected Q1 EPS and sales results. Adobe Sees Q2 Adj. EPS ~$2.35 vs $2.33 Estimate, Sales ~$3.175B vs $3.22B Est. Adobe Sees Enterprises Deferring Bookings Decisions, Consumers Reducing Spending, Software License Sales Being Impacted By Coronavirus Adobe Q1 Adj. EPS $2.27 Beats $2.23 Estimate, Sales $3.09B Beat $3.05B Estimate Morning Market Stats In 5 Minutes Shares of several technology, software and semiconductor companies are trading lower as equities sell off amid continued global coronavirus concerns. The virus has caused global economic disruption and negatively impacted stocks across sectors. Q1 Earnings Preview: Adobe 8 Stocks To Watch For March 12, 2020 Earnings Scheduled For March 12, 2020",10
2020-03-13,ADBE,335.5,0.1771929824561404,-0.1474515684670734,-0.1197019483222335,0.0616431490092284,0.9785546538558968,"88 Stocks Moving In Friday's Mid-Day Session Adobe Beats Q1 Targets, But Expects A Coronavirus-Caused Hit In Q2 Benzinga's Top Upgrades, Downgrades For March 13, 2020 Stifel Maintains Buy on Adobe, Lowers Price Target to $325 Adobe shares are trading higher after the company reported better-than-expected Q1 EPS and sales results. JP Morgan also upgraded the company's stock from Neutral to Outperform. UBS Maintains Buy on Adobe, Lowers Price Target to $344 Credit Suisse Maintains Outperform on Adobe, Lowers Price Target to $370 Citigroup Maintains Neutral on Adobe, Lowers Price Target to $293 Cowen & Co. Maintains Market Perform on Adobe, Raises Price Target to $325 Wells Fargo Maintains Equal-Weight on Adobe, Lowers Price Target to $315",13
2020-03-16,ADBE,286.0299987792969,-0.1474515684670734,0.0901304020183872,0.0742579111457604,0.0693097457969261,1.1002581048706257,"Morgan Stanley Maintains Overweight on Adobe, Lowers Price Target to $366 Shares of several technology stocks are trading lower amid demand and supply chain disruption concerns driven by coronavirus. 144 Biggest Movers From Friday",3
2020-03-17,ADBE,311.80999755859375,0.0901304020183872,-0.0551618368291706,-0.0058048092516778,0.0729618390507569,1.1582332879573425,"Adobe shares are trading higher as tech stocks rebound following Monday's crash. Oppenheimer analysts today maintained an Outperform rating on the stock and raised the price target from $375 to $410. Oppenheimer Maintains Outperform on Adobe, Raises Price Target to $410 CFRA Maintains Buy on Adobe, Lowers Price Target to $359",3
2020-03-18,ADBE,294.6099853515625,-0.0551618368291706,0.0437867861086538,0.0383558564624426,0.0735799410726955,1.168045353366837,"Shares of several technology, software and semiconductor companies are trading lower as equities sell off amid continued global coronavirus concerns. The virus has caused global economic disruption and negatively impacted stocks across sectors.",1
2020-03-19,ADBE,307.510009765625,0.0437867861086538,-0.0395759911588243,0.049299220125107,0.0745741809437831,1.183828422021494,"Shares of several technology companies are trading higher, rebounding from earlier weakness. Markets have been volatile amid the coronavirus outbreak, with central banks and governments around the world enacting stimulus measures. Shares of several technology, software and semiconductor companies are trading lower amid continued global coronavirus concerns. The virus has caused global economic disruption and negatively impacted supply chains for many tech companies. UPDATE: Several stocks in the sector have since reversed.",2
2020-03-20,ADBE,295.3399963378906,-0.0395759911588243,0.0403940977304424,0.0355183529642009,0.0748972499060072,1.1889569828037063,"Shares of several technology companies are trading higher. Market strength has been attributed to strong containment measures taken by California, rebound in oil, central bank actions and expectations of increased technology usage amid the virus outbreak.",1
2020-03-23,ADBE,307.2699890136719,0.0403940977304424,0.0088847303151582,0.0361897550439618,0.0752584802847318,1.194691337292347,"Shares of several technology, software, and semiconductor companies are trading higher as stocks move higher following Monday morning Fed stimulus action.",1
2020-03-25,ADBE,305.9100036621094,-0.0131935365738407,0.0547873870255553,-0.0153640356665897,0.0750972519988661,1.1921319176000882,"Morgan Stanley Maintains Overweight on Adobe, Raises Price Target to $375",1
2020-03-26,ADBE,322.6700134277344,0.0547873870255553,-0.0521896245535077,-0.0579850038554839,0.0757290217835344,1.202160952016551,Shares of several software companies are trading higher after the Senate passed a $2 trillion stimulus package in relief to the coronavirus pandemic. The coronavirus outbreak has caused many equities across sectors to be very volatile.,1
2020-03-27,ADBE,305.8299865722656,-0.0521896245535077,0.0410686611111759,-0.0399568445124187,0.0764231493050566,1.2131798848172313,"Shares of several technology, semiconductor and software companies are trading lower as a potential sell-off from this week's strength. While US stimulus legislation has boosted economic optimism, demand concerns still exist amid the coronavirus. Cramer Reveals Stock Favorites, Says Intuitive Surgical A 'Winner'",2
2020-03-30,ADBE,318.3900146484375,0.0410686611111759,-0.0004711969821923,0.0023241628202193,0.0763328618069876,1.2117466152188994,Shares of several technology companies are trading higher as equities continue to rise following last week's rebound amid US stimulus measures.,1
2020-03-31,ADBE,318.239990234375,-0.0004711969821923,-0.0535130697017516,-0.02925464380431,0.0760121835037853,1.2066560049721335,"Piper Sandler Maintains Overweight on Adobe, Lowers Price Target to $350",1
2020-04-01,ADBE,301.2099914550781,-0.0535130697017516,0.0091298432257023,0.0530194936215615,0.0760298085422693,1.2069357937841931,"Shares of several technology, semiconductor, and software companies are trading lower amid market weakness as macro concerns continue to grow as a result of the coronavirus pandemic. The White House said it expects a surge in cases over the next 2 weeks.",1
2020-04-06,ADBE,319.1300048828125,0.0869180913608671,-0.0319619341677909,0.0678093059247304,0.0752907056770613,1.1952028995363797,Adobe Co-Founder Dr. Charles M. Geschke To Retire From Board Of Directors Shares of several semiconductor and large technology stocks are trading higher with the broader market on optimism that coronavirus cases in several US hotspots appear to be reaching their peak.,2
2020-04-08,ADBE,317.17999267578125,0.0267050794535779,0.004792293228923,0.0804591087727792,0.0723748863926391,1.1489157033688553,The Show Must Go On – Event Industry Rising To The Challenge Of COVID-19,1
2020-04-14,ADBE,340.7699890136719,0.0627475300176767,-0.0241218460712904,-0.034568768257419,0.0455564449908506,0.7231861443719102,"Shares of several technology companies are trading higher as markets gain on positive coronavirus outlook. Optimism surrounding the virus has led to hopes of an upcoming return to economic activity, which would benefit the sector.",1
2020-04-16,ADBE,342.70001220703125,0.0305218005913188,0.0041143072492202,-0.0213890190509113,0.0399320457983909,0.633901575147505,"Shares of several technology and software companies are trading higher amid market volatility. Strength potentially in anticipation of a reopening of the economy, as well as the current work-from-home environment, which has possibly been a positive catalyst.",1
2020-04-21,ADBE,328.989990234375,-0.0460740385741899,0.0236481321931842,0.0135567102496914,0.0386462722084568,0.6134905521797028,Shares of several technology companies are trading lower amid overall market weakness following a collapse in oil prices. Oil has been negatively impacted by excess supply and low demand amid the coronavirus pandemic.,1
2020-04-29,ADBE,349.1700134277344,0.0471435017100643,0.0128017900988175,0.0382334538263562,0.0369899382673752,0.5871970660026388,"Shares of several technology companies are trading higher amid market strength following positive data from a study of Gilead's Remdesivir, which is being evaluated for coronavirus. A successful treatment could mean a sooner return to economic activity. NOTE: Some names may also be moving in sympathy following recent earnings from Google and some semiconductor companies.",1
2020-04-30,ADBE,353.6400146484375,0.0128017900988175,-0.0277118479374832,0.0371563838552664,0.0343169371341055,0.5447644884856851,"'Fast Money' Traders Answer Questions On Uber, Chipotle And More BMO Capital Maintains Outperform on Adobe, Raises Price Target to $375",2
2020-05-06,ADBE,362.5199890136719,0.0179428412187905,0.0117511030970056,-0.0109235120133713,0.0274913264475477,0.4364112779490242,Shares of several technology companies are trading higher amid positive market sentiment as some US states and China begin easing lockdown restrictions. Investors also weigh recent earnings from companies in the space.,1
2020-05-14,ADBE,355.3900146484375,-0.0088408716302443,0.0278847821718752,0.0753538300894256,0.0233959772777307,0.3713996253371616,"Benzinga's Top Upgrades, Downgrades For May 14, 2020 DZ Bank Downgrades Adobe to Hold, Announces $370 Price Target",2
2020-05-20,ADBE,383.6300048828125,0.0307092753920261,-0.0038057280100499,-0.0099054251809831,0.0214921504769809,0.3411773118124196,"Shares of several technology companies are trading higher as equities gain amid strength in oil, strong earnings from Lowe's, and optimism towards a US economic rebound.",1
2020-05-26,ADBE,376.6300048828125,-0.0224004689406061,-0.0038764608133979,0.0366672792383886,0.0218527907927166,0.3469022993415023,Stocks That Hit 52-Week Highs On Tuesday,1
2020-05-27,ADBE,375.1700134277344,-0.0038764608133979,0.0124209637704129,0.0393155088948524,0.0189495113326969,0.3008141667150977,"Shares of several companies in the broader technology sector are trading lower despite market strength. Weakness potentially related to business reopenings and eased lockdown restrictions, as several names in the tech sector have benefited from work-from-home, home entertainment and e-commerce trends amid the pandemic.",1
2020-06-04,ADBE,385.7999877929687,-0.010566335383883,0.0184033341839442,0.0048471376203598,0.0143137063033037,0.2272230433089568,Stocks That Hit 52-Week Highs On Thursday,1
2020-06-08,ADBE,397.7799987792969,0.0124204758427617,-0.001558638239957,0.0089496645621163,0.0147242605008139,0.2337403891469109,"UBS Maintains Buy on Adobe, Raises Price Target to $450",1
2020-01-02,AMD,49.099998474121094,,-0.010183299705468,-0.0026476019848856,,,"Advanced Micro Devices shares are trading higher after Nomura Instinet maintained a Buy rating on the stock and raised the price target from $40 to $58. UPDATE: Nomura Instinet Maintains Buy On Advanced Micro Devices, Raises Target To $58 As Firm Expects Co. 'to continue strengthening its competitive position in 2020 through a steady stream of new product introductions on 7nm and 7nm+ technologies' 2020 Vision: Rally Mode To Start Off Decade As Last Year's Strength Rolls Along 10 Biggest Price Target Changes For Thursday 24 Technology Stocks Moving In Thursday's Pre-Market Session Nomura Instinet Maintains Buy on Advanced Micro Devices, Raises Price Target to $58",6
2020-01-03,AMD,48.599998474121094,-0.010183299705468,-0.0043209689519738,-0.0088477431826412,,,22 Technology Stocks Moving In Friday's Pre-Market Session,1
2020-01-06,AMD,48.38999938964844,-0.0043209689519738,-0.002893147167065,0.0074395663337945,,,AMD Unveils Four New Desktop And Mobile GPUs Advanced Micro Devices Option Alert: Feb 21 $45 Calls Sweep (33) near the Ask: 1500 @ $5.651 vs 9332 OI; Earnings 1/28 After Close [est] Ref=$48.245 12 Technology Stocks Moving In Monday's Pre-Market Session,3
2020-01-07,AMD,48.25,-0.002893147167065,-0.0087046252631153,-0.0008290345187014,,,"Morgan Stanley On AMD At CES: 'Impressive Group Of Products, But Nothing Particularly Surprising' 10 Biggest Price Target Changes For Tuesday Wells Fargo Maintains Overweight on Advanced Micro Devices, Raises Price Target to $55 10 Technology Stocks Moving In Tuesday's Pre-Market Session",4
2020-01-08,AMD,47.83000183105469,-0.0087046252631153,0.0238343998746883,0.015053259009879,,,AMD Announces New CPUs and GPUs at CES 2020,1
2020-01-09,AMD,48.970001220703125,0.0238343998746883,-0.0163365944826563,0.0163365165840005,,,"Stocks That Hit 52-Week Highs On Thursday Benzinga's Top Upgrades, Downgrades For January 9, 2020 Advanced Micro Devices shares are trading higher after Mizuho upgraded the stock from Neutral to Buy and raised the price target from $38 to $55 per share. Mizuho Upgrades Advanced Micro Devices to Buy, Raises Price Target to $55",4
2020-01-10,AMD,48.16999816894531,-0.0163365944826563,0.012040727695701,0.0572971193926641,,,"BofA Names Nvidia, Inphi Its Top Semiconductor Stock Picks For 2020 Weaker Than Expected December Jobs Report Might Weigh, But Overall Growth Positive",2
2020-01-14,AMD,48.209999084472656,-0.0110769418569711,0.0070524820378474,0.0667911487627515,,,AMD CPUs Gaining Popularity among PCs,1
2020-01-15,AMD,48.54999923706055,0.0070524820378474,0.0251287588027775,0.0650875364998961,,,"AMD To Report Q4 Results On Tuesday, Jan. 28 After The Close",1
2020-01-16,AMD,49.77000045776367,0.0251287588027775,0.0233072099004001,0.0116535666269408,,,Stocks That Hit 52-Week Highs On Thursday Another Bank Beats: Morgan Stanley Latest To Exceed Expectations On Strong Trading,2
2020-01-17,AMD,50.93000030517578,0.0233072099004001,0.0023561541560126,-0.0327901428163326,,,"Stocks That Hit 52-Week Highs On Friday AMD Poaches Intel Executive To Spearhead Server Business Record Run: Stocks Keep Rolling To New Highs as Housing Data, Earnings Look Solid",3
2020-01-21,AMD,51.04999923706055,0.0023561541560126,0.0074437036982237,-0.0101861011857992,,,Stocks That Hit 52-Week Highs On Tuesday AMD Says 'Nvidia Killer' Graphics Card Is Set For Launch This Year,2
2020-01-22,AMD,51.43000030517578,0.0074437036982237,0.0054442694465373,-0.0762201431145641,,,8 Technology Stocks Moving In Wednesday's Pre-Market Session,1
2020-01-24,AMD,50.349998474121094,-0.0263005344117273,-0.0216484644611881,-0.0665342318896579,,,Intel Analysts Harp On Muted Second Half Outlook Following Stellar Quarter Stocks That Hit 52-Week Highs On Friday Report: Intel Planning For Phased Price Cuts To Take On AMD Challenge 3 Chip ETFs To Buy On Intel's Stellar Forecast Here's How Much Investing $100 In Intel Stock Back In 2010 Would Be Worth Today,5
2020-01-27,AMD,49.2599983215332,-0.0216484644611881,0.025781577365757,-0.0251725112874696,,,"Cisco Appoints AMD President And CEO Dr. Lisa T. Su To Board of Directors Going Viral: Stocks On Their Back As Virus Spreads Heading Into Key Earnings, Fed Week Here's How Much Investing $100 In AMD Stock Back In 2010 Would Be Worth Today 15 Technology Stocks Moving In Monday's Pre-Market Session Shares of several semiconductor companies are trading lower as concerns about the Wuhan coronavirus continue to grow, prompting travel bans in multiple Chinese cities. Reports say the death toll rose to 80 with more than 2,700 people now infected.",5
2020-01-28,AMD,50.529998779296875,0.025781577365757,-0.059766485864255,-0.0213734027794973,,,"AMD Reports Q4 Earnings Beat, Lower Sales Guidance AMD Sees Q1 Sales ~$1.8B +/- $50M vs $1.86B Estimate Advanced Micro Devices Q4 Adj. EPS $0.32 Beats $0.31 Estimate, Sales $2.13B Beat $2.11B Estimate AMD CEO Lisa Su Joins Cisco Board Turnaround Tuesday? Stocks Look To Bounce Back As Apple Earnings Loom Later Advanced Micro Devices Q4 Earnings Preview Earnings Scheduled For January 28, 2020",7
2020-01-29,AMD,47.5099983215332,-0.059766485864255,0.0267312250606428,0.0490423471557701,,,"62 Stocks Moving In Tuesday's Mid-Day Session UPDATE: Wedbush On Advanced Micro Devices Also Notes 'the ramp in console revenues combined with continued growth in server sales makes 2H numbers look eminently achievable, if not beatable.' UPDATE: Wedbush Maintains Outperform on Advanced Micro Devices, Raises PT to $57 Notes 'we view AMD management's confidence that the company will achieve double digit share in the server market by mid-year as a significant positive for forward fundamentals.' AMD Analysts Discuss Server, Data Center Strength And Conservative Guidance UPDATE: Goldman Maintains Neutral On Advanced Micro Devices, Raises Target To $44 As Firm Notes 'we stay Neutral-rated based on': Wedbush Maintains Outperform on Advanced Micro Devices, Raises Price Target to $57 AMD shares are trading lower after the company reported Q4 earnings and issued soft Q1 sales guidance. 3 Technology Stocks Moving In Wednesday's Pre-Market Session UPDATE: B Of A Securities On Advanced Micro Devices Notes 'March 5th analyst day could be positive catalyst as it could provide clarity on the l-t model with EPS power $2+, in our view' UPDATE:B Of A Securities Reiterates Buy On Advanced Micro Devices, Raises Tgt To $62 Notes 'Overall AMD guiding to yet another year of best-in-class 20%+ sales, and accelerating 80% EPS growth in some of the most attractive secular growth compute markets'",13
2020-01-30,AMD,48.779998779296875,0.0267312250606428,-0.0364903407921433,0.0110701297466315,,,7 Semiconductor Stocks To Buy On Coronavirus Weakness 14 Technology Stocks Moving In Thursday's Pre-Market Session 90 Biggest Movers From Yesterday,3
2020-02-04,AMD,49.45000076293945,0.0297792647135342,0.0078867418327872,0.0879676118707206,0.0243497443454702,0.3865402081566926,"Shares of technology companies are trading higher amid a continued rebound in equities following last week's selloff. Shares sold off last week amid coronavirus fears in China, as the sector has exposure to the country. 14 Technology Stocks Moving In Tuesday's Pre-Market Session",2
2020-02-05,AMD,49.84000015258789,0.0078867418327872,-0.0104333959906032,0.0812600165461727,0.0243697294496918,0.3868574618508699,"'How Can You Be Short This Market?': PreMarket Prep Recap For Feb. 5, 2020",1
2020-02-06,AMD,49.31999969482422,-0.0104333959906032,0.008313054540735,0.1056366406470072,0.0244123827182118,0.3875345614975176,Survey Shows AMD Gains Market Share At Intel's Expense In Q4 Advanced Micro Devices shares are trading lower potentially in sympathy with Qualcomm after the company said the coronavirus could have a material impact on its near-term profit forecasts. AMD Shares Down 2%; MarketWatch Opinion Piece From Futurum Research's Daniel Newman 'Why AMD's best days are behind it',3
2020-02-10,AMD,52.2599983215332,0.0508746994286237,0.029468062858563,0.088595507401834,0.0259795199320927,0.4124120935269776,"TD Ameritrade Clients Remained Bullish Through January: 'Where else are they going to put their money?' Investor Movement Index Summary: January 2020 AMD shares are trading higher. The company earlier announced its Radeon Pro W5500 workstation graphics card. Additionally, there have been rumors suggesting Apple could replace Intel's chips in its Macs with AMD chips. AMD Could Replace Intel In Apple's Mac Devices: Unconfirmed Report",4
2020-02-11,AMD,53.79999923706055,0.029468062858563,0.0016728653134607,0.0947955829208484,0.0265353744105572,0.4212360098179303,"Stocks That Hit 52-Week Highs On Tuesday Advanced Micro Devices shares are trading higher after RBC Capital maintained an Outperform rating and raised the price target from $53 to $63. Under Armour Gets Torn Up As Earnings Disappoint, But Coronavirus Fears Retreat Slightly RBC Capital Maintains Outperform on Advanced Micro Devices, Raises Price Target to $63",4
2020-02-12,AMD,53.88999938964844,0.0016728653134607,0.0118760326015401,0.0627203768119635,0.0262736504976399,0.4170812715035024,Nvidia Analysts Raise Price Targets Ahead Of Q4 Print Stocks That Hit 52-Week Highs On Wednesday,2
2020-02-13,AMD,54.529998779296875,0.0118760326015401,0.0143041007052118,-0.0229231620755983,0.0263067579584569,0.417606836150678,"Stocks That Hit 52-Week Highs On Thursday Coronavirus Fears Back On Big Earnings Day As Alibaba, PepsiCo, Nvidia All Report",2
2020-02-14,AMD,55.310001373291016,0.0143041007052118,0.0285662263085821,-0.1119147041713034,0.0260055046332216,0.4128245878694546,"Stocks That Hit 52-Week Highs On Friday Benzinga Pro's Top 5 Stocks To Watch For Fri., Feb. 14, 2020: TSLA, ROKU, CRON, YELP, AMD",2
2020-02-18,AMD,56.88999938964844,0.0285662263085821,0.0353313791139924,-0.163824921687731,0.0262195184439193,0.4162219517908916,AMD shares are trading higher despite weakness in several other semiconductor names. Semis have seen weakness today after Apple said it does not expect to meet its quarterly sales targets as a result of the Coronavirus. Stocks That Hit 52-Week Highs On Tuesday,2
2020-02-19,AMD,58.900001525878906,0.0353313791139924,-0.0276740411865534,-0.1937181587745612,0.0270112322869531,0.4287900194200592,"Why AMD's Coronavirus Impact Could Be Worse Than Intel, Nvidia Synopsys Announces AMD Has Deployed Co.'s Fusion Compiler RTL-to-GDSII Product 4 Breakout Stocks To Watch: 2/19/2020 Shares of several semiconductor companies are trading higher potentially on a rebound following weakness in the sector amid concerns of the coronavirus impeding production and demand. Stocks That Hit 52-Week Highs On Wednesday",5
2020-02-20,AMD,57.27000045776367,-0.0276740411865534,-0.0696700130360467,-0.2315348704425042,0.028134972296084,0.4466288390347818,"Advanced Micro Devices shares are trading lower after Wells Fargo downgraded the stock from Overweight to Equal-Weight and announced a $64 price target. UPDATE: Wells Fargo Downgrades Advanced Micro Devices to Equal-Weight, Announces $64 Price Target As Firm Notes 'we view shares offering a balanced risk/reward at current levels.' AMD Approaching Levels That Present More Balanced Risk-Reward, Analyst Says Wells Fargo Downgrades Advanced Micro Devices to Equal-Weight, Announces $64 Price Target",4
2020-02-21,AMD,53.279998779296875,-0.0696700130360467,-0.0780780770030454,-0.1463963854310637,0.0328065112003391,0.5207872201185145,"AMD's Stock Could Be Due For A Pullback, These 2 Pros Say Shares of several semiconductor companies are trading lower. Weakness potentially related to the ongoing conronavirus outbreak in China, which has hurt economic activity across sectors including the semi sector, which has China exposure.",2
2020-02-24,AMD,49.119998931884766,-0.0780780770030454,-0.0315553597468507,-0.0337947859020528,0.0369410507283372,0.5864210003796105,"Rough Start To New Week As Apple, Chip Stocks, Travel And Leisure Sector Hit Hard By Virus Shares of several semiconductor companies are trading lower amid continued spread of coronavirus including notable upticks in Iran and Italy. NOTE: The virus has raised fear of a global economic slowdown. 25 Technology Stocks Moving In Monday's Pre-Market Session",3
2020-02-25,AMD,47.56999969482422,-0.0315553597468507,-0.0016816904954936,-0.0172377485828203,0.0373031634809346,0.5921693621192371,"Shares of several semiconductor companies are trading higher as markets partially rebound from Monday's dip. NOTE: While some markets recover, coronavirus fears still persist globally.",1
2020-02-26,AMD,47.4900016784668,-0.0016816904954936,-0.0732786530624933,0.0551694849291348,0.0367643301723753,0.5836156485238417,"AMD Retains Strong Grip On Retail CPU Market Despite COVID-19 Threat, Report Says",1
2020-02-27,AMD,44.0099983215332,-0.0732786530624933,0.0334015286699951,0.0931607008676551,0.0379773508736328,0.6028717551880449,"'AMD has sold more GPUs than Nvidia, according to this analyst report' -TechRadar Shares of companies in the software, technology and semiconductor spaces are trading lower as continued coronavirus fears cause weakness across sectors. 10 Technology Stocks Moving In Thursday's Pre-Market Session",3
2020-02-28,AMD,45.47999954223633,0.0334015286699951,0.0435356104257991,0.0683817203529952,0.0382813522586987,0.6076976275666661,25 Technology Stocks Moving In Friday's Pre-Market Session,1
2020-03-02,AMD,47.459999084472656,0.0435356104257991,-0.0149599472854803,-0.0882848442380146,0.0387522507177619,0.6151729088593344,"What To Expect From AMD's Analyst Day B of A Securities Reiterates Buy on Advanced Micro Devices, Lowers Price Target to $58 AMD shares are trading higher. Stock potentially rebounding following recent market selloffs, although coronavirus fears still persist globally.",3
2020-03-03,AMD,46.75,-0.0149599472854803,0.0718716708096591,-0.0293047899868399,0.0385990529337347,0.6127409694316815,"Benzinga's Top Upgrades, Downgrades For March 3, 2020 Super Tuesday Begins As Investors Eye Earnings From Kohl's, Target, And G7 Disappoints 3 ETFs For Stocks With Positive Earnings Revisions 10 Biggest Price Target Changes For Tuesday 10 Technology Stocks Moving In Tuesday's Pre-Market Session AMD shares are trading higher after analysts at Piper Sandler upgraded the company's stock from Neutral to Overweight and raised their price target from $45 to $56. UPDATE: Shares have since reversed, now lower. Spread of Coronavirus Beyond China to Impact 2020 Semiconductor Market Piper Sandler Upgrades Advanced Micro Devices to Overweight, Raises Price Target to $56",8
2020-03-04,AMD,50.11000061035156,0.0718716708096591,-0.0399121926888751,-0.0880063818339109,0.0413902222196337,0.6570494082171042,Shares of several technology companies are trading higher after Joe Biden took the delegate lead on Super Tuesday. Biden's more 'moderate' economic policies have been seen as more favorable for growth. 8 Technology Stocks Moving In Wednesday's Pre-Market Session,2
2020-03-05,AMD,48.11000061035156,-0.0399121926888751,0.0099771260891035,-0.1891499100679778,0.0423697422827279,0.672598807163977,AMD 2020 Analyst Day Presentation (Livestream Link) AMD Shares Spike Higher As Co. Sees Long-Term Sales Growth 20%,2
2020-03-06,AMD,48.59000015258789,0.0099771260891035,-0.1094875422539153,-0.0965218895242007,0.0423738749938495,0.6726644119191864,"Benzinga's Top Upgrades, Downgrades For March 6, 2020 Deutsche Bank Maintains Hold on Advanced Micro Devices, Raises Price Target to $50 Hearing Analyst Says AMD Analyst Day Was OVerall Positive But Upside Could Be Limited; Unconfirmed 10 Biggest Price Target Changes For Friday Benzinga Pro's Top 6 Stocks To Watch For Fri., Mar. 6, 2020: COST, AMD, JKS, LYFT, MTN, CMG 21 Technology Stocks Moving In Friday's Pre-Market Session Craig-Hallum Upgrades Advanced Micro Devices to Buy Atlantic Equities Upgrades Advanced Micro Devices to Overweight, Raises Price Target to $60 AMD Details Strategy to Deliver Best-in-Class Growth and Strong Shareholder Returns at 2020 Financial Analyst Day",9
2020-03-09,AMD,43.27000045776367,-0.1094875422539153,0.0487635911261696,-0.1053848237820584,0.0488650079122524,0.7757079524941404,"Vulnerability Threat Unearthed In AMD Processors Manufactured Between 2011-2019 Shares of several companies in the technology, software and semiconductor space are trading lower as equities crash amid coronavirus fears. The virus spread has disrupted economic activity across sectors and caused global macro uncertainty.",2
2020-03-10,AMD,45.380001068115234,0.0487635911261696,0.0070515576750185,-0.0771264856240639,0.0487383210683149,0.773696861193487,Shares of several technology companies are trading higher as markets look to rebound from Monday's selloff. The technology sector has been highly impacted by the coronavirus due to its China exposure and sensitivity to economic conditions.,1
2020-03-12,AMD,39.0099983215332,-0.1463895476962776,0.125352561259826,0.0207639427875572,0.0572550772498985,0.9088961741941408,"Shares of several technology, software and semiconductor companies are trading lower as equities sell off amid continued global coronavirus concerns. The virus has caused global economic disruption and negatively impacted stocks across sectors.",1
2020-03-13,AMD,43.900001525878906,0.125352561259826,-0.1182232861278321,-0.0977221131301875,0.0650834805719162,1.033168224310766,"Benzinga's Top Upgrades, Downgrades For March 13, 2020 Northland Upgrades Advanced Micro Devices to Outperform, Raises Price Target to $52.5",2
2020-03-16,AMD,38.709999084472656,-0.1182232861278321,0.0818910374222696,0.0756910455818393,0.0692296973551766,1.09898737525238,Shares of several technology stocks are trading lower amid demand and supply chain disruption concerns driven by coronavirus.,1
2020-03-17,AMD,41.880001068115234,0.0818910374222696,-0.0659026281241372,0.10362941838347,0.0719823047402018,1.142683662839039,"Shares of several technology, semiconductor, and software companies are trading higher, rebounding from Monday's crash. Stocks may also potentially be getting a boost from expectations of further stimulus proposals.",1
2020-03-18,AMD,39.119998931884766,-0.0659026281241372,0.0178936805228007,0.1408487292094362,0.0719873423363283,1.1427636321983776,"Shares of several technology, software and semiconductor companies are trading lower as equities sell off amid continued global coronavirus concerns. The virus has caused global economic disruption and negatively impacted stocks across sectors.",1
2020-03-19,AMD,39.81999969482422,0.0178936805228007,-0.0052737088418398,0.1928679147170868,0.0723767161271094,1.148944749503097,"Shares of several technology companies are trading higher, rebounding from earlier weakness. Markets have been volatile amid the coronavirus outbreak, with central banks and governments around the world enacting stimulus measures.",1
2020-03-20,AMD,39.61000061035156,-0.0052737088418398,0.051249652815364,0.1759656933426454,0.0712624408874008,1.1312561784450228,"Why BofA Says AMD, Nvidia Are High-Quality, High-Beta Stocks In A Volatile Market Wells Fargo Maintains Equal-Weight on Advanced Micro Devices, Lowers Price Target to $50 Shares of several technology companies are trading higher. Market strength has been attributed to strong containment measures taken by California, rebound in oil, central bank actions and expectations of increased technology usage amid the virus outbreak.",3
2020-03-23,AMD,41.63999938964844,0.051249652815364,0.1099904394377406,0.1493756318894037,0.0708411924690669,1.124569067114477,"Intel, AMD Say They're Operating Near Capacity Despite Coronavirus Disruptions Shares of several technology, software, and semiconductor companies are trading higher as stocks move higher following Monday morning Fed stimulus action.",2
2020-03-24,AMD,46.220001220703125,0.1099904394377406,-0.0344006947337701,-0.0160104210065518,0.0750749676751626,1.1917781649281596,"Dave Portnoy And Jim Cramer Talk Stock Market, Nordic American And More Shares of several technology companies are trading higher amid market strength on hopes of a US economic stimulus package agreement.",2
2020-03-26,AMD,47.5,0.0643064948061398,-0.0193683825041118,-0.0633683857164885,0.0747676338284718,1.1868993913612595,"AMD Says Graphics IP Stolen, Vows To Take On Perpetrators Shares of several semiconductor companies are trading higher following a strong Q2 earnings report from Micron.",2
2020-03-27,AMD,46.58000183105469,-0.0193683825041118,0.0274795776938656,-0.0856591138175241,0.0747007753101854,1.185838045286788,"Shares of several technology, semiconductor, and software companies are trading lower as a potential sell-off from this week's strength. While US stimulus legislation has boosted economic optimism, demand concerns still exist amid the coronavirus.",1
2020-03-30,AMD,47.86000061035156,0.0274795776938656,-0.0497283961087219,-0.0071040565869602,0.074337771252861,1.180075534523261,Shares of several technology companies are trading higher as equities continue to rise following last week's rebound amid US stimulus measures.,1
2020-03-31,AMD,45.47999954223633,-0.0497283961087219,-0.0400175838421903,0.0457344294632859,0.075183950258921,1.1935082098113323,The Prize No One Wanted: Dow On Pace For Steepest Q1 Loss Ever As Quarter Finally Ends,1
2020-04-03,AMD,42.59000015258789,-0.0427062588041777,0.1157548787864048,0.196055375538986,0.0740046660094534,1.174787652716451,Shares of several semiconductor and chip companies are trading lower amid overall equity weakness. Macro disruption as a result of the coronavirus pandemic has affected businesses across sectors.,1
2020-04-06,AMD,47.52000045776367,0.1157548787864048,0.0008417700997898,0.1559343387211917,0.0742330740610231,1.1784135181278417,Shares of several semiconductor and large technology stocks are trading higher with the broader market on optimism that coronavirus cases in several US hotspots appear to be reaching their peak.,1
2020-04-07,AMD,47.560001373291016,0.0008417700997898,0.0258620585937803,0.1562237193152891,0.0735961977244583,1.1683034197131266,"Semiconductors Continue To Lead Rally Efforts, While Consumer Staples Keep Lagging",1
2020-04-08,AMD,48.790000915527344,0.0258620585937803,-0.0084033580594098,0.1672473804938012,0.0737446398039497,1.1706598646717157,Intel Gains Market Share Over AMD In March: Survey Shares of several technology companies are trading higher amid overall market strength on optimism that US coronavirus cases could soon leveling off. NOTE: Some names in the sector have potentially benefited from recent work-at-home trends.,2
2020-04-09,AMD,48.380001068115234,-0.0084033580594098,0.0529143758180052,0.1699048620200058,0.0646418672030069,1.0261578294121123,Shares of several technology companies are trading higher amid overall market strength after the US Federal Reserve announced $2.3 trillion in loan programs to further support the economy.,1
2020-04-13,AMD,50.939998626708984,0.0529143758180052,0.0783274791133337,0.1183746124176861,0.0598545306882355,0.9501612182493292,AMD shares are trading higher despite overall market weakness. Not currently seeing company-specific catalyst.,1
2020-04-14,AMD,54.93000030517578,0.0783274791133337,0.0010923242846834,-0.036592064901938,0.0536535402528994,0.8517235468041927,"Webcam, Computer Accessory Demand Booms As Workers Telecommute During Coronavirus Pandemic Shares of several technology companies are trading higher as markets gain on positive coronavirus outlook. Optimism surrounding the virus has led to hopes of an upcoming return to economic activity, which would benefit the sector.",2
2020-04-15,AMD,54.9900016784668,0.0010923242846834,0.0356428264165731,0.0169121015110405,0.0516730978181092,0.8202849977941875,"AMD To Report Q1 Earnings On Tues., Apr. 28, 2020 After Market Close Every Member Of Trump's 'Great American Economic Revival' Industry Groups B of A Securities Yesterday After The Close Maintained Buy on Advanced Micro Devices, Raised Price Target to $62 Shares of several technology companies are trading lower as equities fall amid mixed earnings results from banks, a significant decline in the price of oil and worse than expected retail sales in March.",4
2020-04-16,AMD,56.95000076293945,0.0356428264165731,-0.0061457819864705,-0.0184372119928721,0.0481818552695343,0.7648632404933693,"AMD To Donate $15M Worth Of Computing Systems To Accelerate COVID-19 Medical Research Alibaba, Tesla Among Cramer's Stay-At-Home Stock Ideas Shares of several semiconductor companies are trading higher, potentially in sympathy with Taiwan Semiconductor, which reported better-than-expected Q1 results. Cramer Shares His Thoughts On Yext, Workday And More AMD Eyeing Bigger Presence in Server Processor Market Software Rises Above Semiconductors And Hardware As Tech Heads Into Earnings Season",6
2020-04-17,AMD,56.599998474121094,-0.0061457819864705,0.0065371511759175,-0.0074204625489052,0.0485363278853581,0.7704903188216837,"Big Earnings Day As Honeywell, Procter & Gamble, Schlumberger Among Those Reporting",1
2020-04-20,AMD,56.970001220703125,0.0065371511759175,-0.071090099437913,-0.0084254788827684,0.0482990033143443,0.766722908052237,"Nvidia, Marvell, Monolithic Are Oppenheimer's Top Picks Ahead Of Semiconductor Earnings",1
2020-04-21,AMD,52.91999816894531,-0.071090099437913,0.0566893443651037,0.0489418035185753,0.0516830998702629,0.8204437754497816,Shares of several technology companies are trading lower amid overall market weakness following a collapse in oil prices. Oil has been negatively impacted by excess supply and low demand amid the coronavirus pandemic. BofA's Stock Picks For Income Funds In 'Extremely Volatile' Earnings Season Jerremy Newsome Shares The Rules For His Options Strategy,3
2020-04-22,AMD,55.91999816894531,0.0566893443651037,-0.0003575937718379,-0.0404148497055615,0.0476515427512427,0.7564447902501061,"Why AMD's Stock Is Trading Higher Today Shares of several semiconductor companies are trading higher, potentially in sympathy with Texas Instruments, which reported better-than-expected Q1 financial results.",2
2020-04-23,AMD,55.900001525878906,-0.0003575937718379,0.0050089225698366,-0.0627907341756602,0.0465537289435039,0.7390175363233273,"Shares of several semiconductor companies are trading higher. Strength potentially related to earnings from notable names in the space this week as well as overall market strength amid a rebound in oil. Apple Reportedly Shifting Away From Intel, Will Make Its Own Mac Chips Eli Lilly Kicks Off Earnings Day With A Beat And Investors Prepare For Intel After Close Taiwan Semiconductor Seeing Ramp-up in Orders from AMD, Nvidia",4
2020-04-24,AMD,56.18000030517578,0.0050089225698366,0.0055180023425962,-0.1121395372523723,0.0449293137637556,0.7132307447741335,"Nvidia Reportedly Eyeing 5nm Chips Even As Apple, AMD Ramp Up Orders",1
2020-04-27,AMD,56.4900016784668,0.0055180023425962,-0.0173482621316182,-0.069569838704286,0.044433473572565,0.7053595257586068,"What AMD Analysts Expect From The Chipmaker's Q1 Report Intel Could Reach New Peaks In 2020 And Beyond, Says Bullish BofA Advanced Micro Devices shares are trading higher potentially on overall market strength. Some U.S. states announced plans to reopen their economy in phases, increasing economic activity and optimism around the coronavirus pandemic.",3
2020-04-28,AMD,55.5099983215332,-0.0173482621316182,-0.033327301928659,-0.0598090397263862,0.0446678256788678,0.7090797501136159,"23 Stocks Moving In Tuesday's After-Hours Session AMD Reports Q1 Sales Beat Advanced Micro Devices shares are trading lower after the company reported Q1 earnings results. AMD Sees Q2 Sales ~$1.75B-$1.95B vs $1.92B Estimate Advanced Micro Devices Q1 Adj. EPS $0.180, Inline, Sales $1.790B Beat $1.780B Estimate Morning Market Stats in 5 Minutes Earnings Feast: Bring a Plate With Healthcare and Caterpillar in Morning, GOOGL And AMD Later Tuesday's Market Minute: This Week's Big Market Test Earnings Scheduled For April 28, 2020",9
2020-04-29,AMD,53.65999984741211,-0.033327301928659,-0.0236675449380368,-0.0279537831581329,0.0436847956391838,0.6934746320157557,"CFRA Maintains Buy on Advanced Micro Devices, Raises Price Target to $60 AMD Analysts Eye Valuation, PC Risks, Intel Competition After Q1 Report B of A Securities Maintains Buy on Advanced Micro Devices, Raises Price Target to $65 Nomura Maintains Buy on Advanced Micro Devices, Raises Price Target to $64 UPDATE: Mizuho On Advanced Micro Devices Notes 'we believe JunQ server share is on track for 10% and 2H/1H server growth' UPDATE: Mizuho Maintains Buy On Advanced Micro Devices, Raises Target To $59 Notes 'While the lack of MarQ/JunQ top-line upside could be a modest disappointment for investors, AMD noted MarQ servers grew ""double-digits"" q/q' Mizuho Maintains Buy on Advanced Micro Devices, Raises Price Target to $59 Piper Sandler Maintains Overweight on Advanced Micro Devices, Raises Price Target to $60 UBS Maintains Neutral on Advanced Micro Devices, Raises Price Target to $52 JP Morgan Maintains Neutral on Advanced Micro Devices, Raises Price Target to $52",13
2020-04-30,AMD,52.38999938964844,-0.0236675449380368,-0.0479098749909346,-0.0083985232264751,0.0428606838107887,0.6803922623131157,"Argus Research Maintains Buy on Advanced Micro Devices, Raises Price Target to $66",1
2020-05-01,AMD,49.880001068115234,-0.0479098749909346,0.0537289544464127,0.0663592118627598,0.0446938116356211,0.7094922643885111,Shares of several technology companies are trading lower on market weakness as investor uncertainty grows following quarterly earnings results from multiple companies. NOTE: This could potentially be a sell-off after the S&P 500 rallied 12.7% over the past month.,1
2020-05-04,AMD,52.560001373291016,0.0537289544464127,-0.0070396258925908,0.0605022873304514,0.0442875483437147,0.7030430345653186,Advanced Micro Devices shares are trading higher. Not seeing any news to justify the price action.,1
2020-05-05,AMD,52.189998626708984,-0.0070396258925908,-0.0005747993885081,0.0300823862068613,0.0369800741747735,0.5870404783870372,"Cramer Shares His Thoughts On Nokia, Intel And More",1
2020-05-11,AMD,55.7400016784668,0.0479414009700189,-0.0355221258936291,-0.0206315301623531,0.0365409234251728,0.5800691763579711,Shares of several technology companies are trading higher despite overall market weakness. The sector has performed well recently and has potentially benefited from the work-from-home environment and increased usage of online/virtual platforms.,1
2020-05-14,AMD,54.5099983215332,0.0446530855256877,-0.0056869852896562,0.0025683949487556,0.0344571921551187,0.5469909679200602,NVIDIA Datasheet Shows DGX A100 To Use Dual AMD Rome 7742,1
2020-05-15,AMD,54.20000076293945,-0.0056869852896562,0.0071955605933331,0.0178966308551995,0.0344541749865896,0.5469430718545106,"Nvidia Analyst Says New, Ampere-Based Data Center GPU Makes Chipmaker 'Unassailable' Quick Retreat: Impressive Thursday Turnaround Halted in Its Tracks Amid Fresh Trade Tiff Shares of several technology companies are trading lower for the session amid US-China tensions after the US announced plans to block chip shipments to China's Huawei, negatively impacting names in the chip sector. Equities across sectors are lower for the session following a record drop in US retail sales.",3
2020-05-19,AMD,55.470001220703125,0.0161201880501096,0.0165855083594614,-0.0492157829846487,0.0304914972273204,0.4840375125930317,"AMD shares are trading higher. Not currently seeing company-specific news. Walmart Earnings Look Strong Across the Board, But Home Depot Down After Missing on EPS",2
2020-05-21,AMD,54.650001525878906,-0.0308564972974435,0.0095150343741559,-0.0155535638624978,0.0288585858066043,0.4581158473997606,Here's How Long It Took Nvidia To Reach A $100B Market Cap,1
2020-05-26,AMD,53.189998626708984,-0.0358890630406228,-0.0084601797304093,0.0065802274460411,0.0299333751320636,0.4751775990014734,Linux Founder Switches Allegiance To AMD After 15 Years As Intel Customer,1
2020-05-27,AMD,52.7400016784668,-0.0084601797304093,-0.0189609398592092,-0.0001896499035295,0.0297681240474732,0.4725543193592139,"Chip Stocks Move Higher Following Strong Guidance Out Of Memory Manufacturer Micron: Intel Shares Up 0.1%, AMD Down 3.3%, NVIDIA Down 4% Shares of several companies in the broader technology sector are trading lower despite market strength. Weakness potentially related to business reopenings and eased lockdown restrictions, as several names in the tech sector have benefited from work-from-home, home entertainment and e-commerce trends amid the pandemic.",2
2020-05-29,AMD,53.79999923706055,0.0398144084222378,-0.0031598173114509,-0.0130111667818993,0.0300352773981705,0.4767952473263909,"Cramer Shares His Thoughts On Teva, Oxford Industries And More",1
2020-06-02,AMD,53.540000915527344,-0.0016781680178149,-0.015128900998134,0.0532311995776331,0.0251339770415815,0.3989895162601897,"Option Traders Make Big Bullish Bets On AMD, Texas Instruments Why BofA Recommends Buying GPU Plays AMD and Nvidia Cramer Weighs In On Ciena, Harley-Davidson And More",3
2020-06-09,AMD,56.38999938964844,0.0645648119715092,0.0186203094241086,-0.0342259323650582,0.026723135476227,0.4242166243319066,Shares of several technology companies are trading higher despite market weakness. The sector recently experienced some welling and appears to be rebounding following dip.,1
2020-06-10,AMD,57.439998626708984,0.0186203094241086,-0.0802576062999885,-0.0503133610505452,0.0255545112326202,0.4056652895839194,Shares of several technology companies are trading higher on continued volatility despite market weakness. The sector sold off recently as other sectors gained amid US economic reopening and appears to be rebounding.,1
2020-04-27,AMZN,118.8000030517578,-0.0141978617107605,-0.0260606110425593,-0.0252567631562419,0.0250507805302864,0.3976688125871808,"'Fast Money' Traders Share Their Thoughts On Alibaba, Peloton And More 3 Sector ETFs For This Week's Earnings Parade Amazon Statement Shows Co. Extends Closure Of French Warehouses Til May 5 Will COVID-19 Accelerate The Adoption Of Autonomous Vehicles? SunTrust Robinson Humphrey Maintains Buy on Amazon.com, Raises Price Target to $2770 Apple And Amazon Earnings, Fed Meeting Among Highlights In Busy Week Ahead",6
2020-04-28,AMZN,115.7040023803711,-0.0260606110425593,0.0253361647496579,0.0016075244196469,0.0258245119354546,0.4099514178649944,"UPS Faces Mix/Margin Challenges As COVID-19 Skews Shipping Choices A Coronavirus Department Store Pair Trade Idea To Mitigate Risk Oscar Organizers To Allow Films Released On Streaming Platforms To Be Eligible For 2021 Academic Awards Amazon, Walmart Shares Unaffected Following Earlier Article From The Intercept 'As Amazon, Walmart, Others Profit Amid Coronavirus Crisis, Their Essential Workers Plan Unprecedented Strike' Amazon shares are trading lower. Weakness potentially related to selloff following recent momentum, reopening of physical stores in some US states and potential US anti-competition investigation into co. UPDATE: Feinseth Also Notes Anticompetition Concerns With Allegations Of Co. Potentially Using Sales Data To Create Preferred Pricing, Mentions News Of Judiciary Committee Calling For Investigation Into Co. UPDATE: Feinseth Tells Benzinga 'There are also concerns that the results may not be strong enough and could be risk to guidance that could cause a selloff when the company reports its results after the close on Thursday' Tigress Financial Analyst Ivan Feinseth On Amazon Weakness Notes 'The stock has had an incredible run making new all-time highs in a difficult market' as Co. 'has benefited from being the place to go to during the shelter in place lockdown' Blue Chip Stocks Resisting COVID-19 Earnings Feast: Bring a Plate With Healthcare and Caterpillar in Morning, GOOGL And AMD Later",15
2020-04-29,AMZN,118.635498046875,0.0253361647496579,0.042689574239964,-0.0090402495416015,0.025803465235265,0.409617311857273,"Twitch's New Esports Directory Will Highlight Live Tournaments Overwatch Champion Sinatraa Retires From League, Joins Sentinels VALORANT Roster Amazon Responds To 'Wrongful Inclusion' On Notorious Markets List Today Pickup: Canadian Freight Recovers Off Lows PreMarket Prep Stock Of The Day: Blue Apron Locked Down, Demand Up: Amazon Shines As Virus Economy Plays To Its Strengths US Places 5 Amazon Foreign Web Sites On List Of Platforms Blamed For Facilitating Piracy, Action Being Sought By US Apparel, Footwear Trade Group Ford Terminates Electric Vehicle Program With Rivian Alphabet, Boeing Shares Get A Lift Following Earnings, While GE Falls Short Amazon, NFL Report Renewal Of Exclusive Multi-Year Partnership To Delivery Live Digital Stream Of Thursday Night Football, Will Stream 11 Thursday Night Football Games By FOX",16
2020-04-30,AMZN,123.6999969482422,0.042689574239964,-0.0759740923764892,-0.043003203605663,0.0256439256283871,0.4070846991128894,"Fortnite World Cup 2020 Canceled, Hopes For Return Next Year Amazon Says Seeing More Use Of Prime Video Benefits, Says Video Rentals Have Been Up Amazon Says Increased Grocery Delivery Capacity By More Than 60% Amazon Says Has Seen Lower Demand For Discretionary Products Such As Apparel, Shoes And Wireless Products 12 Stocks Moving In Thursday's After-Hours Session From Amazon Earnings Conference Call: Saw Big Increase In Grocery Sales In Mar. From Amazon Earnings Conference Call: Large Portion Of $4B Will Be Spent On Impact To Productivity Of Social Distancing Practices In Warehouses, Increased Wages, Overtime For Workers From Amazon Earnings Conference Call: Sees Investing $1B In Coronavirus-Testing Capability In 2020 3 Analyst Takes On eBay After 'Big Improvement' In Q1 Amazon Reports Mixed Q1 Earnings, Plans To Spend $4B On Coronavirus-Related Expenses",27
2020-05-01,AMZN,114.302001953125,-0.0759740923764892,0.0131012364875977,0.0409310181318762,0.032516082789444,0.5161768120251384,"Amazon, Exxon Mobil Earnings Weigh On Market To Start New Month As Caution Steers The Wheel Mid-Afternoon Market Update: Dow Tumbles Over 600 Points; International Money Express Shares Climb Today's Pickup: Amazon, Walmart, Instacart Workers To Hold May Day Walkout SunTrust Robinson Humphrey Maintains Buy on Amazon.com, Lowers Price Target to $2700 58 Stocks Moving In Friday's Mid-Day Session Mid-Day Market Update: Hub Group Slides On Downbeat Q1 Results; Medigus Share Jump Amazon Analysts React To Q1 Earnings: Stock Sell-Off Is Short-Sighted JMP Securities Maintains Market Outperform on Amazon.com, Raises Price Target to $2850 UPDATE: Raymond James Maintains Outperform On Amazon, Raises Target To $2,525 As Firm Cites 4 Reasons: Canaccord Genuity Maintains Buy on Amazon.com, Raises Price Target to $2750",40
2020-05-04,AMZN,115.79949951171876,0.0131012364875977,0.0007815221854263,0.040159909638062,0.0323128880698687,0.5129511958508319,"YouTube Signs Gamer PewDiePie to Live Streaming Deal Amazon Plans To Extend Closure Of French Warehouses Until May 8 GM, Disney In Focus Along With Friday's Payrolls Data As Stocks Appear Shaky To Start New Week 4 Sector ETFs For May: 2 To Buy, 2 To Avoid 98 Biggest Movers From Friday",5
2020-05-05,AMZN,115.88999938964844,0.0007815221854263,0.0144361390905318,0.0168910542995117,0.031132299326475,0.4942099305568596,"'An Amazon warehouse worker in New York has died of COVID-19' -The Verge Charles Schwab Launches Fractional Shares, The Ability To Gift Stock Today's Pickup: Idelic Integrates Samsara ELD, Camera Data Into Platform PreMarket Prep Stock Of The Day: Chegg Inc. U.S. Immigration And Customs Working With 3M, Amazon, Pfizer & Others To Curtail Imports Of Counterfeit Masks, Coronavirus Tests, Other Gear Retail Sector Preview: Pandemic Pits E-Commerce Giant Amazon Against Big Box Stores, Mall Outlets Disney, Beyond Meat And Video Game Makers All Set To Report As Firm Tone Continues YouTube Signs Gamer PewDiePie To Exclusive Streaming Deal",8
2020-05-06,AMZN,117.56300354003906,0.0144361390905318,0.006953694859791,0.0070855639786522,0.031165088140035,0.4947304368356474,"A Low-Cost, FAAMNG-Heavy ETF For May Webull Leverages Crisis To Spur Innovation, Financial Wellness Coronavirus Drives Surge In Online Grocery Penetration For Players Like Amazon Prime Now, Walmart Amazon's Brokerage Operation Goes National eBay Reported An Amazing Quarter, But Is It Enough? Amazon Emerges As The Winner Of The COVID-19 Outbreak A Recap Of Social Media Earnings GM, Disney, Beyond Meat Results In Focus, With GM And BYND Getting Early Lift Amid COVID Outbreak, Freighter Demand Boosts ATSG In Q1 Stifel Downgrades Wayfair After Q1 Print, Says Coronavirus Sales Surge Will Dissipate",10
2020-05-07,AMZN,118.38050079345705,0.006953694859791,0.0050683893892959,0.0089710421297664,0.0311182476746205,0.4939868674989592,Former XPO Executive Tapped To Head US Postal Service Amazon Says Planning To Prolong Closure Of French Warehouses Until May 13 'Cramer: Coronavirus could propel plant-based Beyond Meat into a giant like Amazon or Facebook' -CNBC Article Amazon Weighs Direct Investment in India's Future Retail,4
2020-05-08,AMZN,118.98049926757812,0.0050683893892959,0.0123507439429992,0.0126785410617189,0.0310698159411225,0.4932180375645628,"Along With Dramatic Jobs Data, Investors Scrutinize Recent Earnings From Uber, Square Vista Equity Invests $1.5B In India's Jio Platforms, Joining Facebook, Silver Lake As Stakeholders",2
2020-05-11,AMZN,120.4499969482422,0.0123507439429992,-0.0216064205236228,0.0071648535795953,0.0284354960440188,0.4513995056354085,"3 Soaring Cloud Computing ETFs 'A Movie Studio Could Buy AMC, Even if Amazon Isn't Interested' -Barron's Article 'Amazon needs movies more than a multiplex' -BNN Bloomberg; Mentions 'Lions Gate Entertainment Corp., ViacomCBS Inc.'s Paramount Pictures, Sony Pictures and Metro-Goldwyn-Mayer Inc. are all options and may be willing sellers' PreMarket Prep Stock Of The Day: AMC Entertainment Amazon Might Be Looking To Buy Struggling AMC Theaters: Report AMC Shares Fall To Session Low, Still Up 30% For Session; Traders Circulate Deadline Article Suggesting Co. Sources Say No Talks With Amazon Happening AMC Shares Largely Unaffected As Traders Circulate Word CNBC's David Faber Questioned Amazon Rumor Shares Of AMC Up 71% Pre-Market After Traders Circulate Daily Mail Report That Amazon Is In Talks With Odeon Cinemas, Which AMC Owns Benzinga Pro's Top 5 Stocks To Watch For Mon., May 11, 2020: SNE, CNK, MRNA, WORK, KMX Daily Mail, Citing Sources, Reports Amazon Is 'Circling' AMC Theaters, Says 'The duo are said to have held talks about a potential takeover of AMC by Amazon'",12
2020-05-12,AMZN,117.84750366210938,-0.0216064205236228,0.0046543205752394,0.0391946840023647,0.026763633077807,0.4248595038267572,"Here's What Kara Swisher And Chamath Palihapitiya Think About Elon Musk's Threats To Leave California Caution Ahead: Biggest Blue-Chips Seek Change, Innovation Post-COVID-19 AMC's Stock Still In The Spotlight As Wall Street Digests Amazon Rumor PreMarket Prep Stock Of The Day: Simon Property Group Amazon Shares Unaffected Amid Report Coalition Of 13 US Attorney Generals Have Asked Co. To Provide Data About Infections, Deaths Among Its Workers, Evidence Co Is In Compliance With State Paid Sick Leave Laws Amazon Air Picks San Bernardino Airport For Western Hub Not Just Fun And Games: How Esports Could Offer Potential Investment Opportunities With This NASDAQ-100 Soaring, Don't Forget This ETF Amazon Releases AI-Based Enterprise Search Solution Kendra",9
2020-05-13,AMZN,118.39600372314452,0.0046543205752394,0.0088389261238963,0.0549089432603269,0.0266940286952721,0.423754568508673,"Investor 'Bill Miller doesn't see market as 'dramatically overvalued,' says Amazon could double in 3 years' -Tweet From CNBC Retail Pro Says Giants Like Amazon, Walmart Will Prevail After Coronavirus: 'It's Not Fair' Amazon Extended Increased Hourly Pay Through May 30 Amazon To Extend Double Overtime Pay In US, Canada What To Know About The Conflicting AMC Entertainment-AMC Networks Rumors Financial Stocks Could Be In Focus Today After Powell Speech; Cisco Reports This Afternoon 3 ETFs To Order Out With If Uber Buys GrubHub Amazon to Extend France Warehouse Closures to May 18 Amazon Says One-Day Deliveries Of Non-Essential Goods To Restart In Coming Weeks",9
2020-05-14,AMZN,119.44249725341795,0.0088389261238963,0.0087615478890032,0.0242334244425641,0.0248925696031402,0.3951572919796491,Today's Pickup: COVID-19 Gives Smaller e-Commerce Firms A Chance Against Amazon Commentary: Trade Flow And The Warning Flares It Signals P/E Ratio Insights for Amazon.com Hearing KeyBanc Saying Amazon Launched Common Threads Vogue Thurs. Morning Amazon Calls For Federal Law Against Price Gouging During National Crises,5
2020-05-15,AMZN,120.48899841308594,0.0087615478890032,0.0068388412038093,0.0112458678782281,0.0247505065336022,0.3929021106647456,"13F For Buffett's Berkshire Shows Cut Stake In Amazon From 537.3K To ~533.3K Shares 13F From Appaloosa Shows Cut Stake In Amazon From 291.5K To 250K Shares How Supply Chain Partners Can Help Drive The Triple Bottom Line Hedge Fund Duquesne 13F Shows Increased Stakes In Facebook, Alibaba, Netflix, Amazon, Google, Alnylman USPS on horns of dilemma as it weighs parcel rate hikes Here's How Much Investing $1,000 In Amazon's IPO Would Be Worth Today Quick Retreat: Impressive Thursday Turnaround Halted in Its Tracks Amid Fresh Trade Tiff 3 ETFs With Big-Time Shopify Exposure Mark Cuban On Consumer Demand, Small Businesses Dilemma And Market Uncertainty A Peek Into The Markets: US Stock Futures Up Ahead Of Economic Reports",12
2020-05-18,AMZN,121.31300354003906,0.0068388412038093,0.0095084265900111,-0.0018135007318528,0.0247370689162698,0.3926887951026965,"Walmart Earnings Ahead: Sales Figures May Offer Outlook For Spending During Coronavirus Lockdown Does Amazon's Jeff Bezos Smoke Weed? Walmart, Target And Home Depot Among Major Retailers Set To Report Earnings In Days Ahead Morning Market Stats in 5 Minutes Already Soaring, This Online Retail ETF Has E-Commerce Trends In Its Favor General Atlantic To Invest $871M In India's Jio Platform, Joining Facebook, Vista, Silver Lake As Stakeholders",6
2020-05-19,AMZN,122.46649932861328,0.0095084265900111,0.0198462751735322,-0.0158982138533007,0.0238729795816298,0.3789718021626929,"Opinion: Is Amazon Really A Winner Of The Pandemic? Amazon Announces New Fulfillment Center In Wilmington, Delaware Walmart Earnings Look Strong Across the Board, But Home Depot Down After Missing on EPS Women's Wear Daily On Monday Published Article 'Hear Amazon in Talks With Penney's' 'Hear Amazon in Talks With Penney's' -Yesterday WWD Report Amazon Warehouse Workers In Seattle Area Can Now Have Access To Company's Virtual Medical Clinic",6
2020-05-20,AMZN,124.89700317382812,0.0198462751735322,-0.0204969304541705,-0.0387679667694939,0.0240221462079985,0.3813397489463845,"Amazon Issues Press Release Highlighting 'Crucible,' Its Free-To-Play Shooter Game A Challenge To Amazon, As Microsoft And FedEx Enter Multiyear Collaboration 'Crucible' Is Out: Here's Everything You Need To Know About Amazon's First Video Game Facebook's New Shopping Feature Lifts Stock To All-Time Highs Stocks That Hit 52-Week Highs On Wednesday 'Amazon launches its first big-budget game, a shooter called Crucible' -Tweet From CNBC Facebook Plans To Resume Work In Office In July At 25% Capacity And Safety Measures In Place Alibaba Invests $1.4B In AI And Internet of Things Systems For Its Smart Speakers McDonald's Faces Class Action Over Lack Of Worker Protection Against Coronavirus",9
2020-05-21,AMZN,122.33699798583984,-0.0204969304541705,-0.0040298211002151,-0.0017860355704147,0.024394804096945,0.3872555095359373,"Here's How Much Investing $1,000 In The 2015 Shopify IPO Would Be Worth Today Making Sense Of Walmart's Decision To Close Jet.com: 'Mission Accomplished' COVID-19 Has Dimmed The Magic Of e-Commerce New Investors Pile In, Fuel Record Rise In Account Openings, Trading Volumes 3 Ways Small Businesses Can Get Emergency Help Right Now Stocks That Hit 52-Week Highs On Thursday Target And Walmart Prove There's Still Some Life In Retail Climate Change: Up And Down Pattern Continues As Week Advances And Powell Awaited Amazon Pushes Prime Day To To September",9
2020-05-22,AMZN,121.84400177001952,-0.0040298211002151,-0.0061636144559754,0.0140179258584212,0.0244099360164019,0.3874957213103898,"3 Tips To Make Money In The Stock Market The Secret to Tech's Resilience to COVID-19- Infrastructure Expansion A Peek Into The Markets: US Stock Futures Down Ahead Of Three-Day Weekend Amazon Reschedules Prime Day to September As It Tries To Restore Pre-Pandemic Operations KKR To Invest $1.5B In India's Jio Platforms, Joins Facebook, Three Other US Firms As Stakeholders",5
2020-05-26,AMZN,121.09300231933594,-0.0061636144559754,-0.0047360423470356,0.0208723566967587,0.0242147631913852,0.3843974487643559,"Amazon Expects To Invest $4B Apr.-June On Covid Initiatives Aircraft Prices, E-Commerce Conditions Are Ripe For Amazon Air, Says Bullish BofA 'Amazon is looking to invest in localized podcast content, like news and sports' -Axios, Citing Sources In Consumers We Trust: 3 Leveraged ETFs That Surged In April 'FAANG Stocks Are Strong Once Again,' Facebook, Amazon, Netflix Hit Record Highs Last Week Amazon Shareholders Demand Disclosures On COVID-19 Worker Safety",6
2020-05-27,AMZN,120.51950073242188,-0.0047360423470356,-0.0038541516055345,0.0282153296010845,0.0234052626326782,0.3715470257773173,"E-commerce Drives Multi-Pronged Expansion At UPS Airlines Amazon Is Serious About Self-Driving Technology, Eyeing Multi-Billion Dollar Acquisition Bezos Says Amazon's Strategy Is To Undercharge For Prime Membership Relative TO ITs value For Customers Same Old Leadership Song Lifts These Leveraged ETFs These 10 Stocks Have Surged During The Coronavirus Pandemic A Peek Into The Markets: US Stock Futures Surge Ahead Of HP Earnings, Beige Book Report 6 Stocks To Watch For May 27, 2020 11 Local News Stations Ran Amazon Produced Content Praising Company's Health And Safety Efforts Amazon Looks To Double-Down On Self-Driving Tech With Zoox Acquisition: WSJ Trump Gets Mad Over Fact Check Warning On Twitter, Claims Election Interference",11
2020-05-28,AMZN,120.05500030517578,-0.0038541516055345,0.0171879509011556,0.0247802962522072,0.0227958777503028,0.3618733406683912,"'Amazon's website is down for many users across the US' -Tweet From Business Insider; BZ NOTE: Benzinga Reporters In NYC, Detroit Not Experiencing Issues Here's How Amazon Could Become A Threat To Tesla, Ford And More With Zoox Buy 'Rivian reopens factory, delays electric pickup/SUV, but Amazon delivery van is still on time' -Electrek Report Hearing Amazon Has Said It Will Keep 125K Of 175K Jobs Added During Pandemic As Permanent Positions",4
2020-05-29,AMZN,122.11849975585938,0.0171879509011556,0.0117386161812624,0.0166354956380969,0.0209726271081231,0.3329301340067132,"FedEx named as suitor for German parcel company Fandom, America's Navy Partner For Warzone Tournament To Celebrate National Military Appreciation Month Amazon Offers Full-Time Employment To 125,000 Workers Hired To Meet Increased Demand During Pandemic UPS Slaps 'Peak' Surcharge On Amazon, Walmart, Others, As Delivery Requests Balloon Post Lockdown Ease",4
2020-06-01,AMZN,123.552001953125,0.0117386161812624,0.0005543957444538,0.0214565602714253,0.0112695978322298,0.1788993194387564,"Amazon Looks To Establish Supply Chain Trust With New Blockchain Patent Making Sense Of Why Consumers Are Switching Their Grocery Store Habits Amazon Curtails Some Service, Highways Closed, As Protests Impact Freight And Driver Safety How Social Media Stocks Fared During The Pandemic Gun, Security Stocks Trade Higher After Weekend Protests Turn Violent And Destructive 10 Biggest Price Target Changes For Monday Amazon Files for Mixed Shelf Offering, Size Not Disclosed Morgan Stanley Maintains Overweight on Amazon.com, Raises Price Target to $2800 The 'Real' S&P 500 And Why The Current Rally Makes Sense UK Supply Chain Startup Beacon Raises $15M From Amazon CEO, Others",12
2020-06-02,AMZN,123.62049865722656,0.0005543957444538,0.0024227334056401,0.051953362752239,0.0110815449075161,0.1759140718060916,"Why Shopify — And Not Zoom — Is The Stock To Chase Right Now 'Amazon plans summer sale for June 22 to 'jumpstart sales' after coronavirus crunch' -CNBC Bezos Among Investors In U.K. Freight Startup Beacon 4 Blue Chips That Lived Up To Their Title During the Pandemic How Cameo, Facebook And Peloton Are Embracing Coronavirus Disruption Tesla CEO Musk Says Other Three Officers Should Be Charged In Floyd's Murder Case Pepper Spray, Books On Racism, 'I Can't Breathe' Merchandise Are Top Sellers On Amazon As Protests Rage",7
2020-06-03,AMZN,123.91999816894533,0.0024227334056401,-0.0071820481181339,0.0682093246815964,0.0110677350968037,0.1756948478573053,"Trump Says Amazon Is Destroying A Lot Of Shopping Centers Air Transport Services Group Shares Up After Hours Following Amazon Press Release Announcing Lease Of 12 Boeing 767-300 Converted Cargo Aircraft From Co. Amazon Will Open New Regional Air Hubs At Lakeland Linder International Airport In Florida Later This Summer Amazon Air To Lease 12 Additional 767-300 Converted Cargo Aircraft, Increasing Their Fleet To Over 80 Aircraft As Part Of Amazon's Dedicated Air Cargo Network Tech Tracking: FourKites Unveils Dynamic ETA Product For LTL Shipments Zoom Initially Slips Despite Strong Earnings, Then Reverses Course In Pre-Market Trading Stocks Keep Rallying Even During Protests Because 'Nobody Is Investing To Make The World A Better Place,' Analysts Say Warner Music Set To Go Public Today, In Anticipated Largest US IPO Of The Year A Peek Into The Markets: US Stock Futures Rise Ahead Of ADP Jobs Report Peloton Makes Its Fitness App Available On Apple TV After Pandemic Demand Surge",11
2020-06-04,AMZN,123.02999877929688,-0.0071820481181339,0.0091034931130187,0.0395676167887113,0.0109899688749031,0.1744603473560043,"Hearing Amazon Has Licensed Slack For All Employees Amazon's Web Services Unit Reports Multi-Year Deal With Slack Technologies Report: GM Starting Electric Delivery Van Program What Elon Musk Thinks About Amazon: 'Monopolies Are Wrong!' Ex-Whole Foods Exec Says Grocery Stores Need To Prepare For Next Disruption 'Time to break up Amazon. Monopolies are wrong!' -Tweet From Elon Musk FAANG Stocks Seem Immune To COVID-19 Why Spirit AeroSystems's Stock Is Trading Higher Today Flight Industry Conditions Just Right For Amazon Air Takeoff, Analyst Says Lawsuit Filed After Amazon Warehouse Worker Fatally Infects Cousin With Coronavirus",12
2020-06-05,AMZN,124.1500015258789,0.0091034931130187,0.016536458949464,0.0249778323535363,0.0110479039966753,0.175380038902317,"ESPAÑOL • Cannabis en Argentina, Blockchain Uruguayo, Elon Musk, Warren Buffett, Jeff Bezos, Isiah Thomas, y Canopy Growth Analysis: Amazon Air And ATSG Grow Together Should Salesforce Shareholders Rejoice or Be Concerned? Slack Fails To Deliver Another COVID-19 Blockbuster PreMarket Prep Stock Of The Day: Genius Brands Amazon Shares Unaffected Following 'A Massive industrial fire has erupted in Redlands at what appears to be an Amazon distribution center. All people are accounted for' Hearing Pivotal Reiterates Buy, $2,700 Price Target On Amazon US Debt Market Raised $22.5B This Week, The Highest Since 2007: FT Bharti Airtel Says There is No Proposal from Amazon to Buy $2B Stake in Co Under Consideration Amazon And Slack Deepen Partnership In A Bid To Compete With Microsoft",10
2020-06-08,AMZN,126.2030029296875,0.016536458949464,0.0304271392023058,0.0192626141963814,0.0114806173189166,0.1822491499401277,"Highlights From Stanley Druckenmiller's CNBC Interview: Coronavirus 'Casualties,' Why He Was 'Far Too Cautious' Sony To Unveil PS5 In June 11 Event Post-Pandemic Cannabis: Are Amazon, Uber And Other Mainstream Delivery Services The Future? Logmore Secures €4.5M In Series A To Boost Logistics Quality Control RBC Lifts Amazon Price Target To Street-High $3,300, Says It's 'Best Global Play' On E-Commerce Baird Maintains Outperform on Amazon.com, Raises Price Target to $2750 RBC Capital Maintains Outperform on Amazon.com, Raises Price Target to $3300 10 Biggest Price Target Changes For Monday Hearing RBC Capital Raised its Price Target on Amazon to $3,300 Facebook-Backed Jio Platforms Gets $750M From Abu Dhabi Sovereign Fund As It Looks To Challenge Amazon, Walmart In India",11
2020-06-09,AMZN,130.04299926757812,0.0304271392023058,0.0179132925581209,0.0055405117138191,0.0128805563434401,0.2044724929973891,"'Inside Amazon's plan to test warehouse workers for Covid-19 every two weeks' -Earlier CNBC Report BofA Raises Amazon Target On Sales Upside, Accelerating Unit Growth Amazon shares are trading higher despite market weakness. Not currently seeing company-specific news. IRS Alerts Against Criminals Profiteering From Fake Coronavirus Treatments, Charities, Phishing, Other Financial Fraud Sonos Shares Spike To Session High, Now Up 9.5%, As Citron's Andrew Left, Currently Interviewing On FOX Business, Said Co. Could Be Acquired By Apple Or Amazon 3M Sues Amazon Seller For Price Gouging Of Its N95 Masks During Coronavirus Pandemic Tesla, Amazon Backer Baillie Gifford Invests $35M In Air Taxi Startup Lilium IBM Discontinues Facial Recognition Technology, Says It Can't Condone 'Racial Profiling' Or 'Mass Surveillance'",8
2020-06-10,AMZN,132.37249755859375,0.0179132925581209,-0.0338023004521874,-0.0024438731071827,0.0117396916165554,0.1863618269159737,"How Cannabis Company Cannaphyll Is Marketing On Mass-Consumer Platforms, Google And Amazon Tech Stocks And FAANGS Strong Again To Start Day As Market Awaits Fed Benzinga Pro's Top 5 Stocks To Watch For Wed., Jun. 10, 2020: AAPL, BAC, NIO, SONO, GLW Hearing Vertical Group Out Positive On Amazon, Saying Co.'s Ad Spend Revenues Are Increasing As Shipping Bottleneck Issues Begin To Abate Big Tech Reaches New Record Heights At The Stock Market Twitter, Square Will Mark Juneteenth As Holiday To Honor African-American Culture",6
2020-01-03,BAC,29.952465057373047,-0.0207630764679667,-0.0014325906769339,-0.0045848378071995,,,"UPDATE: BMO On Bank Of America Notes 'We recommend investors switch out of BAC shares into C and MS shares, which have yet to rerate to long-term historical threshold valuation multiples' UPDATE: BMO Downgrades Bank Of America To Market Perform, Maintains $37 Target 'on the basis of valuation exclusively' As 'BAC shares now trade at a premium to their long-term historical average' 26 Financial Services Stocks Moving In Friday's Pre-Market Session BMO Capital Downgrades Bank of America to Market Perform, Announces $37 Price Target",4
2020-01-06,BAC,29.909555435180664,-0.0014325906769339,-0.0066000600335904,0.0060256787401951,,,"Barclays Upgrades Bank of America to Overweight, Announces $43 Price Target Boeing Internal Investigation Reveals More Design Flaws In Troubled 737 MAX Aircraft",2
2020-01-07,BAC,29.71215057373047,-0.0066000600335904,0.0101100776981284,0.0202198986193362,,,"TopGolf Could Be Valued At $4B In IPO, Bloomberg Reports",1
2020-01-08,BAC,30.012542724609375,0.0101100776981284,0.001715769265576,-0.0085789098795974,,,"DA Davidson Initiates Coverage On Bank of America with Neutral Rating, Announces $36 Price Target Xerox Continues Pursuit Of HP By Showing The Money, $24 Billion That Is",2
2020-01-09,BAC,30.064037322998047,0.001715769265576,-0.0082789765447924,-0.0088494547783706,,,"Benzinga's Top Upgrades, Downgrades For January 9, 2020 DA Davidson Initiated Coverage On Bank of America with Neutral Rating, Announces $36 Price Target",2
2020-01-10,BAC,29.81513786315918,-0.0082789765447924,0.0092115268960502,-0.000863244790928,,,"Weaker Than Expected December Jobs Report Might Weigh, But Overall Growth Positive",1
2020-01-13,BAC,30.089780807495117,0.0092115268960502,0.0074160207422664,-0.022817862218698,,,"3  ETFs For A Big Week Of Bank Earnings Earnings Time: Excitement Builds Ahead Of Big Bank Reporting Season Getting Underway Monday's Market Minute: This Week's Earnings And Geopolitics Factors Benzinga Pro's Top 5 Stocks To Watch For Mon., Jan. 13, 2020: WCC, LULU, XLF, TEAM, BIIB",4
2020-01-14,BAC,30.31292724609375,0.0074160207422664,-0.0184033503675649,-0.0271801450527235,,,"Preview: Bank of America's Q4 Earnings Tough Comparisons: Banks Eyeing Decent Earnings, But Lagging 2018 Results Big Bank Earnings Mixed So Far As Earning Season Ramps Up Amid Low Expectations Tuesday's Market Minute: Earnings Season 2020 7 Financial Services Stocks Moving In Tuesday's Pre-Market Session",5
2020-01-15,BAC,29.755067825317383,-0.0184033503675649,0.001442415093372,-0.015863873758231,,,"Trade Deal Signing Today Represents A Landmark, But Plenty Of Questions Still Remain Here's How Much Investing $100 In Bank Of America Stock Back In 2010 Would Be Worth Today UPDATE: Bank Of America Q4 Non-GAAP Sales Were $22.494B, Beating $22.35B Est. Bank Of America Reports Q4 Earnings A Peek Into The Markets: US Stock Futures Edge Lower; Goldman Sachs Earnings In Focus UPDATE: Bank of America Q4 GAAP Sales $22.3B vs $22.35B Estimate Bank of America Q4 EPS $0.74 Beats $0.68 Estimate 8 Stocks To Watch For January 15, 2020 Earnings Scheduled For January 15, 2020",9
2020-01-16,BAC,29.79798698425293,0.001442415093372,-0.0002881699206547,-0.0339863200579514,,,"What Big Bank Earnings Are Saying About The Economy, Market Credit Suisse Maintains Outperform on Bank of America, Raises Price Target to $39",2
2020-01-21,BAC,29.403196334838867,-0.0129644693939292,0.0029187694683285,-0.0297724216082222,,,Atlantic Equities Downgrades Bank of America to Neutral,1
2020-01-22,BAC,29.489017486572266,0.0029187694683285,-0.0069849835111364,-0.0392900390654055,,,Bank of America to Hire 50 bankers for Asia Dealmaking Team this Year,1
2020-01-27,BAC,28.19308280944824,-0.0205723411597633,0.0118720315100944,0.0036529275682544,,,"Shares of several banks and financial services companies are trading lower amid the spread of the Wuhan coronavirus, which has raised global risk concerns and clouded economic outlook.",1
2020-01-30,BAC,28.733766555786133,0.0142381971395553,-0.0194145028045236,0.0355435918068176,,,10 Financial Services Stocks Moving In Thursday's Pre-Market Session,1
2020-01-31,BAC,28.175914764404297,-0.0194145028045236,0.0042644696890001,0.0542185932665568,0.0114972779936082,0.182513629951578,"Shares of several financial services companies are trading lower as the coronavirus spread continues to cause concerns of economic slowdown after China confirmed over 9,000 confirmed cases.  NOTE: The coronavirus outbreak has caused selloffs in global markets.",1
2020-02-03,BAC,28.296070098876953,0.0042644696890001,0.0197149499605333,0.0521685117041863,0.0109286785682537,0.1734873939009654,5 Financial Services Stocks Moving In Monday's Pre-Market Session,1
2020-02-04,BAC,28.853925704956055,0.0197149499605333,0.0324210440311514,0.0342055770689753,0.0120334518994618,0.1910251268378037,Shares of several financial services companies are trading higher in sympathy with the overall market on a continued rebound after increased fear of the Wuhan coronavirus' impact on the economy dropped the Dow roughly 600 points on Friday.,1
2020-02-05,BAC,29.789400100708008,0.0324210440311514,-0.0011524997238803,0.0060499832727469,0.0141744963734604,0.2250131541825789,Shares of several financial services companies are trading higher as markets gain momentum amid optimism regarding a potential coronavirus treatment.,1
2020-02-18,BAC,29.411775588989254,-0.0166428366770674,0.0131311825800906,-0.0930845373947139,0.0135171746248555,0.2145784949136028,"Warren Buffett's Berkshire Hathaway Trims Apple Stake, Buys Into Kroger, Biogen",1
2020-02-19,BAC,29.79798698425293,0.0131311825800906,0.003744160670541,-0.1177997285621134,0.013515363692729,0.2145497472573163,"What A Financial Transaction Tax Would Mean For Traders: PreMarket Prep Recap For Feb. 19, 2020",1
2020-02-24,BAC,28.0900936126709,-0.0474388091952661,-0.0504127742636311,-0.1026581316777774,0.0171287868170213,0.271911061068481,"Warren Buffett Talks Succession Plans, Compares Acquisitions To Marriage In Annual Letter Shares of several financial services companies are trading lower amid continued spread of coronavirus including notable upticks in Iran and Italy. NOTE: The virus has raised fear of a global economic slowdown.",2
2020-02-25,BAC,26.673994064331055,-0.0504127742636311,-0.0144785913046648,-0.1071428341588096,0.0199785469831506,0.3171496012430188,"Shares of several financial services companies are trading lower as markets fall amid the continued spread of the coronavirus, which has weighed on global economic outlook, impacting stocks across sectors.",1
2020-02-27,BAC,25.00043678283691,-0.0489716067783387,-0.0216272008797453,-0.0748068900468581,0.022262532616738,0.3534067491501174,"Shares of several global financial services companies are trading lower as growing coronavirus fears hamper economic outlook, negatively impacting equities across sectors. 12 Financial Services Stocks Moving In Thursday's Pre-Market Session",2
2020-02-28,BAC,24.459747314453125,-0.0216272008797453,0.0305264710909709,-0.09213867924646,0.0219899391030608,0.3490794612729221,Shares of several financial services companies are trading lower as the global coronavirus spread continues to cause equities across sectors to sell off amid worsened economic outlook.,1
2020-03-02,BAC,25.20641708374023,0.0305264710909709,-0.0551585866875836,-0.2485554377302518,0.0233908947042316,0.3713189419841678,"Morgan Stanley Maintains Overweight on Bank of America, Lowers Price Target to $35",1
2020-03-03,BAC,23.81606674194336,-0.0551585866875836,0.0230631888351542,-0.1437603141574429,0.0257668291788235,0.409035732491098,Shares of several banks and financial services companies are trading lower after the Federal Reserve announced a rate cut of 50 bps.,1
2020-03-05,BAC,23.130231857299805,-0.0506912388284871,-0.03995521362709,-0.2341299340812737,0.0257931838259553,0.4094540995443079,Morning Market Stats In 5 Minutes Shares of several global banks and financial service companies shares are trading lower as global markets continue to experience volatility amid the coronavirus spread.,2
2020-03-06,BAC,22.206058502197266,-0.03995521362709,-0.1470244460535097,-0.0602878967083162,0.0263675675364869,0.4185721582754671,"Stocks That Hit 52-Week Lows On Friday Shares of several financial services companies are trading lower amid the global coronavirus outbreak, which has hampered economic growth outlook and affected a wide array of industries. 20 Financial Services Stocks Moving In Friday's Pre-Market Session",3
2020-03-09,BAC,18.941225051879883,-0.1470244460535097,0.0766073181260817,-0.0679434401973605,0.0394997076844558,0.6270384203569035,Afternoon Market Stats In 5 Minutes 51 Financial Services Stocks Moving In Monday's Pre-Market Session Shares of several global banks and financial services companies are trading lower amid a steep decline in the price of oil after OPEC members failed to reach a production agreement and Saudi Arabia pledged to cut its oil prices and increase supply.,3
2020-03-10,BAC,20.392261505126953,0.0766073181260817,-0.0398136149947555,-0.0690385503588018,0.0449675111981883,0.7138371102475112,"10 Biggest Price Target Changes For Tuesday Citigroup Maintains Neutral on Bank of America, Lowers Price Target to $30 Shares of several financial services companies are trading higher as markets look to be rebounding following Monday's selloff. The US late Monday said it may take certain steps to improve the US economy amid the virus outbreak,",3
2020-03-11,BAC,19.580371856689453,-0.0398136149947555,-0.0952800934057059,-0.0829285408553526,0.0449656415914723,0.7138074311609905,"Shares of several financial services companies are trading lower as global concerns of the coronavirus continue to grow. The sector has been negatively impacted, as the virus has disrupted economic conditions and hampered growth outlook.",1
2020-03-12,BAC,17.714752197265625,-0.0952800934057059,0.177961831390391,0.033642375150092,0.0475876901485738,0.7554311616067478,"3 ETFs To Short The Stock Market Option Traders Making Massive Bearish Bets On Bank Stocks Stocks That Hit 52-Week Lows On Thursday Shares of several global financial services companies are trading lower as global concerns of the coronavirus continue to grow. The sector has been negatively impacted, as the virus has disrupted economic conditions and hampered growth outlook.",4
2020-03-13,BAC,20.86730194091797,0.177961831390391,-0.1539733737362066,-0.1858440162932582,0.065678117347998,1.0426077904903186,Shares of several global financial services companies are trading higher as markets rebound following Thursday's crash. The financial sector has been volatile recently as the coronavirus has generated global economic uncertainty.,1
2020-03-16,BAC,17.654293060302734,-0.1539733737362066,0.0753423695544934,-0.1154597148164625,0.0724238649473791,1.14969321382136,Shares of several financial services companies are trading lower after the Federal Reserve announced on Sunday that it would lower interest rates to combat the impact of coronavirus. Several banks suspended stock buybacks today in response to this.,1
2020-03-17,BAC,18.98440933227539,0.0753423695544934,-0.0541396429605544,-0.043221151421368,0.0757292221487578,1.202164132715866,"Shares of several financial services companies are trading higher as the sector rebounds following Monday's Crash. Financials have been negatively impacted by economic weakness from the coronavirus outbreak and by recent Federal Reserve rate cuts. Stocks may be also potentially reacting to reports of possible further stimulus actions. Bank of America shares are trading higher after Baird upgraded the stock from Neutral to Outperform and announced a price target of $34 per share. Baird Upgrades Bank of America to Outperform, Announces $34 Price Target",3
2020-03-18,BAC,17.956600189208984,-0.0541396429605544,0.0197207903186915,0.014910727468365,0.0757244060666764,1.2020876797829807,"Shares of several financial services companies are trading lower amid the global coronavirus outbreak, which has weakened economic outlook and negatively impacted banks. Additionally, recent Fed interest rates have been a negative for the sector.",1
2020-03-19,BAC,18.310718536376953,0.0197207903186915,-0.0721697400753534,0.07169766116776,0.0760968435890874,1.2079999421622312,"Stocks That Hit 52-Week Lows On Thursday Shares of several financial services companies are trading lower amid the global coronavirus outbreak, which has weakened economic outlook and negatively impacted banks. Additionally, recent Fed interest rates have been a negative for the sector.",2
2020-03-20,BAC,16.989238739013672,-0.0721697400753534,-0.0808338349843846,0.0981186794493567,0.0769033031176962,1.220802090293055,"Shares of several financial services companies are trading lower amid market volatility. The global coronavirus outbreak has caused economic uncertainty and led to reduced investment. NOTE: Overall sector is mixed, with some names up for the session.",1
2020-03-23,BAC,15.615933418273926,-0.0808338349843846,0.1631633419123266,0.2190264455821624,0.0777874170757674,1.2348369642752393,"Stocks That Hit 52-Week Lows On Monday Shares of several financial services companies are trading lower after a coronavirus stimulus bill failed a procedural Senate vote on Sunday. The sector has been impacted by the virus, which has slowed economic activity and led to to rate cuts.",2
2020-03-24,BAC,18.163881301879883,0.1631633419123266,0.0033288512517712,0.0095101335121265,0.0882283958598144,1.400582364115379,Shares of several global banks and financial services companies are trading higher as equities gain amid hopes of a US stimulus agreement.,1
2020-03-25,BAC,18.224346160888672,0.0033288512517712,0.0767768597290201,-0.0630334095741975,0.0883278388025856,1.402160971892657,"Deutsche Bank Maintains Hold on Bank of America, Lowers Price Target to $25",1
2020-03-26,BAC,19.623554229736328,0.0767768597290201,-0.0492955460298274,-0.0946301240018607,0.0902003397050917,1.4318860021993085,"Companies Suspend Dividends, Buybacks As Pandemic Weakens Market Shares of several financial services and global banks companies are trading higher after the Senate passed a $2 trillion stimulus package in relief to the coronavirus outbreak. Airbnb Asks Banks To Extend $1B Credit Facility Due To Coronavirus Impact: Report",3
2020-03-27,BAC,18.656200408935547,-0.0492955460298274,0.0203704608687953,-0.0726851920956297,0.0906281340150322,1.438677026337654,"Regional Banks, Other Cyclicals Saw Buying Interest Yesterday Amid Stimulus Hopes Shares of several financial services and global banks companies are trading lower, selling off from this week's strength. While the US stimulus legislation has boosted economic optimism, demand concerns still exist amid the coronavirus outbreak. Morgan Stanley Maintains Overweight on Bank of America, Lowers Price Target to $23 Citigroup Maintains Neutral on Bank of America, Lowers Price Target to $27",4
2020-03-30,BAC,19.036235809326172,0.0203704608687953,-0.0367516760232734,-0.0294919978718437,0.0904197261200696,1.4353686535696522,"'Execs at the big banks...are scrambling to meet Fri deadline to make loans to small biz but worried @SBAgov wont have guidelines in place for lending program' -Tweet From FOX Business' Charlie Gasparino Credit Suisse Maintains Outperform on Bank of America, Lowers Price Target to $31",2
2020-04-01,BAC,17.075603485107422,-0.0687705040041416,0.0404654145965823,0.1861407060838864,0.0906385825090171,1.43884289103761,"Another Wild Wednesday: New Quarter, Same Old Sell-Off As Fears Of Crisis Intensify 'Big changes coming to nation's big banks amid #coronavirus recession forcing firms to rethink their business models...' Including Dividend Cuts, Reduction In Real Estate Footprint In NYC, Elsewhere -Tweet From Charlie Gasparino Wells Fargo Maintains Overweight on Bank of America, Lowers Price Target to $32 Oppenheimer Maintains Outperform on Bank of America, Lowers Price Target to $30 10 Financial Services Stocks Moving In Wednesday's Pre-Market Session Shares of several banks and financial services companies are trading lower amid market weakness as macro concerns continue to grow as a result of the coronavirus pandemic. The coronavirus has led to lower investment and economic activity across sectors.",6
2020-04-02,BAC,17.76657485961914,0.0404654145965823,-0.0262517657380156,0.2085561238982858,0.0909756395216649,1.4441935052363075,"Freight Volumes Plummeting As Fast As They Soared Shares of several financial services companies are trading higher as stocks gain for the session after Trump said Russia and Saudi Arabia are expected to cut oil production by 10 million barrels. Deutsche Bank Maintains Hold on Bank of America, Raises Price Target to $27 'Sec. Mnuchin held a call with big-bank CEOs yesterday to discuss the economy and participation in the SBA loan program' -CNBC's Kayla Tausche",4
2020-04-03,BAC,17.3001708984375,-0.0262517657380156,0.0678980740599619,0.194208729352328,0.0907833261046046,1.4411406243843718,"'As of 2:30p A Senior Treasury Official says 6,000 loans have been processed worth more than $1.8 billion. Community Banks are leading the way. With Bank of America processing some. Wells Fargo & JP Morgan Chase are still working on their system' -Tweet Piper Sandler Earlier Maintained Overweight on Bank of America, Lowered Price Target to $27 Shares of several global financial services companies are trading lower amid market weakness. The coronavirus pandemic has weakened economic activity and investment/spending outlook. '...700 loans have been written under the forgivable loan program for $2.5M. As of 5 minutes ago BOA and Wells Fargo went live with the program. JP Chase will go live 1p' -Tweet From FOX's Ed Lawrence",4
2020-04-06,BAC,18.47481918334961,0.0678980740599619,0.0350633473072723,0.1093968837489829,0.0861274694456617,1.3672311912272097,"Lenders Saying Small Business Loan Platform Crashed For 'Hours' On Mon. Investor Movement Index Summary: March 2020 UBS Maintains Neutral on Bank of America, Lowers Price Target to $20 Wells Fargo Caps Its Participation In Fed Small Business Lending Wells Fargo Maintains Overweight on Bank of America, Lowers Price Target to $30 Bank Of America Receives 177K Paycheck Protection Program Applications Worth $32.6B Shares of several financial services stocks are trading higher with the broader market on optimism that coronavirus cases in several US hotspots appear to be reaching their peak and global oil producers appear to be working toward production cooperation.",7
2020-04-07,BAC,19.122608184814453,0.0350633473072723,0.0591687168865304,0.0022581842722253,0.0847285484013378,1.3450240081046352,"IBM Is Getting Ready To Fight For A Place In The Cloud Universe Will The Remote Office Become Habit After The Coronavirus Pandemic? White House official says bankers expected to speak with Trump about small business this afternoon include CEOs of Visa, Mastercard, BofA, Goldman, JPMorgan, Citi, Wells Fargo...Southern Bancorp' Shares of several financial services companies are trading higher amid optimism that coronavirus cases in Asia are potentially easing. Global slowing cases could raise hopes of a sooner return to spending, economic activity and investment.",4
2020-04-08,BAC,20.25406837463379,0.0591687168865304,0.0601278938201603,-0.0865670995242945,0.0851616790580021,1.3518997441210263,"SBA Official Criticizes Big Banks On Lending Program Rollout - Washington Post Report Shares of several financial services companies are trading higher amid optimism that coronavirus cases around the world are potentially easing. Global slowing cases could raise hopes of a sooner return to spending, economic activity and investment. BofA To Report Q1 Earnings Wed., Apr. 15 Before Market Open",3
2020-04-09,BAC,21.47190284729004,0.0601278938201603,-0.0378116344351536,-0.0635558053454504,0.0825722162703687,1.3107932967290217,"Shares of several financial services companies are trading higher amid positive market sentiment on hopes coronavirus cases in some regions could level, meaning a sooner rebound in investment. Markets gained today on news of the Fed's $2.3T loan program. Fed Chair Powell Says Big Banks Don't Need To Suspend Dividends At This Point, Calls Banks 'High Capitalized' JPMorgan Will Only Accept Small Business Loans Under Federal Scheme, Suspends All Others",3
2020-04-13,BAC,20.660015106201172,-0.0378116344351536,-0.0079432795921785,-0.059364844137603,0.0734583225143978,1.1661147186064416,"Shares of several global financial services companies are trading lower amid continued uncertainty around the coronavirus. The pandemic has slowed spending and economic activity which in turn hurts the financial sector. P/E Ratio Insights for Bank of America Financials, Healthcare In Eye Of Earnings Hurricane Ahead, With Bank CEOs In Spotlight Monday's Market Minute: OPEC Production Cut To Avoid A Glut",4
2020-04-14,BAC,20.495906829833984,-0.0079432795921785,-0.0648966782985435,-0.0880741032880138,0.0637472207394409,1.0119557570885982,"Goldman Sachs, Morgan Stanley, Bank of America: COVID-19 And Bank Earnings",1
2020-04-15,BAC,19.165790557861328,-0.0648966782985435,-0.0347002715060734,-0.0175753458711909,0.063821754940743,1.013138950853484,"Mid-Afternoon Market Update: Dow Falls 1.5%; Pfenex Shares Plummet Every Member Of Trump's 'Great American Economic Revival' Industry Groups 50 Stocks Moving In Wednesday's Mid-Day Session Mid-Day Market Update: Crude Oil Down 3%; Applied DNA Sciences Shares Jump CFRA Maintains Buy on Bank of America, Lowers Price Target to $28 Mid-Morning Market Update: Markets Open Lower; Bank of America Profit Misses Views Morning Market Stats in 5 Minutes Bank Earnings, Crude Weigh On The Market, But Signs On Pandemic Front Encourage Bank Of America Corp CFO Paul Donofrio Says Loan Demand From Corporate Clients Peaked In March And Returned To Normal Levels In The First Week Of April 30 Stocks Moving in Wednesday's Pre-Market Session",18
2020-04-16,BAC,18.500732421875,-0.0347002715060734,0.0868347431346414,0.0210083557120046,0.0630594679543552,1.0010380200916251,"S&P 500 Futures Up 3.2% After Hours; Many Other Stocks Moving Higher With Futures; Investors Reacting Favorably To White Phase Guidelines On Reopening Economy BMO Capital Maintains Market Perform on Bank of America, Lowers Price Target to $24 Here's How Long It Took Visa To Reach A $100B Market Cap Shares of several financial services companies are trading lower amid mixed bank earnings this week. Morgan Stanley today reported worse-than-expected Q1 results. Oppenheimer Maintains Outperform on Bank of America, Raises Price Target to $33 70 Biggest Movers From Yesterday",6
2020-04-17,BAC,20.10723876953125,0.0868347431346414,-0.0335054577961795,-0.0472507831542905,0.0657075693372263,1.043075326325004,"Shares of several financial services companies are trading higher as equities gain amid a report suggesting Gilead Sciences' Remdesivir drug showed some effectiveness in treating the coronavirus. This has raised hopes of a sooner return to spending, economic activity, and investment. 36 Stocks Moving in Friday's Pre-Market Session",2
2020-04-20,BAC,19.433536529541016,-0.0335054577961795,-0.038221983615294,0.0431113863596881,0.0638066090678909,1.012898517575749,Shares of several global financial services companies are trading lower as equities fall amid a decline in US oil prices. The drop in oil has raised concerns over the economic impact of the coronavirus pandemic.,1
2020-04-21,BAC,18.69074821472168,-0.038221983615294,0.0073938690737687,0.103973994153685,0.0613255421573491,0.9735128013873202,"Shares of several global financial services companies are trading lower on continued downward momentum after oil prices fell to historic lows, partially stemming from weak demand caused by the coronavirus outbreak.",1
2020-04-22,BAC,18.82894515991211,0.0073938690737687,0.0032108665196484,0.136696992136178,0.0497491668800212,0.7897435409831245,"Fitch Affirms Ratings On Morgan Stanley, Citi, Goldman, JP Morgan, Wells Fargo, BofA",1
2020-04-23,BAC,18.889402389526367,0.0032108665196484,0.0141748052983761,0.0996796380911086,0.0497491283307975,0.789742929033169,Shares of several global financial services companies are trading higher as equities gain driven by a rebound in oil.,1
2020-04-24,BAC,19.157155990600582,0.0141748052983761,0.0581603679140714,0.0405768017437904,0.046738460722263,0.7419500623984103,JCPenney Negotiating With Lenders Over Bankruptcy Funding,1
2020-04-27,BAC,20.271343231201172,0.0581603679140714,0.0178950514027915,-0.0230083264788123,0.0469699796113101,0.7456253108238058,"Shares of several global financial services companies are trading higher potentially in sympathy with the overall market on news that some U.S. states plan on reopening their economies in phases, increasing economic activity.",1
2020-04-28,BAC,20.63409996032715,0.0178950514027915,0.037254126398533,-0.0514857770845844,0.046931147531066,0.7450088706605018,"Big banks tell FoxBusiness they've received as many as four separate subpoenas or requests for info from congressional committees now investigating banks' handling of PPP loan program & why public cos and financial firms received loans over small biz more now Shares of several global financial services companies are trading higher for the session as some US states ease lockdown restrictions and as investors weigh quarterly earnings from blue chip companies. Morning Market Stats in 5 Minutes Earnings Feast: Bring a Plate With Healthcare and Caterpillar in Morning, GOOGL And AMD Later",4
2020-04-29,BAC,21.40280532836914,0.037254126398533,-0.0294594159608471,-0.0980629224914122,0.046373771339261,0.7361607979191573,"Shares of several global financial services companies are trading higher following positive data from a study of Gilead's Remdesivir, a potential coronavirus treatment candidate. A successful treatment could make a sooner return to economic activity and investment possible.",1
2020-04-30,BAC,20.77229118347168,-0.0294594159608471,-0.0403325307192041,-0.0503113538633965,0.0436680807970569,0.6932092921229279,Shares of several global financial services companies are trading lower amid market weakness following US jobless claims and consumer spending data.,1
2020-05-01,BAC,19.934492111206055,-0.0403325307192041,-0.0064992156564446,0.0212307137358913,0.0445030873556335,0.7064646103055373,Shares of several global financial services companies are trading lower on market weakness as investor uncertainty grows following quarterly earnings results from multiple companies. 11 Financial Services Stocks Moving In Friday's Pre-Market Session,2
2020-05-04,BAC,19.804933547973633,-0.0064992156564446,-0.0117746549353497,-0.0152635592911014,0.0439489817463179,0.6976684564516463,"TD Ameritrade Clients Bought Lower Beta Stocks In April Investor Movement Index Summary: April 2020 Bank Of America Says It Is The Top Lender In The Second Round Of SBA Funding UBS Maintains Neutral on Bank of America, Raises Price Target to $21 Shares of several global financial services companies are trading lower amid concerns of the economy reopening along with the tensions between China and the US.",5
2020-05-05,BAC,19.57173728942871,-0.0117746549353497,-0.0136806251338168,-0.0348632770720305,0.0417607919475699,0.662932020278273,"Apple Capitalizes On Plunge In Yields, Issues Cheapest Bonds In Years",1
2020-05-07,BAC,19.727209091186523,0.0219242519919529,0.0319612628724363,-0.0494749988373486,0.0392968287953119,0.6238178178352644,"Shares of several financial companies are trading higher amid continued economic optimism as some US states ease lockdown restrictions. While jobless claims came in worse than estimates, figures were lower than in prior weeks.",1
2020-05-08,BAC,20.357715606689453,0.0319612628724363,-0.0420025435418042,-0.0903691883283398,0.0374683643768534,0.5947918450410347,How Artificial Intelligence Helped iFlip Save Investor Returns During The 2020 Market Crash Shares of several global financial services companies are trading higher as equities gain after US unemployment figures came in below consensus estimates. Equities have been strong this week amid a rebound in oil prices and some US states easing lockdown restrictions.,2
2020-05-11,BAC,19.502639770507812,-0.0420025435418042,-0.0314438141809291,0.0155001466992665,0.0376902427140459,0.5983140544501784,"Shares of several financial services companies are trading lower as investors weigh the effects of US states reopening their economies, which has led to concerns of a potential resurgence in coronavirus cases. Carvana Rival Online Retailer Vroom Plans June IPO: Report",2
2020-05-12,BAC,18.889402389526367,-0.0314438141809291,-0.0457246018498332,0.01554624144001,0.0382406837484793,0.6070520349812742,"Caution Ahead: Biggest Blue-Chips Seek Change, Innovation Post-COVID-19",1
2020-05-13,BAC,18.025691986083984,-0.0457246018498332,0.0402488547353443,0.0977475209652156,0.0368319368806552,0.5846888717462505,"Shares of several companies in the financial services sector are trading lower amid market weakness, potentially related to cautious comments from Fed Chair Powell, who suggested uncertainty and 'significant' downside risks in the economy. The coronavirus pandemic has slowed economic growth and led to businesses scaling back investment, which has negatively impacted the financial sector.",1
2020-05-14,BAC,18.751205444335938,0.0402488547353443,-0.012436537690041,0.0548135739971145,0.0371865879609631,0.5903187831104213,Shares of several financial companies are trading higher. Not seeing any sector-wide news to justify the price action. NOTE: The financial sector rebound is leading the market higher today. Real Estate Data Giant CoStar Buys Ten-X For $190M,2
2020-05-15,BAC,18.51800537109375,-0.012436537690041,0.0694960472842691,0.0569031003727764,0.0313367687361537,0.4974557818092396,"13F From Buffett's Berkshire Shows Maintained Stake In Bank Of America In A First, Bank Of America Sells Bonds To Fund Coronavirus Response",2
2020-05-18,BAC,19.804933547973633,0.0694960472842691,-0.0313998502815383,0.0588751045048538,0.03447725062086,0.5473093861922572,"Shares of several financial stocks are trading higher amid general stock market strength and comments from Federal Reserve Chair Powell stating the Federal Reserve 'is not out of ammunition by a long shot.' Saudi Arabia On A Pandemic Bargain Hunt, Buys Shares in Facebook, Disney, Boeing, Others",2
2020-05-19,BAC,19.183061599731445,-0.0313998502815383,0.0315172366272997,0.1697432420487541,0.0340951258561743,0.5412433436093127,Big Banks: Playing A Rebound Within The Financial Sector Carvana Rival Online Car Seller Vroom Files To Go Public,2
2020-05-20,BAC,19.78765869140625,0.0315172366272997,-0.0004362648480418,0.0851158887541987,0.0347225626994975,0.5512035947143091,"Shares of several financial services companies are trading higher as equities gain amid strength in oil, strong earnings from Lowe's and optimism towards a US economic rebound.",1
2020-05-26,BAC,20.970951080322266,0.0714915477457032,0.0700161657973783,0.0230640470810885,0.0359933652443319,0.5713769597089069,Shares of several financial services companies are trading higher as equities gain amid coronavirus vaccine hopes as well as a pickup in economic activity as some US states reopen businesses.,1
2020-05-27,BAC,22.43925666809082,0.0700161657973783,-0.0431098870657503,0.0003853073869792,0.0389471652396965,0.6182670809710582,"Shares of several financial services companies are trading higher amid economic optimism, stemming from some US states reopening businesses, an increase in mortgage demand figures and positive vaccine sentiment.",1
2020-05-28,BAC,21.47190284729004,-0.0431098870657503,-0.029766481091962,0.0847452191928535,0.0395753214760565,0.628238752086475,"Shares of several financial services companies are trading lower, potentially selling off following recent strength. The sector has been strong recently amid hopes of a pickup in economic activity as US states begin to reopen some businesses. Bank Of America CEO Brian Moynihan On PPP Loans Says Still Getting A Thousand Applications A Day - Macy's Announces Pricing Of Its $1.3B Debt Offering As Shares Jump 26%",3
2020-05-29,BAC,20.832759857177734,-0.029766481091962,0.0203147376676444,0.1735504010761037,0.0395877743668159,0.6284364355987956,15 US Banks Facing Currency Rigging Lawsuit Brought By Large Investors,1
2020-06-01,BAC,21.255971908569336,0.0203147376676444,0.0093458052945865,0.1677791535743407,0.0385747195448665,0.6123546888586769,"Shares of several financial services companies are trading higher as equities gain amid continued optimism towards a rebound in economic activity, which could lead to a potential rebound in spending and borrowing. Price Over Earnings Overview: Bank of America",2
2020-06-03,BAC,22.44790267944336,0.0462966165063609,0.0375821872170041,0.0306082860926593,0.039383865989126,0.6251994904531339,April The Bottom For Less-Than-Truckload? Shares of several financial services companies are trading higher as equities continue to gain on optimism over an economic reopening as well as a smaller-than-expected drop in nonfarm payrolls.,2
2020-06-04,BAC,23.29154396057129,0.0375821872170041,0.0496639350014744,-0.106422671065916,0.0395931192641277,0.6285212832132163,"Shares of several financial companies are trading higher despite overall market weakness. Strength potentially related to states reopening, which would boost economic activity, consumer spending and borrowing. Taking A Breath: Jobless Claims Disappoint, But ECB Stimulus Greeted Positively",2
2020-06-05,BAC,24.44829368591309,0.0496639350014744,0.0152970674632997,-0.1184632765293849,0.0405020051339436,0.6429493991032573,Shares of several financial services companies are trading higher following strong US jobs data and continued optimism amid the reopening of the economy. A reopening will likely result in an uptick in consumer spending and borrowing. Shares of several financial services companies are trading higher following strong US jobs data and continued optimism amid the reopening of the economy. A reopening will likely result in more consumer spending and borrowing.,2
2020-06-08,BAC,24.822280883789062,0.0152970674632997,-0.0112122123026666,-0.1187806323393901,0.0402306479663946,0.6386417376124004,"Shares of several financial services companies are trading higher on continued optimism amid the reopening of the economy, which would increase consumer spending and economic activity.",1
2020-06-09,BAC,24.543968200683594,-0.0112122123026666,-0.0574061081862228,-0.085754953253423,0.0386654566970616,0.6137950964949728,Shares of several financial services companies are trading lower as equities sell off following recent rally. Stocks have rallied over the past week amid optimism towards the US economy reopening and investors have potentially taken some profits following run up. Carvana Rival Vroom Raises $467.5M In IPO As Online Auto Retail Business Sees Surge,2
2020-06-10,BAC,23.134994506835938,-0.0574061081862228,-0.1003760284927531,-0.0601503784193777,0.0405975959363576,0.6444668560481326,"Shares of several financial services companies are trading lower as markets sell off following recent strength and as investors await today's Federal Reserve decision. UPDATE: Equities spiked following the Fed's decision to leave rates unchanged, with several stocks now up for the session. Benzinga Pro's Top 5 Stocks To Watch For Wed., Jun. 10, 2020: AAPL, BAC, NIO, SONO, GLW",2
2020-01-03,CRM,163.76564025878906,-0.0049104784782022,0.0438107643620409,0.084431698166651,,,22 Technology Stocks Moving In Friday's Pre-Market Session,1
2020-01-06,CRM,170.94033813476562,0.0438107643620409,0.0147013955328452,0.0599594956450855,,,"Salesforce.Com shares are trading higher after RBC Capital upgraded the stock from Outperform to Top Pick and raised the price target from $200 to $215 per share. 10 Biggest Price Target Changes For Monday RBC Capital Upgrades Salesforce.com to Top Pick, Raises Price Target to $215",3
2020-01-09,CRM,177.00132751464844,0.0128009764832894,0.0033407876700253,0.0172050608109908,,,Stocks That Hit 52-Week Highs On Thursday,1
2020-01-10,CRM,177.5926513671875,0.0033407876700253,0.0202552481752276,0.0112652499692404,,,"Stocks That Hit 52-Week Highs On Friday Salesforce Data Shows 8% Increase In Digital Spend Over 2019 Holiday Season, With $723B In Digital Sales Worldwide",2
2020-01-13,CRM,181.18983459472656,0.0202552481752276,-0.0094099460716393,0.0077236373840083,,,"Morgan Stanley Maintains Overweight on Salesforce.com, Raises Price Target to $216 Credit Suisse Maintains Outperform on Salesforce.com, Raises Price Target to $215",2
2020-01-16,CRM,180.04664611816406,0.0090027096206282,-0.002518064903733,-0.003174870336014,,,"Wells Fargo Maintains Overweight on Salesforce.com, Raises Price Target to $215",1
2020-01-17,CRM,179.59327697753906,-0.002518064903733,0.0166821511789683,-0.0083410755894841,,,9 Takeaways From The JPMorgan Healthcare Conference,1
2020-01-21,CRM,182.5892791748047,0.0166821511789683,-0.0136016775959494,-0.0130619059346552,,,Salesforce.com Option Alert: Feb 21 $190 Calls Sweep (2) near the Ask: 501 @ $1.71 vs 3166 OI; Earnings 3/2 After Close [est] Ref=$182.475,1
2020-01-22,CRM,180.1057586669922,-0.0136016775959494,0.0067304273315569,-0.0053626023867168,,,Stocks That Hit 52-Week Highs On Wednesday,1
2020-01-27,CRM,178.09527587890625,-0.0076876741561331,0.0118421968029889,0.0260639196576457,,,8 Cloud Stocks To Own In 2020,1
2020-01-31,CRM,179.672119140625,-0.0180965553219369,0.0170589500188196,0.0187043863808995,0.0149388830318385,0.2371474162039642,Nothing But Blue Skies For Microsoft,1
2020-02-04,CRM,185.6148681640625,0.0157479282700425,-0.0151321193483703,0.0040883044831598,0.0123304642244298,0.1957400513269223,Stocks That Hit 52-Week Highs On Tuesday,1
2020-02-05,CRM,182.80612182617188,-0.0151321193483703,0.0066849287443422,0.0214026564428413,0.0127890339162789,0.2030196195074666,Shares of several software companies are trading lower despite overall market optimism amid reports of progress towards a coronavirus treatment. NOTE: Coronavirus fears in China still exist and the WHO said there is no known treatment currently. Stocks That Hit 52-Week Highs On Wednesday,2
2020-02-06,CRM,184.02816772460935,0.0066849287443422,-0.0054089102663494,0.0102286229309471,0.0127731053170854,0.20276676083427,"There Was A Big Rotation In The Market On Wednesday: PreMarket Prep Recap For Feb. 6, 2020",1
2020-02-11,CRM,186.37371826171875,-5.280465152490699e-05,0.0018507984321185,0.0198826152012725,0.0125167495295931,0.1986972388691288,"Here's How Large Salesforce Option Traders Are Positioning Ahead Of Earnings UPDATE: Morgan Stanley Maintains Overweight On Salesforce.com, Raises Target To $225 As Firm Believes Co. Is 'Painting a Path to $10 Billion in FCF'; Firm Believes Co. Is Ready To Yield On Prior Investments 'and sustain a 28% FCF CAGR thru FY24' Piper Sandler Remains Bullish On Slack On Broader Enterprise Adoption Stocks That Hit 52-Week Highs On Tuesday Morgan Stanley Maintains Overweight on Salesforce.com, Raises Price Target to $225",5
2020-02-12,CRM,186.7186584472656,0.0018507984321185,-0.0043280944338852,0.020584885224022,0.0122512944218316,0.1944832696727956,"Morgan Stanley Maintains Overweight on Salesforce.com, Raises Price Target to $225",1
2020-02-13,CRM,185.9105224609375,-0.0043280944338852,0.0069444490042214,0.0045589926059388,0.0122053090987147,0.1937532752992389,13F From Dan Loeb's Third Point Shows Cut Stake In Salesforce By 12%,1
2020-02-14,CRM,187.2015686035156,0.0069444490042214,0.0060015770543644,-0.0211108305357762,0.0121528148376484,0.1929199547390009,"Tiger Global Cuts Stakes In Facebook, Netflix, Alibaba, Microsoft, Amazon, Salesforce.com",1
2020-02-18,CRM,188.3250732421875,0.0060015770543644,0.0093149675354349,-0.0513895073695891,0.0121346614803619,0.1926317791259549,"UPDATE: Cowen On Salesforce.com Notes 'Pipeline outlooks were also bullish and partners on avg expect CY20 growth of 28%, a big up-tick vs. CY19 growth expectations' UPDATE: Cowen Reiterates Outperform On Salesforce.com, Raises Target To $210 Notes Co. 'reports 4Q results on 2/25. Our survey showed very strong results w/ 85% of partners meeting/beating targets, handily above last qtr & a year ago' 10 Biggest Price Target Changes For Tuesday Cowen & Co. Maintains Outperform on Salesforce.com, Raises Price Target to $210",4
2020-02-19,CRM,190.07931518554688,0.0093149675354349,0.0025406521197093,-0.0725875605420807,0.01178660419616,0.1871065410299396,"Stocks That Hit 52-Week Highs On Wednesday Why Salesforce Is This Firm's Best Idea Calendar Apps Can Do Wonders And Not Only For Your Schedule Wedbush Maintains Outperform on Salesforce.com, Raises Price Target to $217",4
2020-02-20,CRM,190.5622406005859,0.0025406521197093,-0.0199627871208558,-0.109691755426331,0.0111941926926727,0.1777022999576913,Stocks That Hit 52-Week Highs On Thursday,1
2020-02-21,CRM,186.75808715820312,-0.0199627871208558,-0.0187863304818267,-0.1007915598325339,0.0122528280359916,0.1945076150428436,"Shares of several software companies are trading lower. U.S. equities are down for the session amid continued coronavirus fears. NOTE: Zscaler peers may also be trading lower in sympathy with the company after it issued soft guidance. UBS Maintains Buy on Salesforce.com, Raises Price Target to $230",2
2020-02-24,CRM,183.2495880126953,-0.0187863304818267,-0.0251157318260751,-0.0493706411911624,0.01282502149704,0.2035909046413511,Shares of several software companies are trading lower as the coronavirus cases surge outside of China. NOTE: The virus has raised fear of a global economic slowdown.,1
2020-02-25,CRM,178.6471405029297,-0.0251157318260751,-0.0132396136291481,-0.0656478375690639,0.0139937426122208,0.222143777177903,"14 Stocks Moving In Tuesday's After-Hours Session Salesforce Brings In Earnings Beats, Co-CEO Keith Block Steps Down Salesforce To Buy Vlocity For Approximately $1.33B In Cash Salesforce.com shares are trading lower after the company reported Q4 earnings results. Salesforce Sees Q1 Adj. EPS $0.70-$0.71 vs $0.70 Estimate, Sales $4.875B-$4.88B vs $4.84B Est. UPDATE: Salesforce Raises FY21 Sales Guidance From $20.8B-$20.9B To $21B-$21.1B vs $20.93B Estimate, Adj. EPS $3.16-$3.18 vs $3.10 Est. Salesforce.com Q4 Adj. EPS $0.66 Beats $0.55 Estimate, Sales $4.85B Beat $4.75B Estimate Salesforce Raises FY21 Guidance Salesforce Reports Co CEO Keith Block To Step Down; Marc Benioff Named Chair, CEO Salesforce.com Option Alert: Mar 20 $190 Calls at the Ask: 700 @ $4.741 vs 9366 OI; Earnings 2/25 After Close Ref=$183.3857",12
2020-02-26,CRM,176.28192138671875,-0.0132396136291481,-0.0375692948175734,-0.0177783556072754,0.0140238618257789,0.2226219048704591,"Despite CEO Change, Salesforce Analysts Say Sell-Off May Be Buying Opportunity B of A Securities Maintains Buy on Salesforce.com, Raises Price Target to $250 Canaccord Genuity Maintains Buy on Salesforce.com, Raises Price Target to $200 Stifel Maintains Buy on Salesforce.com, Raises Price Target to $220 Tech Stocks In Correction Territory, Including Apple And Facebook, But Investors Nibbling The Effects Of The Coronavirus On The Market Baird Maintains Outperform on Salesforce.com, Raises Price Target to $210 BMO Capital Maintains Outperform on Salesforce.com, Raises Price Target to $224 10 Biggest Price Target Changes For Wednesday Deutsche Bank Maintains Buy on Salesforce.com, Raises Price Target to $195",15
2020-02-27,CRM,169.6591339111328,-0.0375692948175734,-0.0101655927929509,-0.0148126849517047,0.0162212166654736,0.2575038315584377,"Shares of companies in the software, technology and semiconductor spaces are trading lower as continued coronavirus fears cause weakness across sectors.",1
2020-02-28,CRM,167.9344482421875,-0.0101655927929509,0.0373240283807958,-0.0370891512002087,0.0152672270288468,0.2423597155673534,"CFRA Upgrades Salesforce.com to Strong Buy, Raises Price Target to $222 Analysts Like The Workday Story After Q4 Report, But UBS Sees Better Value In Other SaaS Leaders Salesforce.com Option Alert: Mar 20 $195 Calls at the Ask: 706 @ $0.75 vs 4209 OI; Ref=$166.3 Shares of companies in the technology, semiconductor, and software sector are trading lower as fears of a possible pandemic escalate, with cases of the new coronavirus surging outside China.",4
2020-03-02,CRM,174.2024383544922,0.0373240283807958,-0.0418082340423724,-0.1445463600107598,0.0174762184006683,0.2774263664761159,"Salesforce To Implement Initial Safety Precautions During Mar., Cites Coronavirus",1
2020-03-03,CRM,166.91934204101562,-0.0418082340423724,0.0373148886402017,-0.0474108497255656,0.0190868565652479,0.3029944546896396,Shares of several technology companies are trading lower in sympathy with the overall market. The Fed cut rates to combat the coronavirus outbreak which caused an initial spike but then continued to trade lower.,1
2020-03-05,CRM,167.14602661132812,-0.0346633799289389,-0.032547136309551,-0.1710496598437002,0.0218322550036597,0.3465763037965759,"Cannabis Marketing Tech Company Fyllo Hires Jeff Ragovin As CCO Shares of several technology, semiconductor, and software companies are trading lower as global markets continue to experience volatility amid the coronavirus spread.",2
2020-03-06,CRM,161.70590209960938,-0.032547136309551,-0.078437409825924,-0.0993416596540448,0.0225496101500013,0.3579639637101693,Shares of several technology companies are trading lower. Movement appears market related as markets continue to dip amid the global coronavirus outbreak.,1
2020-03-09,CRM,149.02210998535156,-0.078437409825924,0.0669930402599221,-0.1779643965947026,0.027731619032534,0.4402258044796244,"Shares of several companies in the technology, software and semiconductor space are trading lower as equities crash amid coronavirus fears. The virus spread has disrupted economic activity across sectors and caused global macro uncertainty. Just Like With Any Champion, Steady Growth And Earnings Expected From Adobe",2
2020-03-10,CRM,159.00555419921875,0.0669930402599221,-0.0419609718760591,-0.1606544659476029,0.032122880705464,0.509934922449917,Jedi Wars Between Amazon And Microsoft Are Still Very Much On Shares of several technology companies are trading higher as markets look to rebound from Monday's selloff. The technology sector has been highly impacted by the coronavirus due to its China exposure and sensitivity to economic conditions.,2
2020-03-11,CRM,152.33352661132812,-0.0419609718760591,-0.0904447714339804,-0.1444653236945988,0.0329726615383707,0.5234247749666007,"Shares of several companies in the technology, software and semiconductor space are trading lower as equities sell off amid coronavirus fears. The virus spread has disrupted economic activity across sectors and caused global macro uncertainty.",1
2020-03-12,CRM,138.55575561523438,-0.0904447714339804,0.0511419663692858,-0.0080373199829523,0.0374526037797791,0.5945416533187993,"E-Commerce Is Among The Lucky Ones With The Tools To Amortize The Coronavirus Blow Shares of several technology, software and semiconductor companies are trading lower as equities sell off amid continued global coronavirus concerns. The virus has caused global economic disruption and negatively impacted stocks across sectors.",2
2020-03-13,CRM,145.6417694091797,0.0511419663692858,-0.1588849778501943,-0.0570443799694052,0.040171825245095,0.6377079558604065,Oracle Might Not Challenge Cloud Providers But Investors Are Pleased,1
2020-03-16,CRM,122.50148010253906,-0.1588849778501943,0.089461137081187,0.1304905909215412,0.0516651995206905,0.8201596162096847,Shares of several technology stocks are trading lower amid demand and supply chain disruption concerns driven by coronavirus.,1
2020-03-17,CRM,133.46060180664062,0.089461137081187,-0.023482491344512,0.1345442746414156,0.0569464897830959,0.903997500024914,"Shares of several technology, semiconductor and software companies are trading higher, rebounding from Monday's crash. Stocks may also potentially be getting a boost from expectations of further stimulus proposals. Oppenheimer Maintains Outperform on Salesforce.com, Lowers Price Target to $165",2
2020-03-18,CRM,130.3266143798828,-0.023482491344512,0.0545976301605708,0.1120687828302844,0.0566665963171627,0.8995543289982069,"Shares of several technology, software and semiconductor companies are trading lower as equities sell off amid continued global coronavirus concerns. The virus has caused global economic disruption and negatively impacted stocks across sectors.",1
2020-03-19,CRM,137.442138671875,0.0545976301605708,-0.0007887951783687,0.1094936523359439,0.058773330622081,0.932997699294022,"Shares of several technology companies are trading higher, rebounding from earlier weakness. Markets have been volatile amid the coronavirus outbreak, with central banks and governments around the world enacting stimulus measures. Shares of several technology, software and semiconductor companies are trading lower amid continued global coronavirus concerns. The virus has caused global economic disruption and negatively impacted supply chains for many tech companies. UPDATE: Several stocks in the sector have since reversed.",2
2020-03-24,CRM,151.41696166992188,0.0933676984539992,-0.042827449280287,-0.0628743854591363,0.0634382505900372,1.00705100802141,Shares of several technology companies are trading higher amid market strength on hopes of a US economic stimulus package agreement.,1
2020-03-25,CRM,144.93215942382812,-0.042827449280287,0.0521555811087361,-0.088399323919272,0.0639522566706712,1.015210601591806,"Salesforce Says Will Not Conduct Significant Lay Offs Over Next 90 Days Morgan Stanley Maintains Overweight on Salesforce.com, Lowers Price Target to $195",2
2020-03-27,CRM,143.8874969482422,-0.0564208595407769,0.0263699876911636,-0.0800685188706327,0.0659648583410819,1.0471596626406448,"Shares of several technology, semiconductor, and software companies are trading lower as a potential sell-off from this week's strength. While US stimulus legislation has boosted economic optimism, demand concerns still exist amid the coronavirus.",1
2020-03-30,CRM,147.6818084716797,0.0263699876911636,-0.0391727002446149,-0.015348699046079,0.0656345657806647,1.0419164307920938,Shares of several technology companies are trading higher as equities continue to rise following last week's rebound amid US stimulus measures.,1
2020-03-31,CRM,141.89671325683594,-0.0391727002446149,-0.0688984157267884,0.0075706423561321,0.065561754738435,1.0407605913294578,"Piper Sandler Maintains Overweight on Salesforce.com, Lowers Price Target to $193",1
2020-04-01,CRM,132.12025451660156,-0.0688984157267884,0.0019395671349045,0.1272564618456515,0.0661681553264106,1.050386902233459,"12 Technology Stocks Moving In Wednesday's Pre-Market Session Shares of several technology, semiconductor, and software companies are trading lower amid market weakness as macro concerns continue to grow as a result of the coronavirus pandemic. The White House said it expects a surge in cases over the next 2 weeks.",2
2020-04-06,CRM,145.4150848388672,0.0985780619220315,-0.0168079007563859,0.0688579540464282,0.0676792506029679,1.0743747960880283,Shares of several semiconductor and large technology stocks are trading higher with the broader market on optimism that coronavirus cases in several US hotspots appear to be reaching their peak.,1
2020-04-07,CRM,142.97096252441406,-0.0168079007563859,0.0417039097648868,0.072792589339411,0.0659507081101675,1.046935034688684,"Shares of several technology, semiconductor, and software companies are trading higher amid optimism that coronavirus cases in Asia are potentially easing. Global slowing cases could raise hopes of a sooner return to spending and economic activity.",1
2020-04-08,CRM,148.93341064453125,0.0417039097648868,0.02269730034322,0.0393064904461861,0.066015285747765,1.0479601729047177,Shares of several technology companies are trading higher amid overall market strength on optimism that US coronavirus cases could soon leveling off. NOTE: Some names in the sector have potentially benefited from recent work-at-home trends.,1
2020-04-14,CRM,155.42807006835938,0.0341638109765105,-0.0131886150329457,-0.0453363366317387,0.0487831244534608,0.774408092883427,"Shares of several technology companies are trading higher as markets gain on positive coronavirus outlook. Optimism surrounding the virus has led to hopes of an upcoming return to economic activity, which would benefit the sector.",1
2020-04-15,CRM,153.37818908691406,-0.0131886150329457,0.0091882114961976,-0.0095743117670648,0.0456220985348688,0.7242283620728829,Every Member Of Trump's 'Great American Economic Revival' Industry Groups,1
2020-04-21,CRM,148.38153076171875,-0.0749568529287736,0.0237776743944981,0.0259033731057309,0.0479868282215324,0.7617672820857045,Shares of several technology companies are trading lower amid overall market weakness following a collapse in oil prices. Oil has been negatively impacted by excess supply and low demand amid the coronavirus pandemic.,1
2020-04-29,CRM,158.10870361328125,0.0386505917819615,0.0094745011779793,0.0201956955019064,0.0385405492343723,0.6118122519959408,"Shares of several technology companies are trading higher amid market strength following positive data from a study of Gilead's Remdesivir, which is being evaluated for coronavirus. A successful treatment could mean a sooner return to economic activity. NOTE: Some names may also be moving in sympathy following recent earnings from Google and some semiconductor companies.",1
2020-05-04,CRM,159.13365173339844,0.0326149012444667,0.011023797814226,0.1312938183905372,0.0359956861233601,0.5714138025212975,Salesforce CEO Benioff Says Work.com Platform Helps Reopening Businesses 'Be Safer At The Office',1
2020-05-05,CRM,160.88790893554688,0.011023797814226,0.0025726601510818,0.0875344628910417,0.0293486440497819,0.465895280836071,"Benzinga's Top Upgrades, Downgrades For May 5, 2020 Rosenblatt Initiates Coverage On Salesforce.com with Sell Rating, Announces Price Target to $120",2
2020-05-06,CRM,161.30181884765625,0.0025726601510818,0.0380644316623965,0.0364758516540795,0.0288902591784812,0.458618646590776,"S&P Dow Jones Indices Announces 'DexCom & Domino's Pizza Set to Join S&P 500; Salesforce.com to Join S&P 100; STORE Capital to Join S&P MidCap 400; Capri Holdings to Join S&P SmallCap 600' Webull Leverages Crisis To Spur Innovation, Financial Wellness",2
2020-05-07,CRM,167.44168090820312,0.0380644316623965,0.0353148478811329,-0.0170689130080964,0.0286671331923617,0.4550766313689264,Why Salesforce's Stock Is Trading Higher Today Salesforce.Com shares are trading higher after S&P Dow Jones Indices announced the company is set to join the S&P 100.,2
2020-05-08,CRM,173.3548583984375,0.0353148478811329,0.0384878633752145,-0.0259806720967127,0.0291818746424007,0.4632478985667251,Shares of several technology companies are trading higher amid market strength after US job loss figures came in better than expected. The sector has been strong recently as several companies reported strong earnings and benefited from online services.,1
2020-05-11,CRM,180.02691650390625,0.0384878633752145,-0.0280834164813,-0.0556742172818259,0.0295912244927786,0.4697461259866538,"Why Salesforce's Stock Is Trading Higher Today Salesforce shares are trading higher after JMP analysts maintained an Outperform rating on the stock and raised their price target from $172 to $191. Software and technology names have been strong recently despite market volatility. JMP Securities Maintains Market Outperform on Salesforce.com, Raises Price Target to $191",3
2020-05-13,CRM,167.18544006347656,-0.0444970828668824,-0.0155623996900516,0.0429733865186168,0.031956088896351,0.507287184564104,Salesforce shares are trading lower. Not currently seeing company-specific news.,1
2020-05-18,CRM,170.00405883789062,0.00682895742547,0.020521683747426,0.0233043716464,0.0318362108553377,0.5053841796590315,"Cowen & Co. Maintains Outperform on Salesforce.com, Lowers Price Target to $200 RBC Capital Maintains Outperform on Salesforce.com, Lowers Price Target to $210 Oppenheimer Maintains Outperform on Salesforce.com, Raises Price Target to $195",3
2020-05-19,CRM,173.49282836914062,0.020521683747426,0.0050557492128866,0.0031811712655713,0.0261122486447135,0.4145190965195719,Shares of several companies in the broader technology sector are trading higher. Positive catalysts include recent vaccine developments as well as increased usage in some software programs as a result of the work-from-home environment.,1
2020-05-20,CRM,174.36996459960938,0.0050557492128866,-0.0094388016287012,0.0235686514385022,0.025857720459554,0.4104785868420402,Salesforce Labs Unleashes Supplyforce Bot Communication Tool,1
2020-05-21,CRM,172.72412109375,-0.0094388016287012,0.014778109708005,-0.0026817088305219,0.0256020609926609,0.4064201186237298,3 Ways Small Businesses Can Get Emergency Help Right Now,1
2020-05-22,CRM,175.2766571044922,0.014778109708005,-0.007478237659824,-0.0083779557829676,0.0256002997561097,0.4063921598602431,3 Tips To Make Money In The Stock Market,1
2020-05-26,CRM,173.9658966064453,-0.007478237659824,0.000453204706347,-0.0129730395387994,0.0255136719331603,0.4050169858033853,Stocks To Watch This Week,1
2020-05-27,CRM,174.04473876953125,0.000453204706347,0.0254813261143329,-0.0091166239822636,0.0248114149707986,0.3938690021301484,"5 Stocks Moving In Wednesday's After-Hours Session Workday Reports Separate Partnerships With Salesforce, Microsoft Hearing JP Morgan Out With Survey Of Salesforce Partners Showing Partners Finished 2.7% Below Plan On Average And Partners On Average Think It Will Take 27 Months For Base Of Salesforce Customers And Prospects To Return To 100% Health",3
2020-05-28,CRM,178.47962951660156,0.0254813261143329,-0.0348426553802004,-0.0533406412893874,0.024091910705834,0.3824472260160688,"10 Stocks Moving In Thursday's After-Hours Session Salesforce Trades Down On Underwhelming Q2 Guidance Salesforce.Com shares are trading lower after the company issued Q2 and FY21 EPS and sales guidance below estimates. AT&T Announces Multi-Year Agreement With Salesforce Salesforce Sees FY21 Adj. EPS $2.93-$2.95 vs $3.10 Estimate, Sales ~$20B vs $20.77B Est. Saleforce.com Sees Q2 Adj. EPS $0.66-$0.67 vs $0.75 Estimate, Sales $4.89B-$4.9B vs $5.05B Est. Salesforce.com Q1 Adj. EPS $0.70 Beats $0.69 Estimate, Sales $4.87B Beat $4.85B Estimate Shares of several technology companies are trading lower, rebounding from Wednesday weakness. The sector sold off Wednesday following recent strength amid greater interest in software and virtual communication services amid the work-from-home environment. Sector appears to be rebounding on Thursday. Earnings Scheduled For May 28, 2020",9
2020-05-29,CRM,172.26092529296875,-0.0348426553802004,0.0089821398897291,-0.0052061723622703,0.0257694562119204,0.409077435348661,"Wells Fargo Maintains Overweight on Salesforce.com, Raises Price Target to $215 Costco Shares Come Under Pressure Despite Strong Earnings, Same-Store Sales Salesforce.Com shares are trading lower after the company issued Q2 and FY21 EPS and sales guidance below estimates. 20 Technology Stocks Moving In Friday's Pre-Market Session A Peek Into The Markets: US Stock Futures Down; All Eyes On Trump's News Conference On China 6 Stocks To Watch For May 29, 2020",6
2020-06-01,CRM,173.80819702148438,0.0089821398897291,-0.0120774906252419,0.0010775462847127,0.0241234791080575,0.3829483588654944,"CFRA Maintains Strong Buy on Salesforce.com, Raises Price Target to $225",1
2020-06-10,CRM,179.4651641845703,0.0431943519663109,-0.055189467198246,-0.0038440907138069,0.0213477811565825,0.3388855199000888,Shares of several technology companies are trading higher on continued volatility despite market weakness. The sector sold off recently as other sectors gained amid US economic reopening and appears to be rebounding.,1
2020-06-05,DIS,121.9481964111328,0.0091357630297823,0.0197083407313591,-0.074747588118464,0.0274367803773915,0.4355453859292501,"P/E Ratio Insights for Walt Disney Shares of several communication companies are trading higher following strong US jobs data and continued optimism amid the reopening of the economy. US Debt Market Raised $22.5B This Week, The Highest Since 2007: FT",3
2020-06-08,DIS,124.35159301757812,0.0197083407313591,-0.0266341910785757,-0.0801382316915896,0.0269259543304844,0.4274362738292676,Investor Movement Index Summary: May 2020,1
2020-06-09,DIS,121.03958892822266,-0.0266341910785757,-0.0138026074036011,-0.0439906306380355,0.0276600107714069,0.4390890585750641,"Why Disney's Stock Is Trading Lower Today Travel Stocks Lose Momentum In Pre-Market After Leading Yesterday's Sharp Rally Benzinga's Top Upgrades, Downgrades For June 9, 2020 The Walt Disney shares are trading lower after the Consumer Edge Research downgraded the stock from Overweight to Equal-Weight and announced a price target of $125 per share. Consumer Edge Research Downgrades Walt Disney to Equal-Weight, Announces $125 Price Target",5
2020-06-10,DIS,119.36892700195312,-0.0138026074036011,-0.0780814862708012,-0.0370763657039366,0.0267463264429223,0.4245847695151394,As Expected: Fed Keeps Rates Unchanged and Forecasts Years Of Dovish Policy,1
2020-01-02,GOOGL,67.87303161621094,,-0.0052314153800014,0.0373425713789197,,,"12 Stocks That Have Been The World's Most Valuable Company Nomura Internet Stock Preview For The Year: Buy Google, Activision Blizzard Google Says Its AI Sometimes Outperforms Human Doctors In Detecting Cancer",3
2020-01-03,GOOGL,67.51795959472656,-0.0052314153800014,0.0266540817025273,0.0495330131572613,,,"Benzinga's Top Upgrades, Downgrades For January 3, 2020 '@Xiaomi said Friday it had fixed a bug and communicated with @Google n response to the US firm disabling #Xiaomi link to Assistant and Google Home after a user reported seeing footage from other cameras.' -China's Global Times Amazon To Employee Climate Activists: Toe The Line Or Get Fired",3
2020-01-06,GOOGL,69.31758880615234,0.0266540817025273,-0.001931519069472,0.0302044059855188,,,Alphabet shares are trading higher after Pivotal Researched upgraded the stock from Hold to Buy and raised the price target from $1.445k to $1.65k per share.,1
2020-01-07,GOOGL,69.18370056152344,-0.001931519069472,0.0071177406907727,0.0254316089706647,,,'Sonos sues Google for allegedly swiping speaker tech' -Washington Post,1
2020-01-09,GOOGL,70.40758514404297,0.0104978981866041,0.0064587136557843,0.0213904525596515,,,"Bernstein Initiates Coverage On Facebook And Google With Outperform Ratings; Firm Also Initiates Coverage On Amazon At Market Perform, Citing Exposure To Retail And Regulatory Concerns Stocks That Hit 52-Week Highs On Thursday Billionaire Gives Away $9M As 'Social Experiment,' Breaks Twitter Records Google's Travel Site Updated To Provide More Info",4
2020-01-10,GOOGL,70.8623275756836,0.0064587136557843,0.0077468218091019,0.0353821737074033,,,"Stocks That Hit 52-Week Highs On Friday Benzinga's Top Upgrades, Downgrades For January 10, 2020 Bernstein Initiates Coverage On Alphabet with Outperform Rating, Announces $1.6K Price Target Facebook Refuses To Limit Political Ads But Gives Users More Control Over Them Spotify, YouTube, Other Streaming Platforms Exceed Trillion In 2019",5
2020-01-13,GOOGL,71.41128540039062,0.0077468218091019,-0.0065554347106095,0.0293189544466785,,,"Evercore ISI Group Maintains Outperform on Alphabet, Raises Price Target to $1.6K",1
2020-01-14,GOOGL,70.94315338134766,-0.0065554347106095,0.0060186084856732,0.0372433192262842,,,"Bears Fawning For FANG With A Newly Upsized ETN Google Purchases Appsheet, No Terms Disclosed 10 Most Trusted Brands In America: US Postal Service, Amazon Top The List Are You Ready For Some Esports? League Of Legends Will Add 'Monday Night League' Games On Website, YouTube, Twitch Cramer Weighs In On Whether Alphabet Is Worth $1 Trillion 'Google is buying an Irish retail search startup called Pointy'  -Business Insider Microsoft CEO Criticizes India's Exclusionary Citizenship Law, Compares To US Experience",7
2020-01-15,GOOGL,71.37013244628906,0.0060186084856732,0.0076152697072016,0.031607784212859,,,"Criteo Comments on Google Chrome Privacy Enhancements Grindr, Tinder, OkCupid, Makeup, Kids And Prayer Apps Spreading User Data: Report",2
2020-01-16,GOOGL,71.91363525390625,0.0076152697072016,0.0202458893953911,0.0110400489546633,,,"Alphabet Inc. Market Cap Hits $1 Trillion Analyst: Amazon, Wayfair Big Winners From Impressive Online Holiday Sales Growth Stocks That Hit 52-Week Highs On Thursday AirAsia Partners With Google To Reskill Staff, Launches Tech Academy",4
2020-01-17,GOOGL,73.36959075927734,0.0202458893953911,0.0018454357363166,-0.0323007926108532,,,"9 Takeaways From The JPMorgan Healthcare Conference Stocks That Hit 52-Week Highs On Friday UPDATE: UBS Maintains Buy on Alphabet, Raises Price Target to $1.675K As Firm Continues 'to see Cloud as an area where GOOG management will continue heavy levels of investment to maintain/build upon recent end market success' Twitch's Viewership Declined In Q4 After Popular Streamers Left The Platform: Report Microsoft Commits To Go 'Carbon Negative' By 2030, Creates $1B Fund For Climate Innovation Google Parent Company Alphabet Joins The $1 Trillion Club With Apple, Microsoft, Aramco",6
2020-01-21,GOOGL,73.50498962402344,0.0018454357363166,0.0010927457582927,-0.0214202248889038,,,"Stocks That Hit 52-Week Highs On Tuesday Macron, Trump Agree To Hold Off Tit-For-Tat Tariffs Morgan Stanley Maintains Overweight on Alphabet, Raises Price Target to $1,560 Huawei Partners With TomTom To Develop Google Maps Alternative Macron, Trump Declare Truce on Digital Tax Dispute",5
2020-01-22,GOOGL,73.58531188964844,0.0010927457582927,0.0005527231073925,-0.0183102619042829,,,"Researchers In Google's Cloud Team Identified 5 Different Types Of Potential Attack Allowing Third Parties To Obtain Sensitive Private Information Apple's Privacy Software Allowed Users To Be Tracked, Says Google Stocks That Hit 52-Week Highs On Wednesday GM-Backed Cruise's Self-Driving Robo-Taxi Revealed",4
2020-01-23,GOOGL,73.62598419189453,0.0005527231073925,-0.0124741135124745,-0.0205024608030522,,,"Today's Pickup: Waymo To Run Self-Driving Trucks In Texas, New Mexico French Finance Minister Le Maire Says Has Reached Agreement With U.S on the Basis for Discussions on Digital Tax UK Business Minister Leadsom Says We Are Going Ahead With the Digital Tax but We Need a Global Solution University Of Minnesota Student Imprisoned In China For Tweets Critical Of Chinese Government",4
2020-01-24,GOOGL,72.70756530761719,-0.0124741135124745,-0.0234895842842851,-0.0227734192269698,,,"Activision Blizzard Announces Google Cloud Will Serve As Preferred Provider For Co., Youtube Will Serve As Its Exclusive Streaming Partner Worldwide, Excluding China 10 Biggest Price Target Changes For Friday Is The Drone Industry Finally Ready To Take Off? KeyBanc Maintains Overweight on Alphabet, Raises Price Target to $1.769K",4
2020-01-27,GOOGL,70.99969482421875,-0.0234895842842851,0.0131099351047359,0.0355303505066368,,,"Activision Blizzard, Google Partnership Will Put Call Of Duty, Overwatch League Streaming On YouTube 'Google App Maker will be shut down on January 19, 2021' -Blogpost From Google's G Suite Updates Blog 8 Cloud Stocks To Own In 2020 10 Biggest Price Target Changes For Monday ﻿Shares of several communication companies are trading lower as the Wuhan coronavirus continues to spread throughout the country, prompting travel bans in multiple Chinese cities. Reports say the death toll rose to 80 as of the end of Sunday with more than 2,700 people now infected. Mizuho Securities Maintains Buy on Alphabet, Raises Price Target to $1650 Amazon Employees Publicly Condemn Company's Communications, Climate Policies Justice Department And State AGs To Share Information In Google Antitrust Probe",8
2020-01-28,GOOGL,71.93049621582031,0.0131099351047359,0.0042742558024047,-0.0035092002884151,,,"'Google Developing New 'Unified' Communications App for Businesses' -The Informatin 8 Stocks To Buy For This 2020 Presidential Election Year Accenture, Google Cloud To Collaborate To Help Life Sciences Cos. Advance Discovery, Development, Delivery Of Therapies, No Terms Disclosed 7 Video Game, Esports Themes Investors Should Watch In 2020",4
2020-01-29,GOOGL,72.23794555664062,0.0042742558024047,-0.0016815984838787,-0.0073110773425463,,,"Google Confirms That Is Temporarily Shutting Down All China Offices Due To Coronavirus Outbreak 'Google is temporarily shutting down all China offices due to coronavirus outbreak' -The Verge February Market Outlook: Coronavirus, D.C. Proceedings, Earnings Season Could Mean Volatility",3
2020-01-30,GOOGL,72.11647033691406,-0.0016815984838787,-0.0147636856053192,0.0149353871218573,,,Alphabet Earnings Ahead: Analysts Eyeing These 3 Growth Drivers At Google Microsoft Analysts See 20% Upside Following Across-The-Board Q2 Beat 3 Things That Move Alphabet's Stock,3
2020-01-31,GOOGL,71.05176544189453,-0.0147636856053192,0.0347714572597548,0.0323354805706537,0.0116155300575611,0.1843908232710155,"13 Super Bowl 54 Commercials You Won't Want To Miss MAGA: A Look At The Trillion Dollar Market Cap Club Position Scrimmage: Coronavirus, End-Of-Month Profit Taking Influencing Markets Benzinga Pro's Top 5 Stocks To Watch For Fri., Jan. 31, 2020: AMZN, IBM, GOOGL, WWE, UBER 7 Communication Services Stocks Moving In Friday's Pre-Market Session",5
2020-02-03,GOOGL,73.5223388671875,0.0347714572597548,-0.0250843648046222,0.0175773499696991,0.0135272447707116,0.2147383535232122,"Alphabet CEO Says Youtube Has 20 Million Paid Music And Premium Subscribers, Says YouTube Has 2M Paid YouTube TV Subscribers Alphabet Reports Mixed Q4 Earnings Alphabet CFO Says No Impact Currently From Coronovirus, Could Impact Hardware Products If Protracted 7 Stocks Moving In Monday's After Hours Alphabet shares are trading lower after the company reported worse-than-expected Q4 sales results. Alphabet Reports Google Cloud Revenue 2.61B Up From 1.7B YoY Alphabet Q4 Total Traffic Acquisition Cost $8.501B vs $7.436B in Same Qtr. Last Year Alphabet Reports Q4 Operating Margin 20%, Down From 21% YoY Alphabet Q4 EPS $15.35 Beats $12.53 Estimate, Sales $46.075B Miss $46.94B Estimate Here's How Much Investing $100 In Google Stock Back In 2010 Would Be Worth Today",18
2020-02-04,GOOGL,71.6780776977539,-0.0250843648046222,0.0004426827961161,0.0447277798835101,0.0139780912557256,0.2218953195961002,"Nvidia GeForce Now Game Streaming Is Now Available Group Of State Attorney Generals Say Meeting With US Justice Department Officials To Discuss Alphabet's Google Anti-Trust Probe Has Concluded Twitter Analyst Sees Risk To Q1 Guidance, But Expects 'Buying Opportunity Ahead' Mid-Afternoon Market Update: NASDAQ Rises Over 2%; Myomo Shares Spike Higher OK Google, How Is The Street Reacting To Alphabet's Q4 Earnings? Mid-Day Market Update: Allot Surges After Q4 Results; Rockwell Medical Shares Plunge PreMarket Prep Recap, Feb. 4, 2020: TSLA Continues Its Unbelievable Move UPDATE: Needham Maintains Buy On Alphabet, Raises Target To $1,800 Notes 'There were several key ""firsts"" now that Sundar Pichai is CEO:' Mid-Morning Market Update: Markets Open Higher; Alphabet Reports Mixed Q4 Results China Reportedly Considering Further Stimulus To Help Economy Weather Coronavirus",32
2020-02-05,GOOGL,71.70980834960938,0.0004426827961161,0.0206910243353972,0.0501919961256063,0.0139550785746716,0.2215300046096821,"Shorts In A Twist: Tesla Shares Seem To Be Going Through A Classic ""Squeeze"" Earnings Bonanza: Results Keep Pouring In, With Investors Looking Over Merck, Disney 10 Biggest Price Target Changes For Wednesday Argus Research Maintains Buy on Alphabet, Raises Price Target to $1620",4
2020-02-06,GOOGL,73.19355773925781,0.0206910243353972,0.0021272457358667,0.0253527706833682,0.0145406096105984,0.2308250216455153,"BitTorrent CEO Justin Sun's $4.5-Million Dinner With Warren Buffett Everything You Need To Know About The Overwatch League 2020 Alphabet, Sonos Shares Appear Unaffected Following Recent Reuters Article 'U.S. trade panel opens patent probe into Google speakers after Sonos complaint' Alphabet shares are trading higher after CFRA maintained a Strong Buy on the company and raised the price target from $1737 to $1761. Facebook At Key Inflection Point Why Company Culture Is Critical for a Small Business' Bottom Line Facebook Sends Cease And Desist Letter To AI Startup, Joins Twitter, Venmo, YouTube China's Xiaomi, Huawei Technologies, Oppo and Vivo are Jointly Creating a Rival to Google App Store",8
2020-02-07,GOOGL,73.34925842285156,0.0021272457358667,0.0199785022603415,0.0267865705488454,0.0144202468791229,0.2289143225178869,"Hearing the US Has Blocked a Planned Data Cable Connecting LA and Hong Kong Citigroup Maintains Buy on Alphabet, Raises Price Target to $1700 Job Market Heats Up In January, As Warmer Weather Might Have Helped Add Positions Google's Former Head of Pixel Smartphone Division, Mario Queiroz, has Left the Company",4
2020-02-10,GOOGL,74.81466674804688,0.0199785022603415,0.0009277890881886,0.0071453424743026,0.0149405027045861,0.2371731277117365,"Stocks That Hit 52-Week Highs On Monday 'Google Could Acquire Tesla For $1,500 Per Share On Its Way To $2 Trillion Stock' -Forbes Contributor Article From Trefis, Great Speculations 'Big Google Search Ranking Algorithm Update - Currently Unconfirmed' -Search Engine Roundtable Google Accused of Competition Abuse in Holiday Rentals",4
2020-02-11,GOOGL,74.88407897949219,0.0009277890881886,0.0056752756895779,0.0098075374067543,0.0148999810051962,0.2365298656760122,"WhatsApp Payments To Launch In India, BofA Says Monetization Will Take Time Federal Trade Commission Chairman Says Number Of Deals Made By Big Tech Companies It Wants To Study Is In The Hundreds Piper Sandler Remains Bullish On Slack On Broader Enterprise Adoption Hearing FTC To Examine Past Acquisitions By Large Technology Companies, Wants Information On Past Deals That Weren't Scrutinized; Unconfirmed Stocks That Hit 52-Week Highs On Tuesday Youtube In Talks To Follow Amazon And Apple Into Video Subscriptions Market Deutsche Bank Seeking Bids From Microsoft, Google, Amazon to Overhaul Its Technology Google 'People Operations' Head Steps Down As Company Faces Mounting Employee Protests",8
2020-02-12,GOOGL,75.30906677246094,0.0056752756895779,-0.0034504417525841,-0.0010798396500424,0.0147598596210454,0.234305507661062,"Google Joins Blockchain Startup Hedera Hashgraph's Governing Council FTC Asks Tech Giants To Hand Over Details Of Every Single Acquisition They Made Last Decade Trump Gives New Definition To 'Make America Great Again,' And It Involves Tech Giants",3
2020-02-13,GOOGL,75.0492172241211,-0.0034504417525841,0.0035285682379453,-0.0197768574516377,0.0148128760399168,0.2351471172194836,"Streaming Is Now 20% Of TV Viewing, Netflix Clings To Top Spot UK's CMA Clears Deal Between Google and Looker",2
2020-02-14,GOOGL,75.31403350830078,0.0035285682379453,0.000467504582102,-0.0651005448884933,0.0147684674550623,0.2344421527898753,"Tiger Global Management Takes Share Stake Of 106,360 Shares Of Class A Capital Stock In Alphabet YouTube Says in a Blog it Paid $3B to the Music Industry in 2019 via Ads and Subscriptions Google In Talks To Pay Publishers For Content In Premium News Product",3
2020-02-18,GOOGL,75.3492431640625,0.000467504582102,0.003573549114556,-0.0876111361320414,0.0141614319287017,0.2248057625514876,"Q4 13F Roundup: How Buffett, Einhorn, Ackman And Others Adjusted Their Portfolios Stocks That Hit 52-Week Highs On Tuesday Global Stocks Drop As Apple, Others Share Grim Outlook Due To Coronavirus Outbreak EU Rejects Facebook Proposal On Content Moderation, Suggests To Adapt To Local Regulations",4
2020-02-19,GOOGL,75.6185073852539,0.003573549114556,-0.005167548826516,-0.08813849894501,0.0141693887296808,0.224932072851222,"Google Says Removed More Than 75M Policy-violating Reviews and 4M Fake Business Profiles in 2019 Stocks That Hit 52-Week Highs On Wednesday Yandex Revenues Topped Estimates In Q4, But Earnings Are Lacking Expedia Group Seems Unable To Reach The Promised Land Calendar Apps Can Do Wonders And Not Only For Your Schedule Elon Musk Thinks All Artificial Intelligence Needs To Be Better Regulated, Including At Tesla A Peek Into The Markets: US Stock Futures Up Ahead Of Economic Data, Fed Minutes Google Parent Alphabet To Quit Power Generating Kite Company",8
2020-02-20,GOOGL,75.22774505615234,-0.005167548826516,-0.022103088450791,-0.1331849463061335,0.0142481013431939,0.2261815968536187,"Hearing WarnerMedia, YouTube TV Have Agreed On Distribution Deal Google Shares Unaffected Wed., Thurs. Following News 'Google Cloud acquires Cornerstone Technology to help you migrate your mainframe' Cheetah Mobile Shares Fall To Session Low On Spike In Volume; Traders Attribute Downside To BuzzFeed Article 'Google Has Banned Almost 600 Apps For Pushing ""Disruptive"" Ads' No More Immunity? Justice Department Wants Tech Companies To Have Legal Responsibility For Content Posted On Their Platforms Sling TV Starts Losing Subscribers As Streaming Wars Intensify",5
2020-02-21,GOOGL,73.56497955322266,-0.022103088450791,-0.0428727185573496,-0.0972118815109533,0.0151729171961011,0.2408625933855543,"Bezos Is Creating A $10 Billion ""We Can Save Earth"" Fund. Will Amazon Follow? 4 Coronavirus Myths Causing Unnecessary Alarm Ark Invest Says Autonomous Ride-Hailing Now Looks Even More Profitable Than Previously Estimated Cheetah Mobile Reports It Has Been Informed By Google That Co.'s Google Play Store, Google AdMob, Google AdManager Accounts Have Been Disabled On Feb. 20, 2020, Associated Contracts Will Be Terminated New Mexico Accuses Google Of Violating Children's Data Privacy, Files Lawsuit Facebook To Pay Users $5 For Their Voice Recordings Fitbit Shares Plummet On Q4 Earnings Miss Global Cloud Infrastructure Market Reached Sky High $107B In 2019",8
2020-02-24,GOOGL,70.41104888916016,-0.0428727185573496,-0.0236218399190284,-0.0236218399190284,0.0177919373761496,0.2824382498359614,Why Partnerships Are The Lifeblood Of The Cannabis Industry Fitbit's Weak Results Amid Pending Acquisition Keeps Longbow On The Sidelines Shares of several technology companies are trading lower amid continued spread of coronavirus including notable upticks in Iran and Italy. NOTE: The virus has raised fear of a global economic slowdown. 20 Communication Services Stocks Moving In Monday's Pre-Market Session KFC Canada Begins Use of Google's Food Ordering Service Google Warns New Huawei Phone Owners Against Sideloading Gmail And YouTube,6
2020-02-25,GOOGL,68.74781036376953,-0.0236218399190284,0.0029934813486713,-0.035056935961983,0.0178005816188219,0.2825754729342627,"UPDATE: Morgan Stanley On Alphabet Notes 'Our new SoTP shows how GOOGL is worth $1,650 with no value for Cloud, Waymo, Verily, Stadia and investments...and $1,850 if the market just starts to put value on Cloud and Waymo' UPDATE: Morgan Stanley Maintains Overweight On Alphabet, Raises Target To $1.65K Notes 'New disclosure has arrived, which we see enabling investors to better value the growth/durability of GOOGL's assets' 3 Reasons Why Top Hedge Funds Have Changed Their Minds On Uber Sada Extends Relationship With Google Cloud, Announces Multi-Year, $500m Agreement To Drive Cloud Adoption Morgan Stanley Maintains Overweight on Alphabet, Raises Price Target to $1650",5
2020-02-26,GOOGL,68.95360565185547,0.0029934813486713,-0.0543128056369812,-0.0063792565673812,0.0175061034986525,0.2779007776991545,"Why The Coronavirus Might Be Presenting A Buying Opportunity BlackRock Leads $250M Funding In AI Computing Startup Streaming Platform Like Spotify, YouTube Contributed To 80% Of All Music Sales In 2019",3
2020-02-27,GOOGL,65.20854187011719,-0.0543128056369812,0.0184799042098211,-0.0001444949078122,0.02096687516855,0.3328388247967129,"Today's Pickup: Four In Five Americans View Foreign Trade As An Opportunity Shares of several communication companies are trading lower as growing coronavirus fears hamper economic outlook. Microsoft Keen On Investing In Indonesia, Says The President, Promises Simpler Regulations 15 Communication Services Stocks Moving In Thursday's Pre-Market Session Google, Facebook And Others Not Bound By First Amendment, Judge Rules",5
2020-02-28,GOOGL,66.41358947753906,0.0184799042098211,0.0351467358501966,-0.0324881372256421,0.0216044401343041,0.3429598548609093,"Key Stocks Like Apple, Disney Close To Or Already In Bear Territory As Selloff Continues Gene Munster On Apple's Future, Tesla's Valuation And The 2020 Election Shares of several communication companies are trading lower as the global coronavirus spread continues to cause equities across sectors to sell off amid worsened economic outlook.",3
2020-03-02,GOOGL,68.74781036376953,0.0351467358501966,-0.035056935961983,-0.1230093443361399,0.0231118109484501,0.3668886247076333,"The Coronavirus Outbreak's Impact On Global Stocks, Commodities, ETFs Tech Industry Being Smashed By Coronavirus",2
2020-03-03,GOOGL,66.33772277832031,-0.035056935961983,0.0328020022500241,-0.046758787618381,0.0226307990018901,0.3592527967781397,Google Halts International Travel For Employees Google Cancels Annual Conference Due To Coronavirus 5 Reasons Why Tesla Is Way Ahead Of Traditional Automakers Self-Driving Vehicle Company Waymo Announces First Outside Investment: $2.25 Billion Alphabet Self-Driving Subsidiary Waymo Raises $2.25B In First External Funding,5
2020-03-04,GOOGL,68.51373291015625,0.0328020022500241,-0.0483788169392506,-0.1235524316075575,0.0235922606953377,0.3745155279940048,"Google Announces Second Stadia Games Studio, 'Division 2' Launch Google Cloud Says Will Launch Four Additional Cloud Regions In Delhi, Doha, Melbourne  And Toronto",2
2020-03-05,GOOGL,65.1991195678711,-0.0483788169392506,-0.0144662060650059,-0.1545604561035336,0.0257542706217824,0.4088363715785594,"Google's Exposure To Travel Will Impact Revenue, BofA Says Alphabet shares are trading lower in sympathy with the overall market amid coronavirus fears. Google Internal Memo Shows Mgmt. Has Sold Its Seattle-Area Employees To Stay Home Coronavirus Has Now Spread To Healthy Corporations, Set To Affect The Global Economy Google Cloud Reports Partnership With AT&T To Enable Network Edge 5G Computing Solutions For Enterprises Judge Quashes Tulsi Gabbard's Case Against Google Alleging Free Speech Violation",6
2020-03-06,GOOGL,64.25593566894531,-0.0144662060650059,-0.0617024457163808,-0.0628754829227772,0.0251420396106576,0.3991175055764118,"FMCSA Vs ELDs, Airlines Lose $113 Billion, And Why ""This Is The Delay"" For Baby Yoda Former Uber Exec Files For Bankruptcy After Losing $179M Dispute With Google Shares of several technology companies are trading lower. Movement appears market related as markets continue to dip amid the global coronavirus outbreak. Lipper Award Winners Pick Healthcare and Technology Stocks Amidst Coronavirus Downturn 15 Communication Services Stocks Moving In Friday's Pre-Market Session Tech Giants Ask Seattle Employees To Work Remotely As Coronavirus Cases Rise Lyft San Francisco-Based Employees Told To Stay Home Over Coronavirus Fears",7
2020-03-09,GOOGL,60.29118728637695,-0.0617024457163808,0.048840703492502,-0.1174460721951249,0.0279280205852204,0.4433435824727152,"Tech Companies Lend A Hand To Help Organizations During Coronavirus Outbreak 38 Communication Services Stocks Moving In Monday's Pre-Market Session Twitter Marks Trump Campaign Video As 'Manipulated Media' In One Of The First Enforcements Of Updated Policy Bill Gates Foundation To Fund Coronavirus Testing Kits In Seattle, Aims At Checking Spread Of Disease In The Region",4
2020-03-10,GOOGL,63.2358512878418,0.048840703492502,-0.0504011033667998,-0.123207060620928,0.0301797011592912,0.4790879034583949,"Google Recommends All North America Employees Work From Home Shares of several technology companies are trading higher as markets look to rebound from Monday's selloff. The technology sector has been highly impacted by the coronavirus due to its China exposure and sensitivity to economic conditions. FANG Stocks Lose Nearly $150B In A Day As Coronavirus Fears Rise Even More, Oil Crashes",3
2020-03-11,GOOGL,60.0486946105957,-0.0504011033667998,-0.0820464246997012,-0.0988602986836308,0.0315382597293809,0.5006543521662318,"YouTube Blog Shows Co. To Enable Ads For Content Discussing Coronavirus On A Limited Number Of Channels Despite Volatility, FANG Continues to Prove Its Popularity As Market Gyrates, Investors Seek Direction From Large Stocks Including Apple, Microsoft Shares of several companies in the technology, software and semiconductor space are trading lower as equities sell off amid coronavirus fears. The virus spread has disrupted economic activity across sectors and caused global macro uncertainty. Alphabet Creates Coronavirus Fund To Give Paid Sick Leaves To Affected Workers Globally Amazon Announces $5M Fund To Help Small Seattle Businesses Tackle Coronavirus Impact US Commerce Department Extends Huawei Temporary License, Asks Public For Comments On Future Extensions Google Asks All North American Employees To Work From Home As Coronavirus Spreads",8
2020-03-12,GOOGL,55.12191390991211,-0.0820464246997012,0.0924115004700039,0.0001080977909919,0.0350719869873116,0.5567505333199202,Shares of several communications companies are trading lower as equities sell off amid continued global coronavirus concerns. The virus has caused global economic disruption and negatively impacted stocks across sectors. YouTube To Allow Ads On Coronavirus Videos After Suspending Them Earlier CME To Shut Down Chicago Trading Floor Over Coronavirus Concerns,3
2020-03-13,GOOGL,60.21581268310547,0.0924115004700039,-0.1163413432342443,-0.120286237487816,0.042484433608498,0.6744194755171218,"Trump Declares National Emergency Over Coronavirus Pandemic, Promises More Tests Next Week Birx Says New Coronavirus Testing Will Start Online Via Google Website, Will Guide To Drive Thru If Online Questionnaire Returns A Positive Answer, Then To Labs Trump Thanks Google For Developing New Coronavirus-Related Website Adobe Beats Q1 Targets, But Expects A Coronavirus-Caused Hit In Q2 Regulators Aiming To Break Of Big Tech Are Receiving ""Help"" From COVID-19 Shares of several communication and media companies are trading higher as the market rebounds following Thursday's selloff. NOTE: Since the coronavirus outbreak the healthcare sector has been extremely volatile. Coronavirus, Oil Crash Are 'One-Two Punch' To Stock Market, Says Warren Buffett",7
2020-03-16,GOOGL,53.21022415161133,-0.1163413432342443,0.0419942559690511,-0.0175863900548444,0.0484920107036786,0.769786805372496,"White House Says Microsoft, Google, Others Make Machine-Readable Database Of Coronavirus Research; Says Database Of 29,000 Scholarly Articles Aimed At Fostering Machine Learning Research Shares of several communications companies are trading lower as equities sell off amid continued global coronavirus concerns. The virus has caused global economic disruption and negatively impacted stocks across sectors. Google Accused by Rival of Fundamental GDPR Breaches US Dollar, Futures Tumble As Fed Cut Fails To Boost Investor Sentiments Google's Sister Verily Is Developing A Site To Help US Test Coronavirus Cases",5
2020-03-17,GOOGL,55.44474792480469,0.0419942559690511,-0.0240326676348452,0.0106882186861776,0.0501005568147076,0.795321683265472,"Two Pros Discuss The $1K Stocks Worth Buying Mark Tepper Says 'DAWN' Is The New 'FANG' Dept. Of Justice, FTC Could Seek Extensions To Complete Probes For Merger Reviews, Allergan, Raytheon, Google Deals Mentioned All The Major Events Canceled By Coronavirus (Updated) Apple Hit With $1.2B Fine By French Antitrust Authorities So-Called 'MAGA' Stocks Lose $1T Market Value In A Single Day NBCUniversal Releases Movies On-Demand Same Time As Theaters Due To Coronavirus",7
2020-03-18,GOOGL,54.11226272583008,-0.0240326676348452,0.0187685690830692,0.0095584096246759,0.0499706951592206,0.7932601933939026,"Waymo Shuts Safety Driver-Monitored Autonomous Taxis Citing Coronavirus Fears Travel, Airline Stocks In Focus Amid Fresh Weakness; Amazon To Hire 100,000 Workers Shares of several media and communications companies are trading lower as equities dip amid the ongoing coronavirus outbreak. Greta Thunberg Among Europe's 30 Under 30 Forbes List Toyota Partners With China's Momenta To Commercialize HD Maps For Self-Driving Vehicles",5
2020-03-19,GOOGL,55.127872467041016,0.0187685690830692,-0.0390944404782885,0.0461017693668057,0.0505121581026251,0.8018556511483348,Will Big Tech Come To The Rescue Against COVID-19?,1
2020-03-20,GOOGL,52.972679138183594,-0.0390944404782885,-0.0131809595959232,0.03936500780976,0.0507942674261823,0.8063339978243247,"Shares of several technology companies are trading higher. Market strength has been attributed to strong containment measures taken by California, rebound in oil, central bank actions and expectations of increased technology usage amid the virus outbreak. Ex-Uber Executive Pleads Guilty To Stealing Google's Trade Secrets",2
2020-03-23,GOOGL,52.27444839477539,-0.0131809595959232,0.0719836408876519,0.0874467003998196,0.050370249803144,0.7996029267319166,"Benzinga CEO Talks Hedging Bets, Dividend Plays On PreMarket Prep Shares of some technology companies are trading lower amid market volatility. Sunday's fiscal stimulus bill failed a procedural senate vote while the Fed on Monday announced stimulus measures. NOTE: Sector is mixed, with some names up for the session. Stocks That Hit 52-Week Lows On Monday How Tim Cook, Mark Zuckerberg And Other Tech CEOs Are Helping Fight The Global Pandemic",4
2020-03-24,GOOGL,56.037353515625,0.0719836408876519,-0.0251236635675666,0.0282652192097729,0.0537858921006328,0.8538245672521676,"Youtube To Reduce Video Quality Worldwide To Ease Strain On Internet Networks Due To Coronavirus Rise In Semiconductor, Cloud Computing Stocks Could Set Tone For Broader Economy Shares of several communication services companies are trading higher as equities gain amid hopes of a US stimulus agreement. 2020 Summer Olympics Likely To Be Postponed Until 2021 Due To Global Pandemic Google Surveys Users For Coronavirus Symptoms To Help Researchers Forecast Spread",5
2020-03-25,GOOGL,54.62948989868164,-0.0251236635675666,0.0556453123790001,0.0004356602319439,0.0538294148005725,0.8545154686947274,"COVID-19 Crisis Could Make Big Tech Even Stronger Alphabet shares are trading lower, not currently seeing company news. NOTE: Equities have begun moving lower following Tuesday strength. The stock has since reversed and are trading higher. Google Gives 60-Day Extension To All Contractors Due To Pandemic Microsoft, Facebook, Twitter Partner With WHO To Launch Coronavirus Hackathon",4
2020-03-26,GOOGL,57.66936492919922,0.0556453123790001,-0.0452825493438873,-0.0394610204027364,0.0546936227076857,0.8682343439143896,"SunTrust Robinson Humphrey Maintains Buy on Alphabet, Lowers Price Target to $1350",1
2020-03-27,GOOGL,55.05794906616211,-0.0452825493438873,0.0324699228045846,-0.0158162713499535,0.055128742445916,0.8751416556217472,"Regional Banks, Other Cyclicals Saw Buying Interest Yesterday Amid Stimulus Hopes 10 Stocks To Buy With Low Debt And High Liquidity 1,000 Google Employees Volunteer To Help Expand Sister Company's Coronavirus Testing Program Huawei Releases Latest Flagship Phone Amid Global Coronavirus Lockdown",4
2020-03-30,GOOGL,56.84567642211914,0.0324699228045846,0.0136436968187567,0.0321727920198382,0.0550219417631945,0.8734462473437498,"Morgan Stanley Maintains Overweight on Alphabet, Lowers Price Target to $1310 Benzinga's Top Upgrades, Downgrades For March 30, 2020 BMO Capital Upgrades Alphabet to Outperform",3
2020-03-31,GOOGL,57.62126159667969,0.0136436968187567,-0.0515082752358347,0.0177373580840549,0.054839279537278,0.8705465744015451,What Google And Is Doing To Fight The Coronavirus The Prize No One Wanted: Dow On Pace For Steepest Q1 Loss Ever As Quarter Finally Ends,2
2020-04-01,GOOGL,54.653289794921875,-0.0515082752358347,0.0135469090876603,0.0951818213290791,0.0549743103119119,0.8726901214956762,Some Staples Stocks Bouncing Back After Sliding In Recent Rally As Caution Tightens Grip Here's How The 'MAGA' Tech Giant Stocks Performed In Q1,2
2020-04-02,GOOGL,55.393672943115234,0.0135469090876603,-0.0217811037840816,0.0801589051091724,0.0544276941213398,0.8640128584785447,Google To Donate $6.5M to Help Fight Coronavirus Misinformation 'Google to lift advertising ban on coronavirus topics' -Axios Credit Suisse Compiles List Of Corporations With Most And Least Cash Self-Driving Car Engineer Demands $180M Compensation From Uber For Google Trade-Secret Theft Case,4
2020-04-03,GOOGL,54.187137603759766,-0.0217811037840816,0.082813433991093,0.1077240401207111,0.0545071918137516,0.8652748452220961,"Alphabet shares are trading lower, weakness appears market related as equities move lower for the session.",1
2020-04-06,GOOGL,58.674560546875,0.082813433991093,-0.0005325987908343,0.0693379651397447,0.0564272716502013,0.8957551676899081,Shares of several semiconductor and large technology stocks are trading higher with the broader market on optimism that coronavirus cases in several US hotspots appear to be reaching their peak. 9 Communication Services Stocks Moving In Monday's Pre-Market Session,2
2020-04-07,GOOGL,58.643310546875,-0.0005325987908343,0.020666959301091,0.0632018802845926,0.0552535326777299,0.877122639138325,Facebook Surveys Users To Help Researchers Identify Coronavirus Clusters,1
2020-04-08,GOOGL,59.85528945922851,0.020666959301091,-0.0003561981440604,0.0417814240978975,0.0542740010086872,0.861573055952731,"Netflix, YouTube, Disney+: Which Video Streaming Platform Do Teens Watch The Most? UPDATE: Google Will Still Allow Use Of Zoom's Mobile App, Browser App UPDATE: Google Spokesperson Says Co. Has Banned Zoom Video Conferencing Desktop Client On Work Laptops UPDATE: 'Google Bans Zoom Software From Employee Computers, Fearing Security Vulnerabilities' -BuzzFeed Google Has Banned Zoom Video Communications Software From Employee Computers, Fearing Security Vulnerabilities The Show Must Go On – Event Industry Rising To The Challenge Of COVID-19 Alphabet Shares Unaffected Amid Report US Dept. Of Justice Recommends Approval of Google's Request To Use Part Of US-Asia Undersea Telecom Cable Google G Suite Shows Uptick In Business Users As Meet Use Explodes",8
2020-04-09,GOOGL,59.83396911621094,-0.0003561981440604,0.0031825712988031,0.060029839753815,0.0506266689486921,0.8036734544750108,Communications Services Sector Earnings: When Staying In Becomes The Trend Will FANG Lead The Market Rebound? French Regulator Says Google Must Pay French News and Publishing Firms for Using Their Content Google Gets Federal Approval To Operate Under Sea Cable Between US and Taiwan To Boost Network Capacity,4
2020-04-13,GOOGL,60.02439498901367,0.0031825712988031,0.0452905888039016,0.0419196398355643,0.0462956467772648,0.7349206089451898,"Leon Cooperman Doesn't See Big Upside Potential For The Market Right Now YouTube Exec Talks Entertainment, Combatting Coronavirus Fake News Apple Reportedly Planning Major iPhone Design Overhaul For Fall Launches Apple And Google Team Up To Build Bluetooth Solution To Tackle COVID-19 Pandemic Apple's Stock Will Outperform Other FAANG Stocks In 2020, Long-Term Future 'Among The Brightest', Munster Says",5
2020-04-14,GOOGL,62.74293518066406,0.0452905888039016,-0.0062677517393938,-0.0419450543918523,0.0381476219232225,0.605574724304174,"Zoom Shares Fall Amid Headline Standard Chartered CEO Tells Staff Not To Use Zoom Or Google Hangouts For Video Communications, Cites Cybersecurity Risk Alphabet shares are trading higher as the tech sector gains on positive coronavirus outlook. Optimism surrounding the virus has led to hopes of an upcoming return to economic activity, which would benefit the sector. Apple And Google Give Details On Their Joint Coronavirus Contact Tracing Tool",3
2020-04-15,GOOGL,62.34967803955078,-0.0062677517393938,0.0001034592844582,0.0008829219006603,0.0374681081688791,0.5947877778655309,"Google CEO Tells Staff They Will Slow Hiring In 2020 US Senator Blumenthal Says Apple, Google Have A 'Lot Of Work To Do' To Convince People Coronavirus Contact Tracing Will Not Violate Privacy Every Member Of Trump's 'Great American Economic Revival' Industry Groups Startup Zoox Acknowledges Some Employees Were In Possession Of Tesla Confidential Information",4
2020-04-16,GOOGL,62.35612869262695,0.0001034592844582,0.0171541117752442,0.0109270087974118,0.0368144800129847,0.584411752563093,"S&P 500 Futures Up 3.2% After Hours; Many Other Stocks Moving Higher With Futures; Investors Reacting Favorably To White Phase Guidelines On Reopening Economy Why The Pandemic Could Prove Amazon Is The 'Greatest Thing That Ever Happened To The American Consumer' '$GOOGL, $FB on Watch as Barry Diller Sees 80% Drop in Ad Spend' -Tweet Robinhood Said To Be Raising $250M In New Funding Google Parent Company To 'Significantly' Limit New Hiring In 2020, CEO Pichai Says Software Rises Above Semiconductors And Hardware As Tech Heads Into Earnings Season",6
2020-04-17,GOOGL,63.4257926940918,0.0171541117752442,-0.0139564150196812,-0.0018765008623784,0.0367908090278686,0.5840359873236625,"Mizuho Maintains Buy on Alphabet, Lowers Price Target to $1500",1
2020-04-20,GOOGL,62.54059600830078,-0.0139564150196812,-0.0388454349902852,0.0076994056960804,0.0355164673253017,0.5638064399417996,"Google To Roll Out 100K Wi-Fi Hotsports In CA In First Week Of May With Live Sports On Hold, Esports Continue Stepping Up To The Plate",2
2020-04-21,GOOGL,60.11117935180664,-0.0388454349902852,0.0381551087287965,0.0168542723485565,0.0367977443414585,0.5841460820138019,"Shares of several technology companies are trading lower amid overall market weakness following a collapse in oil prices. Oil has been negatively impacted by excess supply and low demand amid the coronavirus pandemic. 3 ETFs For Netflix Earnings Making Most Of Lockdowns, Facebook Gaming Launches Earlier Than Planned",3
2020-04-22,GOOGL,62.404727935791016,0.0381551087287965,0.0101397240972491,0.0665683315478764,0.0343828390004471,0.5458106481813354,"Another Autonomous Trucking Startup Announces Layoffs Wedbush Maintains Outperform on Alphabet, Lowers Price Target to $1375 Little Things Count: After Selloff To Start Week, A Bit of Light Arrives With Positive Earnings Facebook Bowed Down To Vietnamese Censorship After Local Servers Brought Down: Reuters Shares of several social media and internet communication companies are trading higher, potentially in sympathy with Snap, which reported strong Q1 financial results and user engagement numbers. A Peek Into The Markets: US Stock Futures Gain Ahead Of Earnings YouTube Sued By Cryptocurrency Firm For Allegedly Allowing Giveaway Scams",7
2020-04-23,GOOGL,63.03749465942383,0.0101397240972491,0.0042717351226491,0.0594179051360126,0.0336007165202424,0.5333948387168463,"Google To Cut Marketing Budgets By As Much As Half, Directors Warned Of Hiring Freezes Eli Lilly Kicks Off Earnings Day With A Beat And Investors Prepare For Intel After Close 'Increasing transparency through advertiser identity verification' -Google's Ads Blog Zoom Unveils Version 5 With Updated Security Measures Following Backlash",4
2020-04-24,GOOGL,63.3067741394043,0.0042717351226491,-0.0044964020648741,0.0318969170601821,0.0316507576034855,0.5024402005536573,"Virtual Productivity: Google Cloud, YouTube in Focus As Alphabet Releases Q1 Earnings Google Announces Further Hiring And Marketing Budget Cuts Crude Oil Bounce Gives Energy Stock A Lift As Market Volatility Ebbs",3
2020-04-27,GOOGL,63.02212142944336,-0.0044964020648741,-0.030113424407224,0.0409487490096618,0.029469386340311,0.4678120052768816,"Google Says Google Pixel Buds Available Today, Priced At $179 SpotlightNews Informs Communities, Extends Helping Hand To Small Publishers 'Google in talks to acquire D2iQ' -Axios Apple And Amazon Earnings, Fed Meeting Among Highlights In Busy Week Ahead",4
2020-04-28,GOOGL,61.12430953979492,-0.030113424407224,0.0889105669462437,0.0944593369272919,0.0299617510358717,0.4756280525096914,"23 Stocks Moving In Tuesday's After-Hours Session Alphabet CEO Says 30% More Downloads From Feb To March On Play Store; Says Delayed Some Ad Launches As Impact Of Coronavirus Became Clear Alphabet CFO Says No Change With Buyback Program Alphabet Reports Q1 Sales Beat Alphabet shares are trading higher after the company reported better-than-expected Q1 sales results. Alphabet Q1 EPS $9.870 May Not Compare To $10.330 Estimate, Sales $41.160B Beat $40.380B Estimate Stadia Announces PUBG Available To Play Today For Free, Will Be Cross Platform With Other Consoles Electronic Arts Reports Partnership With Google To Bring Google's Stadio Platform To EA Games Event Reminder: Google Stadia To Hold Stadia Connect Event At 12 p.m. EDT (Live Stream Link) 'In an internal memo, CEO Sundar Pichai says Google will 'stagger' a return to offices and tells employees they should expect to work from home until at least June 1' -Tweet From Business Insider Tech Reporter",17
2020-04-29,GOOGL,66.55890655517578,0.0889105669462437,0.0033676031283325,0.0024212492215447,0.0354531659445375,0.562801561674905,"Analysts Applaud Alphabet Earnings: 'An Incredible Advertising Business' 82 Stocks Moving In Wednesday's Mid-Day Session SunTrust Robinson Humphrey Maintains Buy on Alphabet, Raises Price Target to $1550 B of A Securities Maintains Buy on Alphabet, Raises Price Target to $1420 UPDATE: Mizuho On Alphabet Notes 'Despite the slowdown, we are encouraged by strong underlying usage of YouTube and its continued path to gain share against TV advertising, affirming our LT thesis' UPDATE: Mizuho Maintains Buy On Alphabet, Raises Target To $1560 Notes 'Although advertising business came under pressure in March and April, trends were modestly better than expectations' Mizuho Maintains Buy on Alphabet, Raises Price Target to $1560 UPDATE: Morgan Stanley On Alphabet Notes 'But EBIT still falls (higher deleverage) which shows how outperformance from here likely to require a confirmed turn in ad trends' UPDATE: Morgan Stanley Maintains Overweight On Alphabet, Raises Target To $1,400 Notes 'Ad declines are likely to be somewhat less severe than expected and GOOGL is focused on efficiency/innovation to emerge stronger post downturn' UPDATE: Nomura On Alphabet Notes 'and management noted the first two months of the quarter were strong followed by a significant slowdown in advertising revenue in March (consistent with SNAP's commentary last week'",34
2020-04-30,GOOGL,66.78305053710938,0.0033676031283325,-0.0218166954326712,0.0167667650514291,0.0326312307190425,0.5180047287393471,Apple CEO Tim Cook: Apple To Work With Google To Improve COVID-19 Contact Tracing Thursday's Market Minute: Stocks Rally As GDP Plummets 108 Biggest Movers From Yesterday,3
2020-05-01,GOOGL,65.32606506347656,-0.0218166954326712,0.0042361865538449,0.0508763996338417,0.0334098438802434,0.5303648294917045,"Amazon, Exxon Mobil Earnings Weigh On Market To Start New Month As Caution Steers The Wheel Zoom Corrects Blog Saying It Had 300M Daily Active Users, Admits It Was Wrong",2
2020-05-04,GOOGL,65.60279846191406,0.0042361865538449,0.0197441703329228,0.060994756177976,0.0326546537507419,0.5183765578403138,YouTube Signs Gamer PewDiePie to Live Streaming Deal 'Google Engineers Flirted With a Zoom Acquisition—Before a Push to Beat It' -UK's The Information,2
2020-05-05,GOOGL,66.8980712890625,0.0197441703329228,-0.0026608993319696,0.0193922219444591,0.0279722569547199,0.4440458130683157,"Business Insider Reports Google-Fitbit Deal Under 'Intense Scrutiny' Charles Schwab Launches Fractional Shares, The Ability To Gift Stock 'A new edition of the P30 could let Huawei offer Google apps again' -SCMP Google Cloud, Splunk Report Strategic Partnership to Help Organizations Drive Insights From Data; Splunk Cloud Will Soon Be Available On Google Cloud 3 ETFs For Disney Earnings Apple And Google Say No To Location Tracking In Coronavirus Contact Tracing Apps YouTube Signs Gamer PewDiePie To Exclusive Streaming Deal",7
2020-05-06,GOOGL,66.72006225585938,-0.0026608993319696,0.0177266621018412,0.0021553705535835,0.0280062165416471,0.4445849047981311,A Recap Of Social Media Earnings 11 Reasons Billionaire Investor Leon Cooperman Is Worried About Long-Term Impacts Of COVID-19,2
2020-05-07,GOOGL,67.90278625488281,0.0177266621018412,0.0109985737325444,-0.0090705172067808,0.0279374215031036,0.443492817417603,"UPDATE: Lime Says Alphabet, Bain Capital Will Also Be In Investment Round With Uber ViacomCBS And Google Announce Expanded Distribution Agreement ViacomCBS, Google Report Expanded Distribution Deal: 'Introduces 14 Additional ViacomCBS Cable Networks to YouTube TV, Including BET, Comedy Central, MTV and Nickelodeon'",3
2020-05-08,GOOGL,68.64962005615234,0.0109985737325444,0.0139054681112327,-0.008148549634626,0.0279020789060172,0.4429317710821375,"'Alphabet CEO in internal memo: Offices reopening at 10% to 15% capacity starting in June' -CNBC Zoom Video Shares  Fall To Session Low On Volume Spike As Hearing 'Google Duo will soon let you make group calls in Chrome' Hearing Majority Of Alphabet Staff To Work From Home Til 2021 Along With Dramatic Jobs Data, Investors Scrutinize Recent Earnings From Uber, Square Google Employees To Work From Home Through 2020 With Few Exceptions",5
2020-05-11,GOOGL,69.6042251586914,0.0139054681112327,-0.0202408922780635,-0.0131162814659167,0.0279226972252792,0.443259076753453,"Benzinga Pro's Top 5 Stocks To Watch For Mon., May 11, 2020: SNE, CNK, MRNA, WORK, KMX Former Google CEO Eric Schmidt Cut Last Ties With The Company: Report",2
2020-05-12,GOOGL,68.19537353515625,-0.0202408922780635,-0.0195248556134225,-0.000567320885016,0.0271243617182181,0.4305858934665946,"Google, On April 28, Said 'We're Adding Roughly 3 Million New Users Every Day For Google Meet' Zoom Shares Ticking Lower; Google Says Have Re-Engineered Google Meet, Originally Built For Secure Business Meetings, To Make It Free And Available To All Citigroup Maintains Buy on Alphabet, Raises Price Target to $1600 Not Just Fun And Games: How Esports Could Offer Potential Investment Opportunities Amazon Releases AI-Based Enterprise Search Solution Kendra Twitter To Remove Coronavirus Misinformation, Including That Tweeted By Trump",6
2020-05-13,GOOGL,66.8638687133789,-0.0195248556134225,0.0063263487221161,0.0451149996787989,0.0275602391373687,0.4375052329856819,"Another Fundraise, As Self-Driving Startup Waymo's Investment Hits $3B In 2020 Apple Plans To Bring Employees Back To Office Even As Tech Peers Hold Off VMWare Announces Creation Of Next-Gen SOC Alliance With Splunk, IBM Security, Google Cloud's Chronicle, Exabeam And Sumo Logic Twitter Will Allow Employees To Work From Home For As Long As They Want",4
2020-05-14,GOOGL,67.28687286376953,0.0063263487221161,0.0119392137242506,0.0367687235845874,0.0275508067050096,0.4373554977639976,2 Google Pixel Lead Members Including 'Camera Mastermind' Quit Ahead Of 4A Model Launch,1
2020-05-15,GOOGL,68.09022521972656,0.0119392137242506,0.0088272777572231,0.0292633204709344,0.0274458738966245,0.4356897410718474,"'Justice Department, State Attorneys General Likely to Bring Antitrust Lawsuits Against Google' -WSJ, Citing People Familiar With Matter 13F From Appaloosa Shows Cut Stake In Alphabet From 440K To 361K Shares Soros 13F Shows Cut Alphabet Stake From 65,750 To 32,875 Hedge Fund Duquesne 13F Shows Increased Stakes In Facebook, Alibaba, Netflix, Amazon, Google, Alnylman Tiger Global Raises Stake in Alibaba to 4.5M Shares, Lower Stake in Alphabet to 30.5K Share",5
2020-05-18,GOOGL,68.69127655029297,0.0088272777572231,-0.0077825264233265,0.02612638658531,0.0271366565145698,0.4307810673079957,"Here's How Much Investing $1,000 In The 2015 Fitbit IPO Would Be Worth Today",1
2020-05-19,GOOGL,68.15668487548828,-0.0077825264233265,0.0252909491793356,0.0333817917479204,0.0253207316256281,0.4019541533737221,"Spotify Scoops Up Joe Rogan And His Hugely Popular Podcast Walmart Earnings Look Strong Across the Board, But Home Depot Down After Missing on EPS",2
2020-05-20,GOOGL,69.88043212890625,0.0252909491793356,-0.0017101616618089,0.0064436760265556,0.0246308428008426,0.3910025077977311,Google Lands Cloud Deal With Defense Department Dell Technologies Cloud And Google Cloud Launch Hybrid Storage Solution Global Music Revenue Set To Double By 2030 Despite Pandemic Impact: Goldman Sachs Report Google Drops Future AI Oil Extraction Projects,4
2020-05-21,GOOGL,69.76092529296875,-0.0017101616618089,0.0046135570442786,0.0190295967586002,0.0246673137999497,0.3915814669599521,Mastercard Employees Can Work From Home Until Pandemic Is Under Control Apple's Face ID Will Allow Mask Wearing Users To Unlock Their Phones Quickly,2
2020-05-22,GOOGL,70.08277130126953,0.0046135570442786,0.0057526277532855,0.0153053231973518,0.0246666385440486,0.391570747604838,'Google will stop building custom AI for Big Oil and Gas' -Electrek Report 'Naspers and Axel Springer in Bid for eBay Classifieds Unit' -Bloomberg Medtronic Guardian™ Connect Continuous Glucose Monitoring (CGM) System for Diabetes Now Compatible with Android Devices,3
2020-05-26,GOOGL,70.48593139648438,0.0057526277532855,-0.0007668801303035,0.014732216498974,0.024556939466646,0.3898293287376762,"Google CEO Says Beginning July 6, Assuming External Conditions Allow, We'll Start To Open More Buildings In More Cities; Says In Sep. Timeframe, Assuming Conditions Allow, Will Further Scale Rotation Program, Building Over Time To 30% Building Capacity Senseonics Launches New Remote Monitoring App for Android Users in US",2
2020-05-27,GOOGL,70.43187713623047,-0.0007668801303035,-0.0014362550907762,0.0133565549029333,0.023127630803141,0.3671397571153692,"Amazon Is Serious About Self-Driving Technology, Eyeing Multi-Billion Dollar Acquisition Google Faces Antitrust Case in India Over Payments App YouTube Makes Its Dedicated Children App Available On Apple TV Amazon Looks To Double-Down On Self-Driving Tech With Zoox Acquisition: WSJ",4
2020-05-28,GOOGL,70.33071899414062,-0.0014362550907762,0.01077379255462,-0.0027782514686949,0.0129391998959634,0.2054034305332332,"Trump Says Will Host Press Event In ~20 Mins, Would Indicate Around 3:40 p.m. EDT 'Executive order on social media should be issued by 5pm today, says @PressSec.' -Tweet From Voice Of America's Steve Herman 'Google explores 5% stake in Vodafone Idea' -LightReading Report Trump's Executive Order To Expose Social Media To Lawsuits Over Content Policies 'This will be a Big Day for Social Media and FAIRNESS!' -Trump Tweet Tech Companies Aren't 'State Actors,' Judge Dismisses Conservative Bias Lawsuit Against Facebook, Twitter, Google, Apple 'Google Explores Vodafone Idea Stake as Part of India Push' -FT Article Arizona Alleges Consumer Fraud In Lawsuit Against Google",8
2020-05-29,GOOGL,71.08844757080078,0.01077379255462,0.0009419701525215,0.0045343783689224,0.0130605208634303,0.207329341185644,"'DOJ has interviewed multiple Google competitors as it weighs bringing an antitrust case against $GOOGL. The focus of the case is unclear but requests for information have touched on Google's search function and ad tech...' -Tweet From FOX's Gasparino Fitbit Shares Fall To Session Low As Hearing MLEX Reporting Google's Offer Is Under Probe By Texas Attorney General, Other States 'Google Rescinds Offers to Thousands of Contract Workers' -NY Times Trump Signs Executive Order To End Social Media Legal Immunity For Third-Party Content",4
2020-06-01,GOOGL,71.15541076660156,0.0009419701525215,0.0051849132395258,0.0091783804439873,0.0116841940131779,0.1854808297745913,"The First Week of June Is All About the May's Jobs Report The 'Real' S&P 500 And Why The Current Rally Makes Sense UK Supply Chain Startup Beacon Raises $15M From Amazon CEO, Others",3
2020-06-02,GOOGL,71.52434539794922,0.0051849132395258,-0.0021215297670712,0.0067737696615377,0.0116856431496903,0.1855038341035579,MoneyGram Shares Jump 50% As Western Union Reportedly Looks For Acquisition,1
2020-06-03,GOOGL,71.37260437011719,-0.0021215297670712,-0.0173355282497501,0.0176827241193164,0.011186223261774,0.1775757891641999,"Fitbit Introduces Fitbit Flow Emergency Ventilator; Says Has Been Granted FDA Emergency Use Authorization Google Takes Down 'Remove China Apps' With 5M Downloads Warner Music Set To Go Public Today, In Anticipated Largest US IPO Of The Year Twitter To Appoint Former Google CFO As Chairperson After Investor Push Facebook, PayPal Join Google As Investors In Indonesian Tech Giant GoJek Peloton Makes Its Fitness App Available On Apple TV After Pandemic Demand Surge California Class Action Seeks More Than $5B In Damages From Google For Allegedly Tracking Data In Incognito Mode",7
2020-06-04,GOOGL,70.13532257080078,-0.0173355282497501,0.018185799568509,-0.0087676444234424,0.01204614048318,0.1912265518598513,UPDATE: Chinese Government-Linked Hackers Recently Attempted To Break Into Presidential Candidate Joe Biden Iranian Government-Linked Hackers Recently Attempted To break Into U.S. President Trump's Campaign Staff Email Accounts 'Zoom in Talks With Google to Use Cybersecurity Service' -Earlier Report From The Information SoftBank Will Start $100M Fund To Help Minorities Of Color In US Twitter CEO Jack Dorsey To Donate $3M For Advancement Of Black And Brown Communities DocuSign Rival Startup Gets $5M Seed Funding From Google,6
2020-06-05,GOOGL,71.4107894897461,0.018185799568509,0.005569364382628,-0.0188192144086163,0.0120769473126215,0.1917155951161583,CNBC Publishes Article Titled: States are Leaning Toward a Push to Break Up Google's Ad Tech Business Congress Is Stepping Up Its Efforts To Kill Payday Loans Twitter Takes Down Trump Campaign's Video Tribute To George Floyd For Violating Copyright,3
2020-06-08,GOOGL,71.80850219726562,0.005569364382628,0.0027898178554293,-0.0188529979120458,0.0119382424545292,0.1895137237552658,"Starting This Week, Testing Center Alerts Will Be Available On Google Maps In U.S.; New Google Maps Features Alert You Of Important COVID-19 Information And Help User Avoid Crowds On Public Transit",1
2020-06-09,GOOGL,72.00883483886719,0.0027898178554293,0.0086910391676844,-0.0038632844624617,0.0116251148990218,0.1845429779121818,"Google Maps To Offer Relevant Local COVID-19 Information For Public Transport, Driving And Testing Centers",1
2020-06-10,GOOGL,72.6346664428711,0.0086910391676844,-0.0428757450733799,-0.0083018823531141,0.0104872028737996,0.166479184516534,"Facebook, Snap Analyst Projects Q2 Revenue Upside For Social Media Stocks Twitter, Square Will Mark Juneteenth As Holiday To Honor African-American Culture",2
2020-01-07,HD,187.7481689453125,-0.0065468482155811,0.0149644058352453,0.0196321372818397,,,"Home Depot Filing Shows Registration For $2B Notes Offering, 2.95% Notes Due 2029, 3.125% Notes Due 2049 December's Investor Movement Index Ends 2019 On A HIgh Note Investor Movement Index Summary: December 2019",3
2020-01-16,HD,196.59776306152344,0.0188345797833442,0.0135041043582655,0.013897453406416,,,Home Depot Option Alert: Feb 7 $237.5 Calls Sweep (26) near the Ask: 1997 @ $0.387 vs 46 OI; Earnings 2/25 Before Open Ref=$225.96,1
2020-01-22,HD,200.1032257080078,-0.0002143819323908,0.0032203837664657,0.0048088430920778,,,"Morgan Stanley Maintains Overweight on Home Depot, Raises Price Target to $245",1
2020-01-23,HD,200.7476348876953,0.0032203837664657,-0.0070619191853086,-0.0036811549720637,,,The Street's Debate Over Costco Stock Continues,1
2020-01-29,HD,201.06549072265625,0.0006843855596774,-0.0052561928228429,0.0174772338648745,,,"February Market Outlook: Coronavirus, D.C. Proceedings, Earnings Season Could Mean Volatility",1
2020-02-05,HD,204.57955932617188,0.0132341470724957,0.0030656373985387,0.0146149202309244,0.0102763445253887,0.1631319120059924,"Back To The Roots, Which Makes It Easy To Grow Your Own Food, Heads To Walmart Shelves",1
2020-02-07,HD,203.88357543945312,-0.0064478911587287,0.013948884102743,0.0325750124572341,0.0098272328759554,0.1560024855941763,3 Popular ETFs With No Tesla Exposure,1
2020-02-10,HD,206.72752380371097,0.013948884102743,0.0042806756226614,0.0138395840891283,0.0099916769046555,0.1586129536213567,"The Year Of Retail Reinvention? Walmart, Target, Other Retailers Prepare To Report Earnings",1
2020-02-11,HD,207.61245727539065,0.0042806756226614,-0.0002070396418074,0.0082768083997679,0.0098344882467196,0.1561176610344473,"Stocks That Hit 52-Week Highs On Tuesday Home Depot To Report Q4 Earnings On Tues., Feb. 25, 2020 Before Market Open The Home Depot To Hire 80,000 Associates For Spring",3
2020-02-14,HD,210.52508544921875,0.0110170080855878,-0.0044485848054196,-0.0217524540892015,0.0092423192415304,0.1467172695033394,"Stocks That Hit 52-Week Highs On Friday Wells Fargo Maintains Overweight on Home Depot, Raises Price Target to $265",2
2020-02-18,HD,209.5885467529297,-0.0044485848054196,-0.0012296518643714,-0.0268917363972948,0.0090868560766615,0.1442493682696959,"Stocks That Hit 52-Week Highs On Tuesday Home Depot Canada To Hire 5,00 New Associates",2
2020-02-20,HD,212.2348175048828,0.0138727379880243,-0.0068009818951312,-0.0902355385041118,0.0094481878772871,0.1499853327811017,Some Market Stats In 5 Minutes 8 Retail Stocks To Put In Your Cart,2
2020-02-21,HD,210.7914123535156,-0.0068009818951312,-0.022988432526983,-0.1120894201467365,0.0096977488701591,0.1539469907255928,"Stocks That Hit 52-Week Highs On Friday Morgan Stanley Maintains Overweight on Home Depot, Raises Price Target to $260",2
2020-02-24,HD,205.94564819335935,-0.022988432526983,-0.0096787740313409,-0.0407176368655984,0.01107882393281,0.1758708776717155,"How Amazon's One-Day Shipping Is Raising The Bar To Compete In E-Commerce Rough Start To New Week As Apple, Chip Stocks, Travel And Leisure Sector Hit Hard By Virus Here's How Much Investing $100 In Home Depot Stock Back In 2010 Would Be Worth Today",3
2020-02-25,HD,203.9523468017578,-0.0096787740313409,-0.0088466291257641,-0.0397674855144172,0.0113150655424219,0.1796210969618683,"Selloff Resumes, With Bond Yields Hitting New Record Lows As CDC Virus Report Spooks Mid-Afternoon Market Update: Dow Slides 3%; Kratos Defense & Security Shares Plummet Following Q4 Results Home Depot Not Baking In Any Impact From Coronavirus UPDATE: CFRA On Home Depot Notes 'In our view, the U.S. household may shift their discretionary spending to the home from 2020 travel plans, especially outside the U.S.' UPDATE: CFRA Reiterates Hold On Home Depot, Raises Target To $255 Notes 'we view the premium to HD's strong domestic business that is resilient to non-U.S. macro risks such as the coronavirus and China-U.S. trade tariffs' CFRA Maintains Hold on Home Depot, Raises Price Target to $255 Mid-Day Market Update: Dow Tumbles Over 200 Points; Mallinckrodt Shares Spike Higher Mid-Morning Market Update: Markets Open Higher; Home Depot Beats Q4 Expectations Home Depot CFO Says US Housing Market Is Healthy And Stable; It's Going To Continue To Provide Positive Support For Our Business Home Depo Executive Says All Of Our Goods For Q1 Are Essentially Onshore Or In Transit",20
2020-02-26,HD,202.14805603027344,-0.0088466291257641,-0.0448402114285391,0.0246514656013465,0.0112696373324637,0.1788999464855309,"Self-Inflicted Wounds Lead To Holiday Sales Below Internal Expectations Stifel Maintains Buy on Home Depot, Raises Price Target to $270 Tech Stocks In Correction Territory, Including Apple And Facebook, But Investors Nibbling Nomura Maintains Neutral on Home Depot, Raises Price Target to $240 Baird Maintains Outperform on Home Depot, Raises Price Target to $260 10 Biggest Price Target Changes For Wednesday JP Morgan Maintains Overweight on Home Depot, Raises Price Target to $260 Raymond James Maintains Outperform on Home Depot, Raises Price Target to $270 Stifel Nicolaus Maintains Buy on Home Depot, Raises Price Target to $270",9
2020-02-28,HD,187.16392517089844,-0.0306590844127276,0.0555454417606426,0.0489808596544505,0.0164406512356397,0.2609872473686971,Shares of several retail companies are trading lower as the global coronavirus spread continues to cause equities across sectors to sell-off amid worsened economic outlook.,1
2020-03-03,HD,195.8416748046875,-0.0086978792634198,0.0576467040861166,-0.0098273583759003,0.0203379137999315,0.3228543726029247,Retail Snapshot – Can This Week Make a Difference?,1
2020-03-04,HD,207.1313018798828,0.0576467040861166,-0.0260079942203639,-0.1110241019283354,0.0239712709634246,0.3805321294761913,"The Home Depot shares are trading higher after Nomura upgraded the stock from Neutral to Buy and announced a price target of $251 per share. Benzinga's Top Upgrades, Downgrades For March 4, 2020 Nomura Upgrades Home Depot to Buy, Announces $251 Price Target",3
2020-03-06,HD,196.3313751220703,-0.0268302939679355,-0.0789899689689093,-0.0939300009411839,0.0252404798011683,0.4006801951550435,Shares of several retail companies are trading lower. Movement appears market related as markets continue to dip amid the global coronavirus outbreak.,1
2020-03-09,HD,180.8231658935547,-0.0789899689689093,0.0724127493465003,-0.2109488544168071,0.030575424541983,0.4853698174098494,Investor Movement Index Summary: February 2020 Shares of several consumer goods companies are trading lower amid a selloff in US equities. The global coronavirus outbreak has hampered economic activity and negatively impacted multiple industries. 51 Consumer Cyclical Stocks Moving In Monday's Pre-Market Session,3
2020-03-10,HD,193.9170684814453,0.0724127493465003,-0.0504459635793197,-0.2255128417886259,0.0350095941538192,0.5557600777938398,"Shares of several retail companies are trading higher as markets rebound following Monday's selloff. US President Trump on Monday suggested the US is considering a payroll tax cut to relieve the negative economic effects of the coronavirus. Home Depot Investing In Stores, Logistics Facilities In Mexico",2
2020-03-11,HD,184.13473510742188,-0.0504459635793197,-0.1047489387570899,-0.2689651851997944,0.0365473477675277,0.5801711596312202,"UPDATE: CFRA On Home Depot Notes 'the U.S. household remains strong and willing to invest in home improvement and remodeling projects, in our opinion' UPDATE: CFRA Upgrades Home Depot To Strong Buy, Announces $255 Target Sees 'an enhanced buying opportunity with HD's shares down from their February highs' CFRA Upgrades Home Depot to Strong Buy, Announces $255 Price Target Shares of several consumer goods and retail companies are trading lower as global markets continue to experience pressure amid the coronavirus spread, which has negatively impacted companies across sectors. 10 Consumer Cyclical Stocks Moving In Wednesday's Pre-Market Session",5
2020-03-12,HD,164.84681701660156,-0.1047489387570899,0.0791228614026269,-0.1545724351063151,0.0427266827199919,0.6782650609431575,"New UPS CEO Carol Tomé Held In ""High Esteem"" Morning Market Stats In 5 Minutes Shares of several consumer defensive and consumer cyclical companies are trading lower as equities sell off amid continued global coronavirus concerns. The virus has caused global economic disruption and negatively impacted stocks across sectors.",3
2020-03-16,HD,142.67872619628906,-0.197938326140826,0.0526185879334069,-0.0155797605563625,0.0633685135643215,1.0059439670581087,"Shares of several consumer goods companies are trading lower amid the global coronavirus outbreak, which investors speculate may lead to softer consumer spending.",1
2020-03-17,HD,150.186279296875,0.0526185879334069,-0.1037203757378125,0.0638101202445531,0.0652316321782022,1.0355200581501711,"Morgan Stanley Maintains Overweight on Home Depot, Lowers Price Target to $225",1
2020-03-18,HD,134.60890197753906,-0.1037203757378125,0.0353404644373003,0.1678981523916682,0.0681070724191981,1.0811662568751876,"Home Depot Says If An Employee Contracts Coronavirus Infection, They Will Continue To Be Paid During That Time Home Depot To Give Full-Time Employees Added 80 Hours Of Paid Sick, Personal Time, Part-Time Hourly Employees Will Receive Added 40 Hours Home Depot Temporarily Shortens Store Hours: Opening Hours Will Remain Unchanged But Stores Will Close At 6 p.m.",3
2020-03-19,HD,139.3660430908203,0.0353404644373003,-0.0557314709717301,0.2115059375421868,0.0688260708452569,1.0925800030455783,"Nomura Maintains Buy on Home Depot, Lowers Price Target to $204",1
2020-03-20,HD,131.59896850585938,-0.0557314709717301,0.0673018747818705,0.2523824652413424,0.0692594068858295,1.099458999430437,"BofA Digs Up The Dirt On Scotts Miracle-Gro Shares of home improvement companies are trading higher amid market strength, rebounding from recent weakness.",2
2020-03-23,HD,140.45582580566406,0.0673018747818705,0.1375084153429804,0.2075867528568711,0.0720025427420093,1.1430049311579331,"Wells Fargo Earlier Maintained Overweight on Home Depot, Lowered Price Target to $195 Shares of several retail companies are trading higher after the Fed announced actions to support the U.S. economy. The Fed will do open-ended treasury, mortgage-backed securities and will buy $375 billion in treasury this week. UPDATE: Shares have started to reverse and are trading lower.",2
2020-03-24,HD,159.76968383789062,0.1375084153429804,-0.0160242911004896,0.0107731447073184,0.0798188169794066,1.2670844380253383,Shares of several consumer goods companies are trading higher amid market strength on hopes of a US economic stimulus agreement. The sector has been volatile recently amid consumer demand for household staples and cleaning products.,1
2020-04-01,HD,154.50230407714844,-0.0432755123367879,0.0150027707374962,0.0906341764322282,0.0800895717158818,1.2713825362193754,"Credit Suisse Maintains Outperform on Home Depot, Lowers Price Target to $215 Shares of several retail companies are trading lower amid market weakness as macro concerns continue to grow as a result of the coronavirus pandemic. Nomura Maintains Buy on Home Depot, Raises Price Target to $215 Home Depot Says Executed Stop-Sale On All N95 Masks In Stores An Redirected Shipments To Hospitals",4
2020-04-02,HD,156.8202667236328,0.0150027707374962,-0.0143952155867068,0.1115217867445308,0.0802208227134397,1.2734660812125802,"Stifel Maintains Buy on Home Depot, Lowers Price Target to $220 Morgan Stanley Maintains Overweight on Home Depot, Lowers Price Target to $215",2
2020-04-06,HD,165.4868621826172,0.0706771399135273,0.0050175434681805,0.082788867889612,0.0802080631951664,1.273263530139379,Shares of several home improvement companies are trading higher amid overall market strength. Macro conditions as a result of the coronavirus outbreak have caused uncertainty in the housing sector.,1
2020-04-07,HD,166.31719970703125,0.0050175434681805,0.0131573490948977,0.0321910639533111,0.078344653968997,1.2436828257202546,"UBS Maintains Buy on Home Depot, Lowers Price Target to $250",1
2020-04-09,HD,174.30914306640625,0.0344419033075267,-0.0135958045870958,0.0391504407921758,0.0740831597106661,1.1760337015938145,"Shares of several Home improvement companies are trading higher amid positive economic sentiment following a Fed loan program as well as hopes of coronavirus cases leveling off, which could mean a sooner rebound in consumer demand. Wells Fargo Maintains Overweight on Home Depot, Raises Price Target to $215",2
2020-04-14,HD,179.1873321533203,0.042154780190504,-0.0419460725468762,-0.0316648217724933,0.0552914692156466,0.8777248630079081,"Shares of several home improvement companies are trading higher as markets gain on positive coronavirus outlook. Hopes that the growth of US cases could be leveling has raised economic optimism, which could be a potential positive for the housing sector.",1
2020-04-15,HD,171.67112731933594,-0.0419460725468762,0.0069021857336279,0.0286677938915291,0.055756871839362,0.8851129006191146,"Every Member Of Trump's 'Great American Economic Revival' Industry Groups Shares of several home improvement companies are trading lower as markets dip following a decline in US retail sales and mixed bank earnings. This has caused macro concerns, which have potentially clouded demand outlook for the housing sector.",2
2020-04-16,HD,172.8560333251953,0.0069021857336279,0.0478860319025999,0.012359496704402,0.0491717311330419,0.7805770326753672,"Back To The Roots Announces Home Depot Partnership Amid Surge In Interest SunTrust Robinson Humphrey Maintains Hold on Home Depot, Lowers Price Target to $220",2
2020-04-17,HD,181.1334228515625,0.0478860319025999,-0.016091977261776,0.0131793583561625,0.0495410237425584,0.7864393711101366,Shares of several home improvement companies are trading higher as equities gain after Gilead Sciences' Remdesivir drug showed some effectiveness in treating coronavirus patients. This has raised hopes of a sooner economic rebound.,1
2020-04-22,HD,176.59255981445312,0.0177459645597797,-0.0090610437762514,0.0863986271695653,0.0361482673686746,0.5738359547003063,"Benzinga's Top Upgrades, Downgrades For April 22, 2020 Gordon Haskett Downgrades Home Depot to Hold",2
2020-04-24,HD,183.52064514160156,0.0487346648000728,0.0262984537809229,0.0301162139944521,0.0338271113687832,0.5369887455209171,"Home Depot shares are trading higher. No currently seeing company-specific news. Afternoon Market Stats in 5 Minutes Cramer Advises His Viewers On Raytheon, Marvell And More",3
2020-04-27,HD,188.34695434570312,0.0262984537809229,-0.0005968320507966,0.0187360868135844,0.0334537188561438,0.5310613231417721,Shares of several home improvement companies are trading higher amid overall market strength. Plans by some US states to reopen have raised hopes of a rebound in some economic activity. Morning Market Stats in 5 Minutes,2
2020-04-29,HD,191.84991455078125,0.0192067388345738,-0.0089265347636489,0.0095126284132855,0.0306784558799108,0.487005389194268,"Alphabet, Boeing Shares Get A Lift Following Earnings, While GE Falls Short",1
2020-05-01,HD,189.0475921630859,-0.0057314746467374,0.0149605030032471,0.072562297695381,0.0286907259999467,0.4554511555785245,"Cramer Weighs In On Cracker Barrel, UPS And More",1
2020-05-04,HD,191.87583923339844,0.0149605030032471,0.0169943398589635,0.066354348288538,0.0281347032876601,0.4466245686584412,"Raymond James Maintains Outperform on Home Depot, Lowers Price Target to $230",1
2020-05-05,HD,195.1366424560547,0.0169943398589635,-0.0074908071525338,0.0323124532049365,0.0244906941157503,0.3887777163937693,"Retail Sector Preview: Pandemic Pits E-Commerce Giant Amazon Against Big Box Stores, Mall Outlets Home Depot To Report Q1 Earnings On Tues., May 19, 2020 Before Market Open",2
2020-05-07,HD,198.45794677734375,0.0246962047964816,0.0217042104728997,0.0219219537849046,0.0250056381547496,0.3969521995916134,"Shares of several home improvement companies are trading higher amid market strength, as some US states reopening their economies has raised hopes of a rebound in consumer spending.",1
2020-05-12,HD,201.4419860839844,-0.0154718048833163,-0.0120223892343578,0.0223271211545299,0.0231959884014177,0.3682249003469401,"Wells Fargo Maintains Overweight on Home Depot, Raises Price Target to $260",1
2020-05-13,HD,199.02017211914065,-0.0120223892343578,0.0190350583831033,0.035158513548968,0.0207703740096935,0.3297194656046924,"Jefferies Maintains Buy on Home Depot, Raises Price Target to $269",1
2020-05-15,HD,207.0034942626953,0.0206843444489084,0.0251534311682852,0.0106547303179871,0.0190076860455696,0.3017376616522195,"Duquesne Cuts GE, Microsoft, Freeport-McMoRan, Home Depot, Abbott Labs Stakes Piper Sandler Maintains Neutral on Home Depot, Raises Price Target to $236",2
2020-05-18,HD,212.21034240722656,0.0251534311682852,-0.0295496280869409,-0.0116976430634099,0.0186190624065727,0.2955684526379004,"Walmart, Target And Home Depot Among Major Retailers Set To Report Earnings In Days Ahead Stocks That Hit 52-Week Highs On Monday Benzinga Pro's Top 5 Stocks To Watch For Mon., May 18, 2020: MRNA, HD, AQST, APPN, LIVX",3
2020-05-19,HD,205.93960571289065,-0.0295496280869409,0.0003778769214857,0.0388910927593002,0.0189439534814905,0.3007259385624007,"Tuesday's Market Minute: Big Box Works Around Covid-19 Who Could Win, Lose As US Homebuilding Starts Decline: Home Depot 'Performing Well' During Coronavirus Crisis B of A Securities Maintains Neutral on Home Depot, Raises Price Target to $250 Walmart Earnings Look Strong Across the Board, But Home Depot Down After Missing on EPS From Home Depot Earnings Conference Call: Digital Businesses Growth Accelerated From ~30% Growth In Early Mar. To Triple Digit Growth By End Of Apr. From Home Depot Earnings Conference Call: Mgmt. Cautious To Extrapolate Q1 Trends Into A Forecast For Rest Of 2020 Home Depot: Q1 Earnings Insights Home Depot shares are trading lower after the company reported Q1 results. The company beat revenue estimates and reported positive comparable sales but incurred pandemic-related costs that lowered EPS. UPDATE: Home Depot Says Incurred $0.60/Share Q1 Expense To Support Employees During Pandemic Home Depot Q1 Comparable Sales Positive 6.4%, US Comparable Sales Positive 7.5%",15
2020-05-20,HD,206.01742553710935,0.0003778769214857,0.011293585525463,0.029178558504137,0.0189090024158721,0.3001711075963039,"Chop Chop: Strong Earnings Lift Markets After Tuesday Thud; FOMC Minutes Ahead UPDATE: Nomura Maintains Buy On Home Depot, Raises Target To $252 Notes 'Overall, we believe HD is well positioned to emerge from the pandemic as a retail winner even if the current double-digit comps in early May naturally fade' UPDATE: Raymond James Maintains Outperform On Home Depot, Raises Target To $250 Notes 'We believe that HD's 1Q20 EPS report demonstrates the agility of the company, which is particularly notable given its size' UPDATE: Piper Sandler Maintains Neutral On Home Depot, Raises Target To $244 Notes 'Executing Well as Consumer Demand Shifts Toward the Home; Maint. Neutral on Valuation' Stifel Maintains Buy on Home Depot, Raises Price Target to $260 Wedbush Maintains Neutral on Home Depot, Raises Price Target to $230 UBS Maintains Buy on Home Depot, Raises Price Target to $265 Credit Suisse Maintains Outperform on Home Depot, Raises Price Target to $255 10 Biggest Price Target Changes For Wednesday Nomura Instinet Maintains Buy on Home Depot, Raises Price Target to $252",12
2020-05-21,HD,208.34410095214844,0.011293585525463,0.0041515920673729,0.0315510304313617,0.0184909871904137,0.2935353216114941,"Climate Change: Up And Down Pattern Continues As Week Advances And Powell Awaited Morgan Stanley Maintains Overweight on Home Depot, Raises Price Target to $245",2
2020-05-28,HD,212.0287170410156,-0.0089745994501242,0.013624828847641,0.0216059657814744,0.0156193620351736,0.2479496854953195,Stocks That Hit 52-Week Highs On Thursday,1
2020-06-05,HD,221.7868804931641,0.0239004800031559,0.0073360726933733,-0.0488426404495347,0.0154769666915551,0.2456892294929099,Stocks That Hit 52-Week Highs On Friday,1
2020-06-10,HD,221.39537048339844,-0.008996396714888,-0.0588722443921916,-0.014148239547597,0.0146395202918383,0.2323951800329273,"10 Biggest Price Target Changes For Wednesday UBS Maintains Buy on Home Depot, Raises Price Target to $280",2
2020-05-26,INTC,55.57256317138672,0.0012848710455195,0.0195699976674925,-0.0035288955653117,0.0239154736667181,0.3796463748507017,Linux Founder Switches Allegiance To AMD After 15 Years As Intel Customer,1
2020-05-27,INTC,56.660118103027344,0.0195699976674925,-0.0292636356964972,-0.0256449995994104,0.0239174073695569,0.3796770714316274,"Chip Stocks Move Higher Following Strong Guidance Out Of Memory Manufacturer Micron: Intel Shares Up 0.1%, AMD Down 3.3%, NVIDIA Down 4%",1
2020-05-29,INTC,56.09851837158203,0.0199352857109367,-0.017002915158484,0.0224056483490628,0.0215155063147769,0.3415480742432378,"Cramer Shares His Thoughts On Teva, Oxford Industries And More",1
2020-06-01,INTC,55.14468002319336,-0.017002915158484,0.0042030051922934,0.0292595100100325,0.0194097950114594,0.3081209435943823,"Hearing New Jersey Governor Says Outdoor Dining, Hair Salons Will Reopen In Mid Jun.",1
2020-06-03,INTC,55.207069396972656,-0.003058773039564,0.0167932288396748,0.0313257097986885,0.0193086996570371,0.3065161045953504,Here's Why Nio Shares Are Rallying To A Multi-Month High,1
2020-06-05,INTC,57.35544204711914,0.0217562245174849,-0.0104132351782145,-0.0778673775230897,0.0198380752560542,0.3149196817062212,Shares of several companies in the broader technology space are trading higher as markets rally following strong US jobs data. Shares of several companies in the broader technology sector are trading higher as markets rally following strong US jobs data.,2
2020-06-09,INTC,56.19657516479492,-0.0098948048158126,0.0131661914409131,-0.0418781537233409,0.020269419448644,0.3217670584846079,Apple Could Announce In-House Chips For Macs At WWDC: Report,1
2020-01-02,JNJ,122.63826751708984,,-0.011577632892163,-0.0039738857514378,,,"Speaker Of The House Nancy Pelosi Says ""Enough is enough. @HouseDemocrats passed the bipartisan #LowerDrugCosts Now Act last year to stop Big Pharma from charging Americans more for our medicines than what they charge for the same drugs overseas."" Washington State Sues Johnson & Johnson Over Opioid Epidemic Pulmatrix Shares Soar On Licensing Agreement With Johnson & Johnson Pulmatrix Announces Kinase Inhibitor Licensing Agreement with Lung Cancer Initiative at Johnson & Johnson",4
2020-01-06,JNJ,121.067138671875,-0.0012478963345381,0.0061066847351534,0.0111033094974499,,,"Johnson & Johnson Reportedly Settles California Talc Case Midtrial 'Johnson & Johnson Settles California Talc Case Midtrial, likely avoiding a huge judgement against them' -Law 360",2
2020-01-07,JNJ,121.80645751953124,0.0061066847351534,-0.0001380483915984,0.0106223351774861,,,"J&J Shares Briefly Turn Positive After U.S. Researchers Find No Clear Talc Link To Ovarian Cancer In Largest Study Yet Investor Movement Index Summary: December 2019 Protagonist Therapeutics Achieves Milestone In Janssen Collaboration, Triggering $5M Payment",3
2020-01-09,JNJ,122.15091705322266,0.0029663829560115,-0.0022696887961167,0.0193272379831692,,,"Wells Fargo Maintains Overweight on Johnson & Johnson, Raises Price Target to $165 Kaleido Biosciences Announces Collaboration With Janssen To Explore Potential For Microbiome Metabolic Therapies To Prevent Childhood-Onset Of Atopic, Immune And Metabolic Conditions By Promoting Healthy Function Of The Gut Microbiome",2
2020-01-10,JNJ,121.87367248535156,-0.0022696887961167,0.0044120447525908,0.0283332663504323,,,"'California Gov. Gavin Newsom wants the state to become the first to create its own generic drug label, an attempt to create more competition and bring down prices.' -Axios, From Earlier",1
2020-01-15,JNJ,123.51200103759766,0.0033442193947743,0.0080944025760756,0.0103392032782825,,,J&N's Janssen Announced Submission Of A Type II Variation Application To European Medicines Agency For Spravato Nasal Spray,1
2020-01-17,JNJ,125.32675170898438,0.0065455249554151,0.0006701841645873,-0.0028156988068542,,,"Hearing Johnson & Johnson's Risperdal Verdict Lowered From $8B to $6.8B Stocks That Hit 52-Week Highs On Friday Record Run: Stocks Keep Rolling To New Highs as Housing Data, Earnings Look Solid",3
2020-01-21,JNJ,125.4107437133789,0.0006701841645873,-0.0068331983094855,0.0015412003416264,,,"Johnson & Johnson's Q4 Earnings Outlook Stocks That Hit 52-Week Highs On Tuesday Coronavirus Outbreak, IMF Forecast, Impeachment Trial Weigh On Investor Sentiment 3 ETFs To Consider For The Week Ahead: Big Earnings For Airlines, Chips And Consumers",4
2020-01-22,JNJ,124.55378723144533,-0.0068331983094855,0.0018885775970054,0.0154468643376251,,,"Mid-Afternoon Market Update: FuelCell Energy Falls On Downbeat Q4 Results; Neurotrope Shares Rise Mid-Day Market Update: Crude Oil Down Over 2%; One Stop Systems Shares Surge Mid-Morning Market Update: Markets Open Higher; Johnson & Johnson Posts Mixed Q4 Results IBM, Netflix Earnings Greeted With Enthusiasm, And Texas Instruments Up Later Today Johnson & Johnson Says Independent Research Continues To Find No Link Between Talc And Cancer Johnson & Johnson Says Off-Patent Drugs Were Able To Retain Business A Little Longer Than Expected In 2019, And Expects It To Continue In 2020 Johnson & Johnson Exec Says 2020 Forecast Does Not Assume Any Major Acquisitions Or Other Major Uses Of Cash The Daily Biotech Pulse: Johnson & Johnson Earnings, FDA Nod For Horizon Therapeutics, Slew Of Secondary Offerings Here's How Much Investing $100 In Johnson & Johnson Stock Back In 2010 Would Be Worth Today Johnson & Johnson Reports Mixed Q4 Earnings",16
2020-01-23,JNJ,124.7890167236328,0.0018885775970054,-0.0014136409195549,0.0123210281807439,,,"Janssen Announces European Commission Approves Expanded Use Of Stelara For Treatment Of Paediatric Patients With Moderate To Severe Plaque Psoriasis 10 Biggest Price Target Changes For Thursday Raymond James Maintains Outperform on Johnson & Johnson, Raises Price Target to $161",3
2020-01-27,JNJ,124.97386932373048,0.0028990602222807,0.0050423138381894,0.0095462460872099,,,"Johnson & Johnson Is 'Confident' In Ability To Treat Coronavirus, But Vaccine Could Take Time 10 Biggest Price Target Changes For Monday Health Canada Has Approved Janssen's Stelara For Treatment Of Adult Patients With Moderately To Severely Active Ulcerative Colitis Credit Suisse Maintains Outperform on Johnson & Johnson, Raises Price Target to $170",4
2020-01-28,JNJ,125.6040267944336,0.0050423138381894,0.0069561933117259,0.0140465041637483,,,Health Canada Approves New Indication For Invokana To Reduce Risks Associated With Diabetic Kidney Disease In Patients With Type 2 Diabetes,1
2020-01-29,JNJ,126.47775268554688,0.0069561933117259,-0.0011955222717372,0.0229176654989127,,,"Johnson & Johnson Also Says Providing Supplies Of Antiviral Medicines To China For Investigational Use Johnson & Johnson Says Initiating Coronavirus Vaccine Development The Daily Biotech Pulse: Novartis Earnings, Hepion's NASH Candidate Beats Rival Drugs, Annovis Bio To Debut",3
2020-01-30,JNJ,126.32654571533205,-0.0011955222717372,-0.0099100289028669,0.0210828407730871,,,"The Daily Biotech Pulse: Sanofi Reports Positive Readout, Tonix Vaccine Candidate Aces Animal Study, Hologix's Weak Guidance",1
2020-02-04,JNJ,127.36832427978516,0.0095224947190981,0.0157653266321724,0.0025728355598555,0.0050946503902878,0.0808750676971181,Stocks That Hit 52-Week Highs On Tuesday,1
2020-02-05,JNJ,129.37632751464844,0.0157653266321724,-0.0029870947646289,-0.0188326612458569,0.005850942235893,0.0928808285494638,"WHO Says There's No Effective Coronavirus Treatment Yet Stocks That Hit 52-Week Highs On Wednesday The Daily Biotech Pulse: Merck Spins Off Slow-Growth Businesses, ZioPharm Announces Offering, PhaseBio Data",3
2020-02-06,JNJ,128.9898681640625,-0.0029870947646289,-0.0106818138802008,-0.0224062161382058,0.0059658265879346,0.0947045610996722,"J&J Says Judge Reducing NJ Talc Verdict To $185M J&J Ordered To Pay $750M In Punitive Damage Over Talc Case Stocks That Hit 52-Week Highs On Thursday The Daily Biotech Pulse: Tonix Slumps On Failed Study, Applied Genetic Announces Offering, Beam Therapeutics, PPD Price IPOs",4
2020-02-07,JNJ,127.61202239990234,-0.0106818138802008,-0.0001980107689878,-0.011587635638423,0.0066932215224063,0.1062515977089134,"Johnson & Johnson Hit with $750M Punitive Damages Verdict for Failing to Warn about Cancer-Causing Asbestos in Talc Products The Daily Biotech Pulse: Assertio To Sell Opioid Pain Drug, Milestone Payment For Aduro, Myriad Genetics CEO Resigns",2
2020-02-10,JNJ,127.58675384521484,-0.0001980107689878,0.0008564226707195,-0.017911145520037,0.0066360231351584,0.105343601460603,"New York Opioid Case A Significant Risk For Pharma Stocks, Says Bearish BofA 3 Leveraged Healthcare ETFs Soaring This Month",2
2020-02-11,JNJ,127.6960220336914,0.0008564226707195,-0.0059218373158081,-0.0200673068587287,0.0066244783939374,0.1051603343752737,"Johnson & Johnson Announces Collaboration With US Department of Health & Human Services To 'Accelerate Development of a Potential Novel Coronavirus Vaccine' The Daily Biotech Pulse: LogicBio Slapped With Clinical Hold, Agile Inks Debt Deal Ahead of Twirla Approval, Gilead Builds Stake In Sierra Oncology",2
2020-02-12,JNJ,126.93982696533205,-0.0059218373158081,-0.0066183615266911,-0.0180024866787428,0.0068050364314023,0.1080266043613509,"The Daily Biotech Pulse: J&J Intensifies Efforts On COVID-19 Cure, Adamas Reports Positive, Long-Term Gocovri Data",1
2020-02-14,JNJ,126.13330078125,0.0002665151835907,-0.0065943874094633,-0.0219116307810824,0.0068313199302835,0.1084438419710967,"21 States Reject $18B Offer From Drug Wholesalers To Settle Opioid Litigation The Daily Biotech Pulse: Epizyme's Tazemetostat sNDA Accepted For Priority Review, Eisai To Withdraw Weight Loss Drug, Sol-Gel Prices Offering",2
2020-02-18,JNJ,125.30152893066406,-0.0065943874094633,-0.0013409425822304,-0.023921117528871,0.0068681947440767,0.1090292114927284,J&J Shares At Session Highs With Broader Stock Market; Hearing Co.'s Janssen Pharma To Expand Its Existing Partnership With BARDA To Seek Treatment Solutions For Coronavirus,1
2020-02-21,JNJ,125.9652328491211,0.0105141606197349,-0.0206066255353027,-0.0973285812102165,0.007136600742342,0.1132900246235767,Some Market Stats In 5 Minutes,1
2020-02-25,JNJ,122.3041763305664,-0.0086353434994266,-0.0067061522696548,-0.0626341297512959,0.0087044997555896,0.1381796498430764,"J&J Issues Press Release To Highlight Launch Of Janssen Pharma's Open Enrollment for Heartline Study With Apple, Will Explore If Heartline Study App On iPhone, Heart Health Features On Apple Watch Can Improve Health Outcomes",1
2020-02-28,JNJ,113.70521545410156,-0.0333526940784982,0.0411961026787541,0.0561424544588982,0.0125981060312347,0.1999887332944207,Shares of several healthcare companies are trading lower as the global coronavirus spread continues to cause equities across sectors to sell off amid worsened economic outlook.,1
2020-03-02,JNJ,118.3894271850586,0.0411961026787541,-0.0316385220620357,-0.0255676496124804,0.0162425606480911,0.2578426567783998,How The COVID-19 Outbreak Is Benefiting Biotech Investors,1
2020-03-03,JNJ,114.64376068115234,-0.0316385220620357,0.0581903262530607,0.0446197130459498,0.0172359438913989,0.2736121268886268,Shares of several healthcare companies are trading lower in sympathy with the overall market. The Fed cut rates to combat the coronavirus outbreak which caused an initial spike but then continued to trade lower. Pfizer Works On Compounds That May Help Stop Coronaviruses,2
2020-03-04,JNJ,121.3149185180664,0.0581903262530607,-0.0102455262373931,-0.0814049993997229,0.0220916254697771,0.3506936823012643,"Hearing Citi Initiates Coverage On J&J, Boston Scientific, Zimmer Biomet, Stryker, Medtronic, Insulet With Buy Ratings The Daily Biotech Pulse: Takeda Jumps Into The COVID-19 Fray, Exact Sciences Buys Cancer Diagnostics Companies Shares of several healthcare-related companies are trading higher after Joe Biden secured several key wins in Super Tuesday. Biden's more 'moderate' healthcare policies have been seen as more favorable for the sector. Janssen Submits EMA Application for Ponesimod for Treatment of Adults with Relapsing MS",4
2020-03-05,JNJ,120.07198333740234,-0.0102455262373931,0.0001409321025602,-0.1168929491059103,0.0217410101326164,0.3451278363734303,"Benzinga's Top Upgrades, Downgrades For March 5, 2020 Citigroup Initiates Coverage On Johnson & Johnson with Buy Rating, Announces $163 Price Target",2
2020-03-06,JNJ,120.08890533447266,0.0001409321025602,-0.0393576536345289,-0.0544956818783487,0.0217561658369935,0.3453684257217863,"What You Need To Know About Publicly-Traded Psychedelics Companies Credit Suisse Maintains Outperform on Johnson & Johnson, Lowers Price Target to $159",2
2020-03-09,JNJ,115.36248779296876,-0.0393576536345289,0.03811156188115,-0.068235314658121,0.0231643290694909,0.3677223240332233,52 Healthcare Stocks Moving In Monday's Pre-Market Session,1
2020-03-10,JNJ,119.7591323852539,0.03811156188115,-0.0694715682271639,-0.0356534713582517,0.0250688607202551,0.397955826705064,How Close Are Biotechs To Bringing A COVID-19 Treatment To Market? J&J's Janssen Announces FDA Breakthrough Therapy Designation Granted For JNJ-6372 For The Treatment Of Non-Small Cell Lung Cancer Shares of several healthcare companies are trading higher as markets rebound following Monday's selloff. US President Trump on Monday indicated the US may implement payroll tax cuts and other measures to support the economy amid the coronavirus outbreak.,3
2020-03-11,JNJ,111.43927764892578,-0.0694715682271639,-0.048482569725991,0.0239756509554023,0.0291238264737366,0.4623264124566383,"The Daily Biotech Pulse: NY State Endorses Mallinckrodt's Opioid Settlement, Kamada To Work On COVID-19 Treatment Shares of several healthcare companies are trading lower. Movement appears market related amid selloff in equities. The global coronavirus outbreak has caused volatility in global markets and impacted stocks across sectors.",2
2020-03-12,JNJ,106.03641510009766,-0.048482569725991,0.0708074055979803,0.0130768242830741,0.0306056821554135,0.4858501421322687,Stocks That Hit 52-Week Lows On Thursday Shares of several healthcare companies are trading lower as equities sell off amid continued global coronavirus concerns. The virus has caused global economic disruption and negatively impacted stocks across sectors.,2
2020-03-13,JNJ,113.5445785522461,0.0708074055979803,-0.0533172652606095,-0.107230397550414,0.0353816368929066,0.5616660731821145,"J&J Says Experiencing Increased Consumer-Driven Demand For Products, Particularly Within Our Self Care Portfolio, Including Tylenol; Says It Is Shipping Stock Of Tylenol In A Controlled Manner J&J Reports Collaboration With Beth Israel Deaconness Medical Center To Accelerate Coronavirus Vaccine Development Shares of several healthcare companies are trading higher as the market rebounds following Thursday's selloff. NOTE: Since the coronavirus outbreak the healthcare sector has been extremely volatile. J&J Says Does Not Expect Pharma Supply Interruptions Related To Coronavirus",4
2020-03-16,JNJ,107.49069213867188,-0.0533172652606095,0.0744121308650282,-0.1257767396170919,0.0369831756043943,0.5870897120559492,8 Biotechs With Coronavirus Vaccines In Development Shares of several healthcare companies are trading lower in sympathy with the overall market on continued downward momentum caused by the coronavirus. The virus has had a negative impact on the global economy. J&J Says Sees No Evidence Darunavir Has Effect Against Coronavirus Infection,3
2020-03-17,JNJ,115.4893035888672,0.0744121308650282,-0.0119335442632407,-0.1274618636974585,0.041255609982716,0.6549125052032426,'J&J hopes to start human trials for coronavirus vaccine in November' -CNBC,1
2020-03-18,JNJ,114.1111068725586,-0.0119335442632407,-0.058610177290272,-0.1152936018075024,0.0412975492920291,0.6555782710988434,J&J's Janssen Submits Ponesimod New Drug Application As Treatment For Adults With Relapsing Multiple Sclerosis,1
2020-03-19,JNJ,107.42303466796876,-0.058610177290272,-0.056355570593272,-0.0037778711479818,0.0430780769844141,0.6838432719579302,"The Daily Biotech Pulse: Pfizer's Eczema Drug Aces Latestage Study, Orphan Drug Designation For Dicerna, Dyadic's COVID-19 Connection",1
2020-03-20,JNJ,101.36914825439452,-0.056355570593272,-0.0729835954973474,0.0272749571242789,0.0442637925314496,0.7026659227366434,"COVID-19: Where It's From And Where We're Going Janssen Announces Health Canada Approval Of Cabenuva, First Long-acting Regimen For Treatment Of HIV; Studies Showed Cabenuva Was As Effective As Continuing Daily, Oral, Antiretroviral Regimens In Maintaining Viral Suppression During 48-week Study",2
2020-03-23,JNJ,93.97086334228516,-0.0729835954973474,0.072341129284533,0.1967786827728197,0.0464283613608505,0.7370273876463055,Shares of several healthcare companies are trading lower amid market volatility. Sunday's fiscal stimulus bill failed a procedural senate vote while the Fed Monday morning announced further stimulus measures to support liquidity. Stocks That Hit 52-Week Lows On Monday,2
2020-03-24,JNJ,100.7688217163086,0.072341129284533,0.0018458550522255,0.1002687695180433,0.0501635385915076,0.7963214879767235,"Shares of several healthcare companies are trading higher as equities gain amid hopes of a US stimulus agreement. Additionally, the coronavirus outbreak has increased demand for certain medical supplies. The Daily Biotech Pulse: Milestone Pharma Flunks Late-Stage Study, CytomX Strikes Cancer Drug Collaboration, BARDA Grant For GenMark's COVID-19 Test",2
2020-03-25,JNJ,100.95482635498048,0.0018458550522255,0.06005040223011,0.0788107872894241,0.0502156044570203,0.7971480079683745,"EU Antitrust Regulators Open In-depth Investigation Into Johnson & Johnson's Buy Of Takeda's Surgical Patch Product Tachosil; Say Deal May Reduce Potential Competition, Innovation For The Supply Of Dual Haemostatic, Set Aug. 10 Deadline For Decision",1
2020-03-26,JNJ,107.01720428466795,0.06005040223011,-0.0269416200617681,0.051986891813115,0.0520934056043396,0.8269571770530071,"Shares of several healthcare companies are trading higher following Senate passage of a $2 trillion economic stimulus package, which has lifted stocks across sectors.",1
2020-03-27,JNJ,104.1339874267578,-0.0269416200617681,0.079977141266242,0.0893957454914444,0.0519190375194251,0.8241891695173839,"Morgan Stanley Maintains Overweight on Johnson & Johnson, Lowers Price Target to $160 Shares of several healthcare companies are trading lower, selling off from this week's strength. While the US stimulus legislation has boosted economic optimism, demand concerns still exist amid the coronavirus outbreak. Argus Research Reiterates Buy on Johnson & Johnson, Lowers Price Target to $155 Citigroup Maintains Buy on Johnson & Johnson, Lowers Price Target to $150",4
2020-03-30,JNJ,112.46232604980467,0.079977141266242,-0.0141339649467574,0.050748195705186,0.0543291859723055,0.8624490900917959,"Afternoon Market Stats in 5 Minutes UPDATE On BZ NOTE For J&J, Abbott Headline: J&J Earlier Suggested Promise For Potential Coronavirus Vaccine Candidate, Sees Phase 1 Human Trials Starting Sept. 2020 With Results From Phase 3 Trials By End Of 2020 J&J, Abbott Shares Unaffected Amid Circulation Of Headline From FT Suggesting Co.'s Announce A Potential Coronavirus Vaccine, Rapid Test; BZ NOTE: Reminder J&J Announced Details About An Isolated Coronavirus Candidate At 7 a.m. EDT Mon. COVID-19 Vaccine Updates: J&J Identifies Lead Candidate, IMV Eyes Clinical Testing In Summer, Altimmune Partners With University Of Alabama Johnson & Johnson Gets Boost After Announcing September Trials Of Vaccine Planned Johnson & Johnson shares are trading higher after the company announces a Coronavirus vaccine candidate. The company anticipates the first batches of the vaccine could be available for emergency use as early as 2021. Benzinga Pro's Stock To Watch For Mon., Mar. 30, 2020: Johnson & Johnson (JNJ) UPDATE: Johnson & Johnson Anticipates First Batches Of A Vaccine Could Be Available For Emergency Use Authorization In Early 2021 Johnson & Johnson Announces Coronavirus Vaccine Candidate",9
2020-03-31,JNJ,110.87278747558594,-0.0141339649467574,-0.0176926351322617,0.0484249656524169,0.0539522536949865,0.8564654756904003,The Prize No One Wanted: Dow On Pace For Steepest Q1 Loss Ever As Quarter Finally Ends Johnson & Johnson shares are trading higher on continued strength after the company announced a Coronavirus vaccine candidate. The company anticipates the first batches of the vaccine could be available for emergency use as early as 2021.,2
2020-04-01,JNJ,108.9111557006836,-0.0176926351322617,0.033692970951096,0.1121806113720413,0.0522644463950762,0.8296723654310282,"Stifel Maintains Hold on Johnson & Johnson, Lowers Price Target to $140 Shares of several healthcare companies are trading lower amid market weakness as growing coronavirus concerns in the US weigh on equities.",2
2020-04-02,JNJ,112.58069610595705,0.033692970951096,0.0076605207432791,0.0606833328171652,0.0529116341496233,0.8399461525316156,"Fate Therapeutics Announces Worldwide Collaboration With Janssen For Novel IPSC-derived Cell-Based Cancer Immunotherapies; Co. To Receive $50M Upfront And $50M Equity Investment And Eligible To Receive Up To $1.8B Wells Fargo Maintains Overweight on Johnson & Johnson, Lowers Price Target to $150 Credit Suisse Compiles List Of Corporations With Most And Least Cash",3
2020-04-03,JNJ,113.44312286376952,0.0076605207432791,0.0416637271485109,0.0417381762603907,0.0529535624583451,0.8406117437982435,"The Daily Biotech Pulse: Fate Therapeutics Inks Cell Therapy Deal With J&J, Zentalis IPO Global Coronavirus Cases Surge Past 1M, Medical Equipment Remains In Shortage Moderna Coronavirus Vaccine Phase 2 Trials Could Start In Spring, Chairman Says",3
2020-04-06,JNJ,118.16958618164062,0.0416637271485109,-0.016313738949703,0.0448624431554207,0.0530056031062473,0.8414378634727401,"Shares of several healthcare companies are trading higher as markets gain amid optimism that coronavirus cases in several US hotspots may be peaking. A sooner peak could mean a sooner return to economic activity. Cramer Gives His Opinion Alteryx, Johnson & Johnson And More",2
2020-04-07,JNJ,116.2417984008789,-0.016313738949703,0.0420423410406047,0.0740470377975386,0.0524772823303392,0.8330510311596109,Inovio Pharmaceuticals Begins Phase 1 Human Testing Of Its COVID-19 Vaccine,1
2020-04-08,JNJ,121.12887573242188,0.0420423410406047,-0.0141700958214993,0.0447438885545043,0.0506199137793485,0.8035662194861278,"SVB Leerink Maintains Outperform on Johnson & Johnson, Lowers Price Target to $160 Materials Stocks See More Interest Amid Hopes for Federal Infrastructure Spending",2
2020-04-09,JNJ,119.41246795654295,-0.0141700958214993,-0.0103375807926981,0.076400663930807,0.0492613106712513,0.7819990637593405,"Coronavirus Vaccine Developed In Short Time Unlikely To Be Safe, International Vaccine Institute Says",1
2020-04-13,JNJ,118.17803192138672,-0.0103375807926981,0.044787770763929,0.0851397926807593,0.0470293324930083,0.7465675086112162,"Financials, Healthcare In Eye Of Earnings Hurricane Ahead, With Bank CEOs In Spotlight Monday's Market Minute: OPEC Production Cut To Avoid A Glut",2
2020-04-14,JNJ,123.47096252441406,0.044787770763929,0.011162112031289,0.0249950165556631,0.0459450262269257,0.7293546802607154,"J&J Expects Procedure Volumes In Areas Such As Oncology, General Surgery To Rebound Sooner JPMorgan, Wells Fargo Earnings Lower Than Expected, But Positive Tone Helps Shares J&J CEO Says China Business Starting To Return To Normalcy Tuesday's Market Minute: Earnings Season Begins Again The Daily Biotech Pulse: Amarin Reports Strong Q1 Vascepa Sales, BeiGene Aces Late-Stage Lung Cancer Study, Glaxo, Sanofi Strike COVID-19 Vaccine Partnership Johnson & Johnson shares are trading higher after the company reported better-than-expected Q1 EPS and sales results. Mike Khouw Saw Unusual Options Activity In Johnson & Johnson Ahead Of Earnings Johnson & Johnson: Q1 Earnings Insights ImmunoPrecise Announces Research License Agreement With Janssen Genmab Highlights Q1 Net Sales Of DARZALEX By Johnson And Johnson Were $937M; Genmab Will Receive Royalties On Sales Under Exclusive Worldwide License",15
2020-04-15,JNJ,124.84915924072266,0.011162112031289,0.0136123736718667,0.0360965982570886,0.0432258737805539,0.6861894733608782,"Every Member Of Trump's 'Great American Economic Revival' Industry Groups Stifel Maintains Hold on Johnson & Johnson, Raises Price Target to $155 Wells Fargo Maintains Overweight on Johnson & Johnson, Raises Price Target to $162 10 Biggest Price Target Changes For Wednesday Credit Suisse Reiterates Outperform on Johnson & Johnson, Raises Price Target to $161 Citigroup Maintains Buy on Johnson & Johnson, Raises Price Target to $165 Raymond James Reiterates Outperform on Johnson & Johnson, Raises Price Target to $157",7
2020-04-16,JNJ,126.54865264892578,0.0136123736718667,0.015701527432502,0.0390193275028585,0.0430829669595758,0.6839208979071022,"S&P 500 Futures Up 3.2% After Hours; Many Other Stocks Moving Higher With Futures; Investors Reacting Favorably To White Phase Guidelines On Reopening Economy Alibaba, Tesla Among Cramer's Stay-At-Home Stock Ideas Why Johnson & Johnson Inspires Cramer's Bullishness On Disney, Visa, Mastercard",3
2020-04-17,JNJ,128.53565979003906,0.015701527432502,-0.0023026662945425,0.0186817855736538,0.0403279914605831,0.6401870176766361,"Big Earnings Day As Honeywell, Procter & Gamble, Schlumberger Among Those Reporting Moderna Gets $483M Federal Funding For Its Coronavirus Vaccine",2
2020-04-20,JNJ,128.23968505859375,-0.0023026662945425,-0.0131204609631527,0.0172744575525241,0.037364867602833,0.5931488846877024,How The COVID-19 Pandemic Could End,1
2020-04-21,JNJ,126.55712127685548,-0.0131204609631527,0.0221138714240545,0.0114241569028872,0.0321986760061573,0.5111381355470086,FDA Says Expanded The Indication Of Ibrutinib (Imbruvica),1
2020-04-22,JNJ,129.3557891845703,0.0221138714240545,0.0164716770740673,-0.0179750163403877,0.0293639997909129,0.4661390456694505,"Why Johnson & Johnson's Stock Is Trading Higher Today Benzinga's Top Upgrades, Downgrades For April 22, 2020 Johnson & Johnson shares are higher after Bank of America upgraded the stock from Neutral to Buy. B of A Securities Upgrades Johnson & Johnson to Buy Oxford University Coronavirus Vaccine Clinical Trial To Start Thursday With $24.6M Government Funding",5
2020-04-23,JNJ,131.4864959716797,0.0164716770740673,-0.0041795968689695,-0.0351745987831867,0.0292544319632237,0.4643997103268951,"Stocks That Hit 52-Week Highs On Thursday The Daily Biotech Pulse: FDA Nod For Immunomedics, Lilly's Solid Q1 Beat, Predictive Oncology Restructures Debt",2
2020-04-24,JNJ,130.9369354248047,-0.0041795968689695,-0.0036810039012558,-0.0424256472056032,0.0273622572446408,0.4343623678721704,"J&J's Janssen Pharma Reports Submission Of 2 Applicats Seeking Approval Of SIMPONI ARIA For Treatment Of Polyarticular Juvenile Idiopathic Arthritis and Juvenile Psoriatic Arthritis The Daily Biotech Pulse: FDA Approves Sanofi's Meningococcal Vaccine, Pluristem Secures $54M In Funding For COVID-19 Treatment, Oric Pharma Prices IPO UPDATE: TRACON Says Is Seeking A Licensing Partner To Develop, Commercialize TRC253 In China TRACON Pharma Reports Retained Global Rights To TRC253 Following Completion Of Phase 1/2 Trial Six Coronavirus Vaccines Under Clinical Trials, WHO Says Inovio CEO Says 'It's Possible' For Coronavirus Vaccine To Be Ready In 12 To 18 Months",6
2020-04-27,JNJ,130.4549560546875,-0.0036810039012558,-0.018795961773653,-0.0390172122426866,0.0261554613279867,0.4152050766001206,U.S. Judge Rules J&J Must Defend Federal Talc Lawsuits Halozyme Announces Janssen Submits NDA In Japan For Daratumumab Subcutaneous Formulation Utilizing Halozyme's ENHANZE® Technology For Patients With Multiple Myeloma,2
2020-04-28,JNJ,128.0029296875,-0.018795961773653,-0.0075960208849895,-0.0124838475109669,0.0214821291159625,0.3410182276380999,"UBS Downgrades Johnson & Johnson to Neutral, Lowers Price Target to $160 J&J Says Federal Judge Excludes Certain Plaintiff Expert Testimony from Talc Ovarian Cancer Trials, Deeming Them Not Scientifically Sound",2
2020-04-29,JNJ,127.0306167602539,-0.0075960208849895,-0.0013312186785986,-0.0143771617288653,0.0211961043825412,0.3364777257574224,"Barclays Maintains Overweight on Johnson & Johnson, Raises Price Target to $182 Morgan Stanley Maintains Overweight on Johnson & Johnson, Raises Price Target to $170 Catalent Signs Agreement With Johnson & Johnson To Be US Manufacturing Partner For Lead Coronavirus Vaccine Candidate Pfizer Says Coronavirus Vaccine Could Be Available By Fall, US Clinical Trials To Begin Next Week",4
2020-04-30,JNJ,126.86151123046876,-0.0013312186785986,-0.0116635851159899,-0.0163289109111911,0.0204956266919012,0.3253579871471294,Halozyme Highlights Janssen's Receipt Of CHMP Positive Opinion For DARZALEX Subcutaneous Formulation Utilizing Halozyme's ENHANZE Technology For Patients With Multiple Myeloma Johnson & Johnson Announces Committee For Medicinal Products For Human Use Of Ema Has Issued A Positive Opinion Recommending Approval For Darzalex,2
2020-05-01,JNJ,125.38185119628906,-0.0116635851159899,-0.0001346594418296,0.0027648692805486,0.0199891666567794,0.3173181833355762,"Moderna, Lonza Strike Deal To Manufacture Up To 1 Billion Doses Of Coronavirus Vaccine Candidate Annually The Daily Biotech Pulse: Gilead Slips Despite Forecast-Beating Q1, Moderna Partners With Lonza For Coronavirus Vaccine Production, Lyra Therapeutics IPO",2
2020-05-05,JNJ,126.40496063232422,0.0082957249393358,-0.0094987062829159,-0.0157859498021233,0.0181241732448178,0.2877123307466323,"Provention Bio's CEO On Identifying Autoimmune Diseases 'Before It's Too Late' What You Should Know About Alexion's $1.4B Proposed Buyout Of Portola Pharma The Daily Biotech Pulse: Bio-Rad's Coronavirus Test Gets EUA, Beat-And-Raise Quarter From GenMark, Adverum's Positive Gene Therapy Readout",3
2020-05-11,JNJ,126.0751724243164,0.002757185174685,-0.0132114366631013,0.0094560792257756,0.0146735917782433,0.2329360481118832,Cruise Line Earnings Later This Week Could Provide Insight On Brutal Quarter For Industry,1
2020-05-12,JNJ,124.40953826904295,-0.0132114366631013,-6.82545424686154e-05,0.0127766616316931,0.0114222045623222,0.1813218761760728,Novavax Analysts Say CEPI Funding 'Speaks Volumes' About Coronavirus Vaccine Development,1
2020-05-15,JNJ,127.19971466064452,0.0189652726672779,0.0005317196088054,-0.0336960882650951,0.010987305840224,0.1744180729910425,"Avicanna Combines Sustainable Cultivation Methods, R&D, and Pharmaceutical Standards to Offer API's with the Aureus Brand",1
2020-05-18,JNJ,127.26734924316406,0.0005317196088054,-0.0099654185259968,-0.0329384853091381,0.0109806340203847,0.1743121611345197,"These 6 Coronavirus Vaccine Candidates Are The Likeliest To Succeed, Says Morgan Stanley Janssen Gives an Update on its Phase 1 Study on Teclistamab in patients with Multiple Myeloma",2
2020-05-19,JNJ,125.99907684326172,-0.0099654185259968,-0.0089922155990653,-0.0209745097033591,0.0108084226055978,0.1715783896758043,"Johnson & Johnson Consumer Health Will Wind Down Commercialization Of Talc-based Johnson's Baby Powder In The U.S. And Canada In Coming Months In The Midst Of Pandemic, Traders Pin Their Hopes On These Healthcare ETFs Moncef Slaoui To Divest Moderna Stake As He Joins White House Vaccine Accelerator",3
2020-05-20,JNJ,124.8660659790039,-0.0089922155990653,-0.0065681948645536,0.0020912910531272,0.0096047461578575,0.1524706184375659,"Johnson & Johnson Pulls Talc-Based Baby Powder From US, Canada As Cancer Claims Kill Demand",1
2020-05-22,JNJ,122.91358184814452,-0.0091283894338298,0.0013161578989739,0.0195333126553447,0.0087508030074768,0.1389146911793989,"US Health Official Says Vaccines From J&J, Sanofi, Merck May Be Added This Summer As They Complete Phase 1 Safety Studies US Says Will Test Experimental Coronavirus Vaccines In 100,000+ People, Health Official Says Oxford Vaccine May Be Tested ""Side By Side"" With Moderna's Starting In July",2
2020-05-26,JNJ,123.07535552978516,0.0013161578989739,0.0022827677596697,0.0255256518317033,0.0088051248251557,0.1397770233014588,Novavax Begins Phase 1 Clinical Trial Of Its Coronavirus Vaccine,1
2020-06-01,JNJ,125.31449127197266,-0.0104873674221521,0.007201425174127,-0.0028535993518747,0.0090525834715573,0.1437053075303676,4 Sector ETFs To Buy And Sell In June,1
2020-06-02,JNJ,126.21693420410156,0.007201425174127,0.0026981584193821,-0.0154466048490568,0.0091938536835567,0.145947902622037,"Pharma Large And Mid-Caps Race Against COVID-19 4 Blue Chips That Lived Up To Their Title During the Pandemic U.S. Army Planning To Test Vaccines From Moderna, Astrazeneca, Johnson & Johnson And Sanofi; Army Will Test Its Own Vaccine Candidate In Human Trials Later This Summer",3
2020-06-03,JNJ,126.55748748779295,0.0026981584193821,-0.0129162739916095,-0.0057181807511546,0.0090237894478984,0.1432482165752893,"Revisiting The Coronavirus Vaccine Race: Updates On The 10 Candidates In Clinics UPDATE: Five Companies Chosen For 'Vaccine Finalist' Are Moderna, Johnson & Johnson, Merck, Pfizer And AstraZeneca",2
2020-06-04,JNJ,124.92283630371094,-0.0129162739916095,0.0038851498050005,-0.0399370680851204,0.0092447522068111,0.1467558916298267,Halozyme Announces J&J's Janssen Receives European Marketing Authorization For Subcutaneous DARZALEX Utilizing Halozyme's ENHANZE Technology For The Treatment Of Patients With Multiple Myeloma Ex-FDA Chief On White House's Coronavirus Vaccine Shortlist: 'They Chose Very Novel Platforms' Genmab Reports European Marketing Authorization For Subcutaneous Formulation Of DARZALEX For Treatment Of Patients With Multiple Myeloma,3
2020-06-08,JNJ,124.95689392089844,-0.0035985397050317,-0.0055185656674817,-0.0376095882674384,0.0091278690513505,0.1449004290590194,"Navarro: China Is 'Trying To Steal Our Vaccines, As We Speak'",1
2020-06-09,JNJ,124.2673110961914,-0.0055185656674817,0.0126058718814781,-0.0102769130459207,0.0091709782800685,0.145584766849418,"Revlon, Chanel, L'Oréal Are Quietly Removing Talc From Their Products As Cancer Lawsuits Mount: Report Travel Stocks Lose Momentum In Pre-Market After Leading Yesterday's Sharp Rally",2
2020-06-10,JNJ,125.83380889892578,0.0126058718814781,-0.0468874340345336,-0.0255749474831854,0.0091314554480233,0.1449573613412138,"J&J Moves Up Human Clinical Trails Of its COVID-19 Vaccine To Start In July, Ahead Of Planned September Start J&J Is In Talks To Begin Phase 3 Coronavirus Vaccine Trial Ahead Of Schedule, Pending Phase 1 Studies Outcome, Regulatory Approval NIH Official Says U.S. Plans 3 Large Studies of Experimental Coronavirus Vaccines  From Moderna, AstraZeneca Johnson & Johnson Starting in July, August, September",3
2020-06-11,JNJ,119.93378448486328,-0.0468874340345336,0.0090861548575089,0.018030642696887,0.0140115002792963,0.2224256714035807,"Moderna On Track To Start Phase 3 Coronavirus Vaccine Trial In July Shares of several healthcare companies are trading lower in sympathy with the overall market following an increase in coronavirus cases in some US states that have reopened, leading to concerns of a second wave of the virus. It's Not All COVID-19 And The Fed: Lululemon Reports After Close, And Airline Stocks Dive A Peek Into The Markets: US Stock Futures Tumble Ahead Of Jobless Claims Report Johnson & Johnson To Start Coronavirus Vaccine Human Trials Ahead Of Schedule In July",5
2020-05-29,JPM,83.06019592285156,-0.0255360669320943,0.0132567995233889,0.1430482381247275,0.0326847637635055,0.5188545394747872,Shares of several financial services companies are trading lower amid market volatility as investors await Trump's China press conference later today. 15 US Banks Facing Currency Rigging Lawsuit Brought By Large Investors,2
2020-06-01,JPM,84.16130828857422,0.0132567995233889,0.0033467827725945,0.1506083069362138,0.0321228697771986,0.5099347489690831,Goldman Sachs Revises Its Gloomy Outlook On Markets Following Sharp Rebound In Stocks,1
2020-06-02,JPM,84.44297790527344,0.0033467827725945,0.0539776890544094,0.1173558990649712,0.0319240091564724,0.5067779344810502,4 Community Bank Executives Give Their Perspectives On The Paycheck Protection Program,1
2020-06-03,JPM,89.00101470947266,0.0539776890544094,0.0208112937068243,0.0171667992080264,0.0337739446679326,0.5361447503100348,Shares of several financial services companies are trading higher as equities continue to gain on optimism over an economic reopening as well as a smaller-than-expected drop in nonfarm payrolls.,1
2020-06-04,JPM,90.85324096679688,0.0208112937068243,0.0450019129489005,-0.0867156195720705,0.0333515789102251,0.5294399017668141,"Taking A Breath: Jobless Claims Disappoint, But ECB Stimulus Greeted Positively",1
2020-06-05,JPM,94.94181060791016,0.0450019129489005,0.0199584336912266,-0.1021308458799282,0.0343226908567489,0.5448558260010482,Shares of several financial services companies are trading higher following strong US jobs data and continued optimism amid the reopening of the economy.,1
2020-06-08,JPM,96.83670043945312,0.0199584336912266,-0.0256497890893734,-0.1075359777129629,0.0343645175451257,0.5455198040947111,"'Solving A Catch 22': Noah Lets Struggling Homeowners Tap Into Home Equity, Access Discretionary Funds",1
2020-06-09,JPM,94.35285949707033,-0.0256497890893734,-0.0405285251464823,-0.0767143704327105,0.0341405924911128,0.5419651040633018,Shares of several financial services companies are trading lower as equities sell off following recent rally. Stocks have rallied over the past week amid optimism towards the US economy reopening and investors have potentially taken some profits following run up.,1
2020-06-11,JPM,82.97484588623047,-0.0834433343353727,0.0273634409401013,0.0177968658324689,0.0394513933099035,0.626271453438013,"Shares of several financial service companies are trading lower following an increase in coronavirus cases in some US states that have reopened, leading to concerns of a second wave of the virus. The Fed kept rates at zero and noted it could stay there for as long as it takes for the economy to recover.",1
2020-01-02,KO,45.43271255493164,,-0.0054556233954018,0.0063648659734121,,,Is Coca-Cola Planning On Marketing A CBD Extract Version In Canada?,1
2020-01-03,KO,45.18484878540039,-0.0054556233954018,-0.0003657258793355,0.0153594738410174,,,"Gold, Bonds, Crude All On The Rise After US Strike In Middle East Sparks Fears",1
2020-01-07,KO,44.82132339477539,-0.0076823777163413,0.0018433754699398,0.0322580068616564,,,Coca-Cola Now Owns 100% Of Fairlife,1
2020-01-09,KO,45.721885681152344,0.0182153203129646,0.003433336242351,0.026743662749282,,,"Benzinga's Top Upgrades, Downgrades For January 9, 2020 Credit Suisse Upgrades Coca-Cola to Outperform, Raises Price Target to $64",2
2020-01-10,KO,45.87886428833008,0.003433336242351,0.0108048902835808,0.0253916459886609,,,"Stocks That Hit 52-Week Highs On Friday Weaker Than Expected December Jobs Report Might Weigh, But Overall Growth Positive",2
2020-01-15,KO,46.84550476074219,0.012499895907718,0.002116566185689,0.0199296953454111,,,Stocks That Hit 52-Week Highs On Wednesday,1
2020-01-17,KO,47.04380416870117,0.0021120145356916,0.0040391652748552,0.0094835079175732,,,Stocks That Hit 52-Week Highs On Friday,1
2020-01-21,KO,47.23382186889648,0.0040391652748552,0.0076965365141494,-0.0027988066285884,,,"Morgan Stanley Maintains Overweight on Coca-Cola, Raises Price Target to $61",1
2020-01-22,KO,47.59735870361328,0.0076965365141494,0.0038187559197209,-0.0104151823117739,,,Coca-Cola CEO Says Consumers Will Never Drink The Same Product Forever Stocks That Hit 52-Week Highs On Wednesday,2
2020-01-24,KO,47.65519332885742,-0.0025937703842152,-0.0034675941761324,0.0124823464403467,,,Stocks That Hit 52-Week Highs On Friday,1
2020-01-27,KO,47.48994445800781,-0.0034675941761324,-0.0081769083388785,0.0191370468344802,,,"Going Viral: Stocks On Their Back As Virus Spreads Heading Into Key Earnings, Fed Week",1
2020-01-29,KO,47.10162353515625,0.0,0.032450778333396,0.0322751949235013,,,Q4 Earnings Preview For Coca-Cola,1
2020-01-30,KO,48.63010787963867,0.032450778333396,-0.0078154446810898,0.0022085659727404,,,"62 Crazy Super Bowl 54 Prop Bets You Have To See To Believe Mid-Afternoon Market Update: Crude Oil Down Over 2%; Miragen Therapeutics Shares Climb Mid-Day Market Update: Dow Falls 150 Points; Inovio Pharmaceuticals Shares Spike Higher Stocks That Hit 52-Week Highs On Thursday Mid-Morning Market Update: Markets Edge Lower; Coca-Cola Posts Upbeat Q4 Revenue Coca-Cola shares are trading higher after the company reported better-than-expected Q4 sales results. 7 Consumer Defensive Stocks Moving In Thursday's Pre-Market Session Coca-Cola Reports Q4 Earnings Beat Coca-Cola Sees FY20 Adj. EPS ~$2.25, Organic Sales Growth 5% Year Over Year Coca-Cola Q4 Adj. EPS $0.44, Inline, Sales $9.1B Beat $8.85B Estimate",13
2020-01-31,KO,48.25004196166992,-0.0078154446810898,0.003082272710059,0.0135276558195744,0.009803520861078,0.1556260690274776,"13 Super Bowl 54 Commercials You Won't Want To Miss UPDATE: Morgan Stanley Maintains Overweight On Coca-Cola, Raises Target To $65 Believes Co. 'offers a clearly superior LT growth outlook vs. CPG peers, with solid category growth, stronger KO pricing power, and favorable strategy tweaks' Morgan Stanley Earlier Maintained Overweight on Coca-Cola, Raised Price Target to $65 B of A Securities Maintains Buy on Coca-Cola, Raises Price Target to $65 RBC Capital Maintains Outperform on Coca-Cola, Raises Price Target to $66 Stocks That Hit 52-Week Highs On Friday Deutsche Bank Maintains Buy on Coca-Cola, Raises Price Target to $64 UBS Maintains Buy on Coca-Cola, Raises Price Target to $65 Citigroup Maintains Neutral on Coca-Cola, Raises Price Target to $63 Here's How Much Investing $100 In Coca-Cola Stock Back In 2010 Would Be Worth Today",10
2020-02-04,KO,48.61357879638672,0.0044384822948986,0.0001698870929596,0.0127465540384554,0.0095555919213034,0.1516903191227205,Stocks That Hit 52-Week Highs On Tuesday,1
2020-02-10,KO,49.365421295166016,0.0094610089283073,-0.0026777223040003,-0.003682061354707,0.0087015121082944,0.1381322224125859,Stocks That Hit 52-Week Highs On Monday,1
2020-02-13,KO,49.249752044677734,0.0033663860800914,0.0057038725065212,0.0087234239160027,0.0083775068139997,0.132988797819554,"Pepsi Releases Solid Quarter Results During Its Biggest Month Of The Year Judging By These Leveraged Funds, Consumers Are Still In The Economic Driver Seat",2
2020-02-14,KO,49.53066635131836,0.0057038725065212,-0.007005994300597,-0.0216847950276671,0.0084063516245696,0.1334466949918512,Stocks That Hit 52-Week Highs On Friday,1
2020-02-18,KO,49.18365478515625,-0.007005994300597,0.0040317376601619,-0.0287251419352837,0.008683611084014,0.1378480524618309,Here's How Long It Took Coca-Cola To Reach A $100B Market Cap,1
2020-02-20,KO,49.34064102172851,-0.000836527443183,0.0068652834819027,-0.0802078774253338,0.0086117696471694,0.1367076050075086,Coca-Cola Raises Quarterly Dividend From $0.40 To $0.41/Share,1
2020-02-21,KO,49.67937850952149,0.0068652834819027,-0.0246133213075698,-0.1104274226721321,0.0086754158689755,0.1377179574562359,"Lululemon Trades Down, Coca-Cola Investors Stay Positive After Coronavirus Updates Financial Sector Stocks Could Be In Focus Today As Treasury Yields Falter, But Deere Shines Benzinga Pro's Top 5 Stocks To Watch For Fri., Feb. 21, 2020: PEP, SDGR, ZS, DPW, HPQ UPDATE: Coca-Cola Sees 2-3 Point Impact to Unit Case Volume, 1-2 Point Impact To Organic Sales, $0.01-$0.02 Impact To EPS In Q1 Related To Coronavirus Coca-Cola Reaffirms FY20 Guidance Amid Coronavirus Outbreak",5
2020-02-24,KO,48.45660400390625,-0.0246133213075698,-0.0141519757202615,-0.0465472917057662,0.0104939944586258,0.1665869975832832,"Morgan Stanley Upgrades Keurig Dr Pepper On Improved Valuation Warren Buffett Talks Succession Plans, Compares Acquisitions To Marriage In Annual Letter",2
2020-02-25,KO,47.77084732055664,-0.0141519757202615,-0.0038047276971735,-0.0304390992427356,0.0109876459061398,0.1744234713700973,How Cannabis MSOs Are Winning Over Customers In Evolving US Markets,1
2020-02-27,KO,45.38313293457031,-0.046354305483802,-0.0262150291722661,0.0329513127603826,0.0150989847845174,0.2396889527362876,Coronavirus Is Not Necessarily Bad News For Everyone,1
2020-02-28,KO,44.19341278076172,-0.0262150291722661,0.0454291129644979,0.0330901806278063,0.0137433445870767,0.2181688317580238,Shares of several beverage companies are trading lower. Weakness appears market related as equities across sectors sell off on fears of the global coronavirus spread.,1
2020-03-02,KO,46.201080322265625,0.0454291129644979,0.0025035223199159,-0.0726038811903162,0.0176934319766434,0.2808745250966193,"The Coronavirus Outbreak's Impact On Global Stocks, Commodities, ETFs",1
2020-03-09,KO,42.846702575683594,-0.0615273283647448,0.0347090270428986,-0.1196116704353612,0.026800345726422,0.4254422990559921,Shares of several consumer goods companies are trading lower amid a selloff in US equities. The global coronavirus outbreak has hampered economic activity and negatively impacted multiple industries.,1
2020-03-11,KO,43.13587188720703,-0.027022185265041,-0.0967248300068713,-0.1334354751273677,0.0285587041225697,0.4533553732475681,"Shares of several consumer goods and retail companies are trading lower as global markets continue to experience pressure amid the coronavirus spread, which has negatively impacted companies across sectors.",1
2020-03-12,KO,38.96356201171875,-0.0967248300068713,0.03679172168884,-0.1052401864722993,0.0349751150994372,0.5552127397738262,Shares of several consumer defensive and consumer cyclical companies are trading lower as equities sell off amid continued global coronavirus concerns. The virus has caused global economic disruption and negatively impacted stocks across sectors.,1
2020-03-16,KO,37.721736907958984,-0.0662265788858149,0.0424215861472594,-0.1701282203102646,0.038405863584375,0.6096741835855686,"Shares of several consumer goods companies are trading lower amid the global coronavirus outbreak, which investors speculate may lead to softer consumer spending.",1
2020-03-17,KO,39.32195281982422,0.0424215861472594,-0.0493855557433274,-0.1638405807365026,0.040340640241338,0.6403878108462314,"Shares of several consumer goods and consumer staples companies are trading higher as markets rebound from Market's crash. Additionally, investors speculate the coronavirus outbreak may lead to bulk spending on several staples.",1
2020-03-18,KO,37.3800163269043,-0.0493855557433274,-0.0673350922298079,-0.0722407213754702,0.0411002382613561,0.6524460555903011,"96 Stocks Moving In Wednesday's Mid-Day Session Morgan Stanley Downgrades Coca-Cola And Monster Beverages UPDATE: Morgan Stanley Downgrades Coca-Cola To Equal-Weight, Lowers Price Target To $52 Based On 'a weaker demand outlook post the COVID-19 situation' And Cites An Additional 4 Potential Risks: Coca-Cola shares are trading lower as equities fall amid the global coronavirus outbreak. Morgan Stanley also reportedly downgraded the company's stock from Overweight to Equal-Weight and lowered its price target from $65 to $52. Morgan Stanley Downgrades Coca-Cola From Overweight To Equal weight, Cuts PT From $65 To $52",5
2020-03-19,KO,34.86302947998047,-0.0673350922298079,-0.0843897244531046,0.0588091825768175,0.0427213885206452,0.6781810181339822,"Shares of several consumer goods companies are trading lower. The coronavirus outbreak has led to volatility in consumer spending, which has moved the sector both up and down in recent weeks.",1
2020-03-20,KO,31.920948028564453,-0.0843897244531046,-0.0193209514710108,0.1177550838712531,0.0449291701100654,0.7132284643424975,"Stocks That Hit 52-Week Lows On Friday Shares of some beverage companies are trading lower. Consumer demand for staples and packaged food items has been volatile recently, contributing to volatility in stock movement. UPDATE: Coca-Cola Says Impact From Coronavirus Could Be Material UPDATE: Coca-Cola Says Recent Initiatives By Authorities To Limit Spread Of Coronavirus As Well As Recent Movement In Forex Rates, Will Have Negative Impact On FY Results; Says Does Not Expect To Achieve Prior Guidance Coca-Cola 8-K Shows Recent Local Market Policies, Initiatives To Reduce Spread Of Coronavirus Have Significantly Increased, Including Direction To Refrain From Dining At Restaurants, Cancellation Of Major Sporting, Entertainment Events Deutsche Bank Maintains Buy on Coca-Cola, Lowers Price Target to $53",6
2020-03-23,KO,31.3042049407959,-0.0193209514710108,0.0503196390489422,0.1980829882541994,0.0449217216286418,0.7131102233655463,"UPDATE: JP Morgan Upgrades Coca-Cola to Overweight, Announces $44 Price Target As Firm Believes 'KO's deep transformation will allow faster top line, better margins, free cash flow conversion and returns in the long run.' Stocks That Hit 52-Week Lows On Monday JP Morgan Upgrades Coca-Cola to Overweight, Announces $44 Price Target",3
2020-03-24,KO,32.87942123413086,0.0503196390489422,0.0547526592841074,0.1216731176173779,0.0476421794154431,0.7562961519022986,"75 Stocks Moving In Tuesday's Mid-Day Session Orange Juice Futures Jump As Much As 6% To 11-Month High Shares of several consumer goods companies are trading higher amid market strength on hopes of a US economic stimulus agreement. The sector has been volatile recently amid consumer demand for household staples and cleaning products. Coca-Cola shares are trading higher after HSBC upgraded the company's stock from Hold to Buy. 26 Stocks Moving in Tuesday's Pre-Market Session 2020 Summer Olympics Likely To Be Postponed Until 2021 Due To Global Pandemic HSBC Upgrades Coca-Cola to Buy, Announces $45 Price Target",7
2020-03-25,KO,34.679656982421875,0.0547526592841074,0.0644077524918975,0.0122565411485389,0.0502502449973779,0.7976979094987778,"DZ Bank Upgrades Coca-Cola to Buy, Announces $51 Price Target",1
2020-03-26,KO,36.91329574584961,0.0644077524918975,-0.0334159760056193,-0.007676870768335,0.0526012820097279,0.8350194650454957,Shares of several consumer goods companies are trading higher amid market strength following US Senate passage of an economic stimulus package. NOTE: Packaged food and discount store stocks have been volatile recently amid consumer demand for staples.,1
2020-03-27,KO,35.67980194091797,-0.0334159760056193,0.0511559302513802,0.023826059958222,0.0527501558214792,0.8373827635412415,"Shares of several consumer goods companies are trading lower as markets sell off following this week's strength. The sector has been on watch recently amid consumer demand for groceries, household items and other staples. Argus Research Upgrades Coca-Cola to Buy, Announces $54 Price Target Hearing Argus Upgrades Coca-Cola From Hold To Buy, Announces $54 Target",3
2020-03-30,KO,37.505035400390625,0.0511559302513802,-0.016666361531858,0.0371113091096979,0.0530774257683749,0.8425780128876694,Shares of several consumer-related companies are trading higher after President Trump extended coronavirus measures in an effort to better help sustain the outbreak.,1
2020-03-31,KO,36.87996292114258,-0.016666361531858,-0.0481359837506972,0.0510732415370887,0.053031490474888,0.8418488127098663,"Morgan Stanley Maintains Equal-Weight on Coca-Cola, Raises Price Target to $46",1
2020-04-01,KO,35.10470962524414,-0.0481359837506972,0.04344737603055,0.1353279531222477,0.0516460203194084,0.8198551558280609,"Goldman Sachs Reinstates Neutral on Coca-Cola, Announces $46 Price Target",1
2020-04-02,KO,36.62991714477539,0.04344737603055,-0.0027301755316662,0.114903461280631,0.052953211938516,0.8406061794684594,Coca-Cola CEO Reiterates Co. Has No Plans To Layoff Employees Amid Coronavirus Outbreak,1
2020-04-06,KO,38.89689636230469,0.0647958139939477,-0.0034284017359532,0.0482106367345624,0.0538824231713774,0.8553569504940531,"Shares of several beverage companies are trading higher amid overall market strength on hopes US coronavirus hotspots could soon reach their peak. Additionally, the virus has lead to high demand for packaged food and beverages.",1
2020-04-07,KO,38.76354217529297,-0.0034284017359532,0.0281660520999091,0.0236507331992996,0.053131351564213,0.8434340583579014,"Food News Roundup: Guy Fieri Lends A Helping Hand, Expert Cautions Against Protectionist Measures, Coca-Cola Stock In Focus 4 Consumer Defensive Stocks Moving In Tuesday's Pre-Market Session",2
2020-04-13,KO,39.11359786987305,-0.0422446946715622,0.0424032235176738,-0.0085234207791663,0.0491764496617813,0.7806519369969595,Shares of several beverage companies are trading lower amid demand concerns caused by the coronavirus. The pandemic has caused a disruption in consumer spending.,1
2020-04-14,KO,40.77214050292969,0.0424032235176738,-0.0267783864256675,-0.07236279505981,0.0475003858375746,0.7540452486350215,"Shares of several beverage companies are trading higher as markets gain on positive coronavirus outlook. Optimism surrounding the virus has led to hopes of an upcoming return to economic activity, which would benefit the sector.",1
2020-04-15,KO,39.680328369140625,-0.0267783864256675,-0.010712115793562,-0.0405376486739037,0.0471481407896207,0.7484535318503817,Every Member Of Trump's 'Great American Economic Revival' Industry Groups Shares of several beverage companies are trading lower as the coronavirus pandemic continues to take its toll on the economy. The pandemic has decreased economic activity and consumer spending.,2
2020-04-16,KO,39.25526809692383,-0.010712115793562,0.0203824233399767,-0.0430999055150982,0.0457222033501064,0.7258174767498354,S&P 500 Futures Up 3.2% After Hours; Many Other Stocks Moving Higher With Futures; Investors Reacting Favorably To White Phase Guidelines On Reopening Economy,1
2020-04-20,KO,38.780216217041016,-0.0318351540944769,-0.0247152247968498,0.0053724173349973,0.0380732941224656,0.6043948070463675,3 ETFs To Play For This Week's Earnings Onslaught Put Selling And Winning Systems In Any Market: Options Advice From MOJO Day Trading,2
2020-04-21,KO,37.821754455566406,-0.0247152247968498,0.0066106585080445,0.0299689976929313,0.0383137298451962,0.6082116058182155,"Mid-Afternoon Market Update: Dow Slides 500 Points; Vaxart Shares Spike Higher Coca-Cola CEO: Global Volumes 'Fell Off A Cliff' UPDATE: CFRA On Coca-Cola Notes 'With its 3.5% dividend yield and high single-digit long-term EPS growth goal, we view KO as a stock capable of low double-digit total return potential and see little risk to KO's dividend' UPDATE: CFRA Maintains Strong Buy On Coca-Cola, Lowers Target To $55 Notes 'KO remains one of our top picks, although disclosure of a 25% volume decline since April 1 proves that almost no company is immune from Covid-19 impacts' Afternoon Market Stats in 5 Minutes Mid-Day Market Update: TriState Capital Jumps Following Q1 Results; Cyclacel Pharmaceuticals Shares Plunge Coca-Cola Faces Deteriorating Environment, But BofA Says Fundamentals Remain Solid CFRA Maintains Strong Buy on Coca-Cola, Lowers Price Target to $55 Mid-Morning Market Update: Markets Open Lower; Coca-Cola Tops Q1 Estimates CocaCola, IBM Earnings Under Scrutiny As Both Multinationals Withdraw Guidance, Netflix Later",17
2020-04-22,KO,38.071781158447266,0.0066106585080445,-0.0133540221129868,0.0315236362393913,0.0371327555982562,0.5894642208451657,"Citigroup Maintains Neutral on Coca-Cola, Lowers Price Target to $51 Jefferies Maintains Hold on Coca-Cola, Lowers Price Target to $47 UBS Maintains Buy on Coca-Cola, Lowers Price Target to $154 RBC Capital Maintains Outperform on Coca-Cola, Lowers Price Target to $55",4
2020-05-08,KO,38.43016052246094,0.0338564137003598,-0.012361532924184,-0.0618087565151342,0.0226562789245671,0.3596572780111118,Shares of several consumer goods companies are trading higher amid overall market strength. Better-than-expected US jobless numbers and easing lockdown restrictions in some states has led to hopes of a rebound in consumer spending.,1
2020-05-12,KO,37.35500717163086,-0.015810723194451,-0.0196338156840346,-0.0062466868408338,0.0183169100260655,0.2907719322966904,Not Just Fun And Games: How Esports Could Offer Potential Investment Opportunities,1
2020-05-15,KO,36.054840087890625,-0.0100687150288556,0.0395286069177998,0.0409154679227556,0.0169765110563543,0.2694937583079128,"Coca-Cola CFO Says Trough Will Come In Q2, Says Bullish Credit Suisse",1
2020-05-20,KO,38.246795654296875,0.0303093517247219,-0.0156894438632985,0.0261499707565242,0.0190561615905783,0.3025071870727884,"Coca-Cola shares are trading higher, potentially amid strength in overall market. Additionally, reopenings of some US restaurants and venues could be potential demand catalysts for the company's products.",1
2020-05-26,KO,38.41350555419922,0.0235402039483547,0.0138854821363136,0.017574109695557,0.0186107385747974,0.295436315904904,Shares of several consumer staples are trading higher in sympathy with the overall market as equities rally on coronavirus vaccine hopes as well as a pickup in economic activity as some US states reopen businesses. A vaccine could bring a return to increased consumer spending.,1
2020-06-08,KO,41.547245025634766,0.0154815004535531,-0.017051037055883,-0.0627759010099839,0.0172303217493324,0.273522878150166,"Morgan Stanley Maintains Equal-Weight on Coca-Cola, Raises Price Target to $52",1
2020-06-11,KO,37.95510482788086,-0.0633484363100287,0.0104138786856251,0.0412141950367763,0.0223154277863972,0.3542464339369656,"Shares of several companies in the broader consumer staples sector are trading lower as markets dip amid concerns of a second wave of the coronavirus. Virus concerns have clouded economic outlook and negatively impacted stocks across sectors, including staples",1
2020-01-06,MA,290.3143310546875,0.002662800350262,-0.0033860961082811,0.047805954365701,,,"Wells Fargo Maintains Overweight on Mastercard, Raises Price Target to $336",1
2020-01-09,MA,298.2966613769531,0.0131107801532965,0.0066964479821904,0.0362341726017012,,,Stocks That Hit 52-Week Highs On Thursday,1
2020-01-10,MA,300.294189453125,0.0066964479821904,0.0129835854325794,0.0401390644753476,,,Stocks That Hit 52-Week Highs On Friday,1
2020-01-13,MA,304.1930847167969,0.0129835854325794,-0.0144984865766254,0.0213187485020514,,,"Nomura Maintains Buy on Mastercard, Raises Price Target to $354",1
2020-01-14,MA,299.7827453613281,-0.0144984865766254,0.0116212699198974,0.0440057654871117,,,Visa Acquires Payment Tech Provider Plaid For Twice Its Valuation,1
2020-01-16,MA,309.1051940917969,0.0192523426556536,0.010490031404637,0.0105212296985248,,,"Shares of several financial companies are trading higher in sympathy with the overall market after the phase one U.S.-China trade deal was signed. Weekly jobless claims had an unexpected drop, and Morgan Stanley reported better-than-expected Q4 results. Stocks That Hit 52-Week Highs On Thursday Oppenheimer Maintains Outperform on Mastercard, Raises Price Target to $345 Marqeta Earlier Certifies With Mastercard To Provide Processing Services Enabling European Fintechs To Get To Market Faster",4
2020-01-17,MA,312.34771728515625,0.010490031404637,-0.0053453782653851,-0.0243776019759629,,,Stocks That Hit 52-Week Highs On Friday,1
2020-01-22,MA,312.97491455078125,0.0073929059065056,0.0020660983766662,-0.0123026899939759,,,"Baird Maintains Outperform on Mastercard, Raises Price Target to $348 Stocks That Hit 52-Week Highs On Wednesday Citigroup Maintains Buy on Mastercard, Raises Price Target to $375",3
2020-01-23,MA,313.6215515136719,0.0020660983766662,-0.0040309432426649,-0.0016000193057125,,,"Morgan Stanley Maintains Overweight on Mastercard, Raises Price Target to $360",1
2020-01-24,MA,312.35736083984375,-0.0040309432426649,-0.0244077228219208,-0.0238822876770119,,,Stocks That Hit 52-Week Highs On Friday,1
2020-01-27,MA,304.7334289550781,-0.0244077228219208,0.0142507564715055,0.0277100657402904,,,"Bernie Sanders Tweets About Legislation to Lower Credit Card Interest Rates Shares of several banks and financial services companies are trading lower amid the spread of the Wuhan coronavirus, which has raised global risk concerns and clouded economic outlook.",2
2020-01-29,MA,309.1244812011719,0.0001564998381682,0.0129244690031216,0.0249748479449554,,,"Mastercard shares are trading higher after the company reported better-than-expected Q4 EPS results. Mastercard Q4 Adj. EPS $1.96 Beats $1.87 Estimate, Sales $4.4B Inline Earnings Scheduled For January 29, 2020",3
2020-01-30,MA,313.1197509765625,0.0129244690031216,-0.0262589583080742,0.0149169011300636,,,"Tough Lead-In: Virus Fears Crush Hong Kong Stocks Overnight, Putting Pressure On US SunTrust Robinson Humphrey Maintains Buy on Mastercard, Raises Price Target to $380 10 Biggest Price Target Changes For Thursday BMO Capital Maintains Outperform on Mastercard, Raises Price Target to $362 Wells Fargo Reiterates Overweight on Mastercard, Raises Price Target to $370 Raymond James Maintains Outperform on Mastercard, Raises Price Target to $347 Cantor Fitzgerald Maintains Overweight on Mastercard, Raises Price Target to $359 Guggenheim Maintains Buy on Mastercard, Raises Price Target to $364 Stephens & Co. Reiterates Overweight on Mastercard, Raises Price Target to $343",9
2020-02-03,MA,313.1776123046875,0.0271568589082666,0.0141749277250773,0.0177494035394345,0.0139810741091332,0.2219426709259827,"Mastercard shares are trading higher. Strength potentially related to rebound in US markets and bullish commentary from UBS. UBS Maintains Buy on Mastercard, Raises Price Target to $370",2
2020-02-04,MA,317.61688232421875,0.0141749277250773,-0.0024308034363118,0.0054690435034931,0.0141579405937005,0.2247503393265461,Stocks That Hit 52-Week Highs On Tuesday,1
2020-02-05,MA,316.8448181152344,-0.0024308034363118,0.0029847710123247,0.0177873628287796,0.0141311670971597,0.2243253232450992,Stocks That Hit 52-Week Highs On Wednesday,1
2020-02-11,MA,319.35394287109375,0.0019376980017524,0.0097907323650521,0.0412185283895498,0.0136961175526646,0.2174191258287441,Stocks That Hit 52-Week Highs On Tuesday Mastercard Receives In-Principle Approval From People's Bank Of China To Begin Preparations To Set Up Domestic Bankcard Clearing Institution In China,2
2020-02-12,MA,322.48065185546875,0.0097907323650521,0.0050278005792725,0.0307938472114155,0.0131741870363377,0.2091337357416048,Mastercard Gets Approval To Enter China Payments Market,1
2020-02-14,MA,329.033447265625,0.0152156626420938,0.0008504171115535,-0.0477491261173491,0.0128196948829569,0.2035063472641882,Stocks That Hit 52-Week Highs On Friday,1
2020-02-18,MA,329.3132629394531,0.0008504171115535,0.0097292755948812,-0.1123842164957501,0.0127122265482232,0.2018003403390709,Stocks That Hit 52-Week Highs On Tuesday,1
2020-02-19,MA,332.5172424316406,0.0097292755948812,-0.0003192936808944,-0.1350128603124563,0.0126553024604609,0.2008966984601015,Stocks That Hit 52-Week Highs On Wednesday,1
2020-02-24,MA,313.3223876953125,-0.044244970182191,-0.0670834214802685,-0.0552252723983797,0.0167898121789112,0.2665300055092953,"Mastercard Says Expects That If Trends Concerning Coronavirus Continue, Expects YoY Net Revenue Growth To Be 2-3 Percentage Points Lower Than Previously Guided Shares of several financial services companies are trading lower amid continued spread of coronavirus including notable upticks in Iran and Italy. NOTE: The virus has raised fear of a global economic slowdown.",2
2020-02-25,MA,292.30364990234375,-0.0670834214802685,-0.0160124975386831,-0.0359537057357087,0.0219978146926437,0.3492044823817092,"Selloff Resumes, With Bond Yields Hitting New Record Lows As CDC Virus Report Spooks UPDATE: Cantor Fitzgerald Maintains Overweight, $359 Target On Mastercard Notes 'We continue to like Mastercard's ability to grow faster than peers, its long-term potential to expand margins, and its expandable addressable market' Mastercard shares are trading lower after the company said the coronavirus outbreak could affect its revenue growth if trends continue.",3
2020-02-26,MA,287.6231384277344,-0.0160124975386831,-0.0410012482977155,0.0144945773586486,0.0218729353289724,0.3472220839407591,"Next Up For DLT Disruption? The $1.2 TRILLION Insurance Industry 7 Financial Services Stocks Moving In Wednesday's Pre-Market Session Mastercard Announced Early Tues. Pres, CEO Ajay Banga To Take Role As Chair As Current Chair Richard Haythornthwaite To Retire; Chief Product Officer Michael Miebach Named CEO; Merit Janow Named Lead Independent Director",3
2020-02-27,MA,275.8302307128906,-0.0410012482977155,0.0154995267417203,0.0171788053312502,0.0234072729127354,0.371578937983899,"Shares of several global financial services companies are trading lower as growing coronavirus fears hamper economic outlook, negatively impacting equities across sectors. 12 Financial Services Stocks Moving In Thursday's Pre-Market Session",2
2020-02-28,MA,280.10546875,0.0154995267417203,0.0568129026803518,-0.0111630489352504,0.0235202694998723,0.3733727031952786,Shares of several financial services companies are trading lower as the global coronavirus spread continues to cause equities across sectors to sell off amid worsened economic outlook.,1
2020-03-03,MA,281.79425048828125,-0.0480537379923386,0.0354793036132119,-0.0391436536545924,0.0278158638576613,0.4415631496188102,Street Remains Bullish On Visa Following Coronavirus Guidance Cut Shares of several banks and financial services companies are trading lower after the Federal Reserve announced a rate cut of 50 bps.,2
2020-03-04,MA,291.7921142578125,0.0354793036132119,-0.0384638554594891,-0.1078183378995892,0.028968567019937,0.4598617450359658,Shares of several financial services companies are trading higher after Joe Biden took the delegate lead on Super Tuesday. Biden's more 'moderate' economic policies have been seen as more favorable for growth. 8 Financial Services Stocks Moving In Wednesday's Pre-Market Session,2
2020-03-05,MA,280.56866455078125,-0.0384638554594891,-0.0127955374532532,-0.1693323583150762,0.0299799446945006,0.4759168678867143,Shares of several global banks and financial service companies shares are trading lower as global markets continue to experience volatility amid the coronavirus spread.,1
2020-03-06,MA,276.9786376953125,-0.0127955374532532,-0.0871048219729405,-0.0592314750624611,0.0299489324400383,0.4754245636092979,"Mastercard Says Confirms That Employee In Sao Paolo Office Has Been Diagnosed With Coronavirus Mastercard Has Closed Office In Sao Paulo, Brazil, Closed Annex Location Near Its HQ In New York, Cites Employee Contracted Coronavirus Shares of several financial services companies are trading lower amid the global coronavirus outbreak, which has hampered economic growth outlook and affected a wide array of industries.",3
2020-03-09,MA,252.8524627685547,-0.0871048219729405,0.0708370841266146,-0.1006069118955781,0.0349667438863738,0.5550798508862,51 Financial Services Stocks Moving In Monday's Pre-Market Session Shares of several global banks and financial services companies are trading lower amid a steep decline in the price of oil after OPEC members failed to reach a production agreement and Saudi Arabia pledged to cut its oil prices and increase supply.,2
2020-03-10,MA,270.7637939453125,0.0708370841266146,-0.0385288605502824,-0.1521545834109148,0.039223369542448,0.622651688347817,"Shares of several financial services companies are trading higher as markets look to be rebounding following Monday's selloff. The US late Monday said it may take certain steps to improve the US economy amid the virus outbreak,",1
2020-03-11,MA,260.3315734863281,-0.0385288605502824,-0.104759719337979,-0.1550637737682645,0.0397572741030992,0.6311271604957746,"Baird Maintains Outperform on Mastercard, Lowers Price Target to $314 Citigroup Maintains Buy on Mastercard, Lowers Price Target to $345 Shares of several financial services companies are trading lower as global concerns of the coronavirus continue to grow. The sector has been negatively impacted, as the virus has disrupted economic conditions and hampered growth outlook. Gates Foundation, Mastercard, Wellcome Commit $125M Funding To Speed Up Coronavirus Treatment",4
2020-03-12,MA,233.0593109130859,-0.104759719337979,0.1180535263875499,-0.0594205427276491,0.0447798678121581,0.7108583638398981,"Shares of several global financial services companies are trading lower as global concerns of the coronavirus continue to grow. The sector has been negatively impacted, as the virus has disrupted economic conditions and hampered growth outlook.",1
2020-03-13,MA,260.5727844238281,0.1180535263875499,-0.1272543760582278,-0.2169916925193322,0.0537016455150045,0.852487194165895,Shares of several global financial services companies are trading higher as markets rebound following Thursday's crash. The financial sector has been volatile recently as the coronavirus has generated global economic uncertainty.,1
2020-03-16,MA,227.41375732421875,-0.1272543760582278,0.0094632988606655,-0.1372798646894333,0.0593997896191748,0.9429424275713566,"Morgan Stanley Maintains Overweight on Mastercard, Lowers Price Target to $294 Shares of several financial services companies are trading lower after the Federal Reserve announced on Sunday that it would lower interest rates to combat the impact of coronavirus. Several banks suspended stock buybacks today in response to this.",2
2020-03-17,MA,229.5658416748047,0.0094632988606655,-0.0418279319529563,-0.0034050906667122,0.0595640142509689,0.945549412780626,Shares of several financial services companies are trading higher as the sector rebounds following Monday's Crash. Financials have been negatively impacted by economic weakness from the coronavirus outbreak and by recent Federal Reserve rate cuts. Stocks may be also potentially reacting to reports of possible further stimulus actions.,1
2020-03-18,MA,219.9635772705078,-0.0418279319529563,-0.0034222806746029,0.1252578728792059,0.0594994492368451,0.9445244749560252,"Shares of several financial services companies are trading lower amid the global coronavirus outbreak, which has weakened economic outlook and negatively impacted banks. Additionally, recent Fed interest rates have been a negative for the sector. 10 Financial Services Stocks Moving In Wednesday's Pre-Market Session",2
2020-03-19,MA,219.21080017089844,-0.0034222806746029,-0.0692490755557542,0.1586178083708851,0.0594528747263911,0.9437851275234496,Stocks That Hit 52-Week Lows On Thursday,1
2020-03-23,MA,196.1944274902344,-0.0384071080914548,0.166109313585421,0.2456960359775444,0.0603852658371757,0.958586377546149,"Stocks That Hit 52-Week Lows On Monday Morgan Stanley Maintains Overweight on Mastercard, Lowers Price Target to $266 10 Biggest Price Target Changes For Monday KeyBanc Maintains Overweight on Mastercard, Lowers Price Target to $285",4
2020-03-24,MA,228.78414916992188,0.166109313585421,0.0818745440554029,0.0189394166763707,0.0724135879297805,1.1495300712246477,"RBC Capital Maintains Outperform on Mastercard, Lowers Price Target to $287 Shares of several global banks and financial services companies are trading higher as equities gain amid hopes of a US stimulus agreement. Mastercard Suspends FY20 Guidance Mastercard Sees Q1 Net Sales Growth Low Single Digits, Opex Growth Low To Mid Single Digits",4
2020-03-25,MA,247.5157470703125,0.0818745440554029,0.0261227411647677,-0.1086634077199751,0.075220346885785,1.1940859883507944,"Shares of several global financial services companies are trading higher after the White House and Senate reached a $2 trillion stimulus deal aimed at supporting the economy. 10 Biggest Price Target Changes For Wednesday Stephens & Co. Maintains Overweight on Mastercard, Lowers Price Target to $264",3
2020-03-26,MA,253.9815368652344,0.0261227411647677,-0.0590088852259792,-0.0923322375444685,0.0750190417905952,1.1908903690336603,"Cash Payments In Cannabis Largely Driven By Fee Avoidance, Hypur Survey Shows Barclays Maintains Overweight on Mastercard, Lowers Price Target to $335",2
2020-03-27,MA,238.9943695068359,-0.0590088852259792,0.022612461999772,-0.0428831873871325,0.0759753619648369,1.206071481162445,"Shares of several financial services and global banks companies are trading lower, selling off from this week's strength. While the US stimulus legislation has boosted economic optimism, demand concerns still exist amid the coronavirus outbreak.",1
2020-03-30,MA,244.39862060546875,0.022612461999772,-0.0461599704512256,0.0501084229240749,0.0748830259846465,1.188731185052175,Mark Zuckerberg And Priscilla Chan Donate $25M To Gates Foundation Coronavirus Accelerator,1
2020-03-31,MA,233.1171875,-0.0461599704512256,-0.0536097106555178,0.0725284940639767,0.0748294486026314,1.187880670479915,"SunTrust Robinson Humphrey Maintains Buy on Mastercard, Raises Price Target to $295 Wells Fargo Maintains Overweight on Mastercard, Lowers Price Target to $325",2
2020-04-01,MA,220.61984252929688,-0.0536097106555178,0.0449234784530832,0.1870389144354942,0.0748304806686111,1.187897054019429,"10 Biggest Price Target Changes For Wednesday Stephens & Co. Maintains Overweight on Mastercard, Raises Price Target to $286 Shares of several banks and financial services companies are trading lower amid market weakness as macro concerns continue to grow as a result of the coronavirus pandemic. The coronavirus has led to lower investment and economic activity across sectors.",3
2020-04-03,MA,228.7455291748047,-0.0077444041495704,0.1219675023799173,0.1127165264487177,0.0755438894563672,1.1992220674326124,Roland Garros Is Giving Us Hope – Shall We Dare to Dream? Shares of several global financial services companies are trading lower amid market weakness. The coronavirus pandemic has weakened economic activity and investment/spending outlook.,2
2020-04-06,MA,256.6450500488281,0.1219675023799173,-0.0257952530070768,0.0195483929655417,0.0782707659379081,1.2425098895895006,Shares of several financial services stocks are trading higher with the broader market on optimism that coronavirus cases in several US hotspots appear to be reaching their peak and global oil producers appear to be working toward production cooperation.,1
2020-04-07,MA,250.0248260498047,-0.0257952530070768,0.0474333389866619,-0.0059531441793468,0.0768718096644062,1.220302147221063,"White House official says bankers expected to speak with Trump about small business this afternoon include CEOs of Visa, Mastercard, BofA, Goldman, JPMorgan, Citi, Wells Fargo...Southern Bancorp' Shares of several financial services companies are trading higher amid optimism that coronavirus cases in Asia are potentially easing. Global slowing cases could raise hopes of a sooner return to spending, economic activity and investment.",2
2020-04-08,MA,261.88433837890625,0.0474333389866619,-0.0057208440648441,-0.0892786350427073,0.0770795958453811,1.2236006505854762,"Shares of several financial services companies are trading higher amid optimism that coronavirus cases around the world are potentially easing. Global slowing cases could raise hopes of a sooner return to spending, economic activity and investment. Morgan Stanley Maintains Overweight on Mastercard, Raises Price Target to $286",2
2020-04-09,MA,260.3861389160156,-0.0057208440648441,-0.0224943166189129,-0.0350035564716004,0.0728532739542853,1.156509870479389,"Nomura Maintains Buy on Mastercard, Lowers Price Target to $334 Citigroup Maintains Buy on Mastercard, Raises Price Target to $298",2
2020-04-13,MA,254.5289306640625,-0.0224943166189129,0.0280247815333645,-0.0440874926442411,0.0683181010631183,1.0845162327431317,Shares of several global financial services companies are trading lower amid continued uncertainty around the coronavirus. The pandemic has slowed spending and economic activity which in turn hurts the financial sector. Morning Market Stats in 5 Minutes,2
2020-04-14,MA,261.66204833984375,0.0280247815333645,-0.0501626285172324,-0.0937131085536022,0.0614553238889596,0.975573022506684,"Shares of several global financial services companies are trading higher as markets gain on positive coronavirus outlook. Optimism surrounding the virus has led to hopes of an upcoming return to economic activity, which would benefit the sector. Morning Market Stats in 5 Minutes",2
2020-04-15,MA,248.5363922119141,-0.0501626285172324,-0.0403672476825232,-0.0008943963380338,0.0628495919462157,0.9977063417494484,"Every Member Of Trump's 'Great American Economic Revival' Industry Groups Benzinga's Top Upgrades, Downgrades For April 15, 2020 Shares of several banks and financial services companies are trading lower after major US banks reporter mixed quarterly earnings. Overall market weakness also being driven by a drop in US March retail sales and a decline in oil prices. Mastercard shares are trading lower after analysts at Jefferies downgraded the stock from Buy to Hold and lowered its price target to $275. 10 Biggest Price Target Changes For Wednesday Jefferies Downgrades Mastercard to Hold, Lowers Price Target to $275",6
2020-04-16,MA,238.503662109375,-0.0403672476825232,0.0535339196712905,0.036878103532461,0.0627921882341553,0.9967950860707868,"P/E Ratio Insights for Mastercard Morning Market Stats in 5 Minutes Why Johnson & Johnson Inspires Cramer's Bullishness On Disney, Visa, Mastercard Shares of several financial services companies are trading lower amid mixed bank earnings this week. Morgan Stanley today reported worse-than-expected Q1 results. Benzinga's Top Upgrades, Downgrades For April 16, 2020 Guggenheim Downgrades Mastercard to Neutral",6
2020-04-17,MA,251.27169799804688,0.0535339196712905,-0.0316960077710173,-0.0046541815916618,0.0636356068458331,1.0101839414565226,"Morning Market Stats in 5 Minutes Shares of several financial services companies are trading higher as equities gain amid a report suggesting Gilead Sciences' Remdesivir drug showed some effectiveness in treating the coronavirus. This has raised hopes of a sooner return to spending, economic activity, and investment.",2
2020-04-20,MA,243.3073883056641,-0.0316960077710173,-0.0253444991917101,0.053191978397773,0.0617405551540935,0.9801009284687924,Shares of several global financial services companies are trading lower as equities fall amid a decline in US oil prices. The drop in oil has raised concerns over the economic impact of the coronavirus pandemic.,1
2020-04-22,MA,248.31410217285156,0.0471163705142405,-0.0040870708125528,0.1042386484098423,0.0502098735163227,0.7970570321051895,Shares of several global financial services companies are trading higher as oil prices potentially stabilize following recent crash.,1
2020-04-27,MA,256.2493896484375,0.0245785719950948,-0.0019614661810837,0.0156152715683868,0.044690359027118,0.7094374559276695,"Wedbush Maintains Outperform on Mastercard, Raises Price Target to $300",1
2020-04-29,MA,274.1980285644531,0.0721466151013505,-0.0307376102694726,-0.0396556630826248,0.0454491608176134,0.7214830609199177,"Mastercard shares are trading higher after the company reported better-than-expected Q1 EPS and sales results. Mastercard Q1 Adj. EPS $1.830 Beats $1.730 Estimate, Sales $4.009B Beat $3.970B Estimate Earnings Scheduled For April 29, 2020 10 Stocks To Watch For April 29, 2020",4
2020-04-30,MA,265.76983642578125,-0.0307376102694726,-0.0226571081531141,0.0127289279076459,0.0440544495331959,0.6993427056640921,"SunTrust Robinson Humphrey Maintains Buy on Mastercard, Raises Price Target to $330 Susquehanna Maintains Positive on Mastercard, Lowers Price Target to $330 BMO Capital Maintains Outperform on Mastercard, Lowers Price Target to $332 Citigroup Maintains Buy on Mastercard, Raises Price Target to $317 Raymond James Maintains Outperform on Mastercard, Raises Price Target to $301 10 Biggest Price Target Changes For Thursday KeyBanc Maintains Overweight on Mastercard, Raises Price Target to $300",7
2020-05-01,MA,259.7482604980469,-0.0226571081531141,0.0019346922979226,0.0509783842458453,0.0438460305309272,0.6960341565730727,"UBS Maintains Buy on Mastercard, Lowers Price Target to $315 Morgan Stanley Maintains Overweight on Mastercard, Raises Price Target to $311",2
2020-05-05,MA,264.8129577636719,0.0175298766472113,-0.0056206986639186,-0.0068255539020887,0.034606599160479,0.5493627306019452,"Shares of several global financial services are trading higher amid positive investor sentiment as some US states begin to reopen their economies and as oil prices gain for the session. Cramer Shares His Thoughts On Nokia, Intel And More",2
2020-05-06,MA,263.32452392578125,-0.0056206986639186,0.0221334401407038,-0.0120393555491736,0.0340391438751491,0.5403546572111518,"Cramer Gives His Opinion On Tandem Diabetes, JPMorgan And More",1
2020-05-07,MA,269.1528015136719,0.0221334401407038,0.0142558635602367,-0.0041660624252871,0.0327521851589751,0.5199248209475318,"Shares of several financial companies are trading higher amid continued economic optimism as some US states ease lockdown restrictions. While jobless claims came in worse than estimates, figures were lower than in prior weeks.",1
2020-05-11,MA,271.8203125,-0.0042840230600771,-0.0324289593093438,0.0308290954717902,0.0323209379141132,0.5130789831666144,Jumia & Mastercard Incentivizes Customers To Use Cashless Payments For Essential Products In Africa,1
2020-05-13,MA,260.1542663574219,-0.0108408253591861,0.030279064393204,0.1101199040204767,0.0306536498328519,0.4866116054050982,"Mastercard Offers Credit Card Volumes For Weeks Ended Apr. 28, May 7 Exclusive: Cannabis Marketplace Company Dutchie Launches Digital, Contactless Payments Nationally",2
2020-05-14,MA,268.031494140625,0.030279064393204,0.0058779285462495,0.0611229422411114,0.0294741167453742,0.4678870981292683,"The French Open Could Still Happen, Just Behind Closed Doors",1
2020-05-15,MA,269.6069641113281,0.0058779285462495,0.0392917252298126,0.0572523728332201,0.0272970426127558,0.4333271176853092,Singapore State Investor Temasek Joins Facebook's Libra Cryptocurrency Project Temasek Holdings 13F Shows Raised Stake In Mastercard From ~1.54M Shares Last Qtr. To ~2.26M Shares,2
2020-05-20,MA,288.80242919921875,0.0277573876580423,-0.0151939910464208,0.0117136638347972,0.0247889684647588,0.3935126748934463,"Shares of several technology companies are trading higher as equities gain amid strength in oil, strong earnings from Lowe's, and optimism towards a US economic rebound.",1
2020-05-21,MA,284.41436767578125,-0.0151939910464208,0.002208871754318,0.0225311142323403,0.0251920364196419,0.3999111803139271,Mastercard Employees Can Work From Home Until Pandemic Is Under Control,1
2020-05-26,MA,293.180908203125,0.0285511905643902,-0.0117362926347502,0.0008570876590201,0.0253601917455947,0.4025805633585407,Shares of several technology companies are trading higher in sympathy with the overall market as equities rally on coronavirus vaccine hopes as well as a pickup in economic activity as some US states reopen businesses.,1
2020-06-05,MA,301.4448547363281,0.0348739957570956,-0.0047132214893176,-0.0451774165054877,0.0192056985471891,0.3048810126668219,"Shares of several companies in the broader technology space are trading higher as markets rally following strong US jobs data. Shares of several companies in the broader technology sector are trading higher as markets rally following strong US jobs data. A Look Into Mastercard's Price Over Earnings Friday's Market Minute: Nasdaq's Top Performers: TSLA, REGN, PYPL",4
2020-06-09,MA,301.0679016113281,0.003479131567911,0.0053290325078787,-0.022504729411185,0.0191201338393401,0.3035227150389872,"FTC Bans Madera Merchant Services LLC, B&P Enterprises LLC and Owners Bruce C. Woods and Patricia Woods Price Over Earnings Overview: Mastercard Citi Becomes First Issuer in U.S. to Enable Push Provisioning to Mastercard's Click to Pay.",3
2020-06-11,MA,281.5050964355469,-0.0699343998557768,0.0224552188395963,0.0466953855547036,0.0239508984988213,0.3802087266265894,"Shares of several technology companies are trading lower, selling off from Wednesday strength as an increase in coronavirus cases in some US states has led to concerns of a second wave of the virus.",1
2020-01-03,MS,41.91691589355469,-0.0161413176275544,-0.0035159317191754,0.0197261297230828,,,"UPDATE: BMO On Bank Of America Notes 'We recommend investors switch out of BAC shares into C and MS shares, which have yet to rerate to long-term historical threshold valuation multiples' 26 Financial Services Stocks Moving In Friday's Pre-Market Session",2
2020-01-07,MS,41.68767547607422,-0.0019598828600115,0.0127654446204827,0.0380989541345151,,,"TopGolf Could Be Valued At $4B In IPO, Bloomberg Reports",1
2020-01-08,MS,42.2198371887207,0.0127654446204827,0.0095011807807545,0.026565646973615,,,"DA Davidson Initiates Coverage On Morgan Stanley with Buy Rating, Announces $62 Price Target",1
2020-01-09,MS,42.620975494384766,0.0095011807807545,0.0028811851031873,0.084133898716646,,,"Stocks That Hit 52-Week Highs On Thursday Benzinga's Top Upgrades, Downgrades For January 9, 2020 DA Davidson Initiates Coverage On Morgan Stanley with Buy Rating, Announces $62 Price Target",3
2020-01-10,MS,42.7437744140625,0.0028811851031873,0.0109177811667338,0.1015133925639071,,,"Stocks That Hit 52-Week Highs On Friday Weaker Than Expected December Jobs Report Might Weigh, But Overall Growth Positive",2
2020-01-13,MS,43.21044158935547,0.0109177811667338,0.001515622619149,0.059492248766217,,,"Know What ESG Is? A Report Suggests It Is Going To Start To Impact Trucking Earnings Time: Excitement Builds Ahead Of Big Bank Reporting Season Getting Underway Benzinga Pro's Top 5 Stocks To Watch For Mon., Jan. 13, 2020: WCC, LULU, XLF, TEAM, BIIB JMP Securities Downgrades Morgan Stanley to Market Perform",4
2020-01-14,MS,43.27593231201172,0.001515622619149,0.0015135934282313,0.0567538035524799,,,"Tough Comparisons: Banks Eyeing Decent Earnings, But Lagging 2018 Results Big Bank Earnings Mixed So Far As Earning Season Ramps Up Amid Low Expectations 7 Financial Services Stocks Moving In Tuesday's Pre-Market Session Mexico Declares Annual Oil Hedge Data A State Secret To Prevent Speculations: Report",4
2020-01-15,MS,43.341434478759766,0.0015135934282313,0.0661124830208021,0.0489232374353936,,,"Morgan Stanley's Q4 Earnings Preview Trade Deal Signing Today Represents A Landmark, But Plenty Of Questions Still Remain",2
2020-01-16,MS,46.206844329833984,0.0661124830208021,0.0189581359361676,-0.0334869250804538,,,"Mid-Afternoon Market Update: Alcoa Drops On Downbeat Q4 Results; Signet Jewelers Shares Gain What Big Bank Earnings Are Saying About The Economy, Market Mid-Day Market Update: Crude Oil Up Over 1%; Qudian Shares Plunge PreMarket Prep Recap: Morgan Stanley Beats, Tesla's Battle For $500 And Shorts On The Run In Signet Jewelers Stocks That Hit 52-Week Highs On Thursday Mid-Morning Market Update: Markets Open Higher; Morgan Stanley Beats Q4 Estimates Another Bank Beats: Morgan Stanley Latest To Exceed Expectations On Strong Trading Benzinga Pro's Top 5 Stocks To Watch For Thurs., Jan. 16, 2020: TSLA, MS, BYND, RBZ, PECK Morgan Stanley, As Part Of Longer-Term Objectives, Sees Wealth Management Pre-Tax Margin Of 30%+ 5 Financial Services Stocks Moving In Thursday's Pre-Market Session",18
2020-01-17,MS,47.08283996582031,0.0189581359361676,-0.0276472710031465,-0.0765083430531488,,,"Benzinga's Top Upgrades, Downgrades For January 17, 2020 Record Run: Stocks Keep Rolling To New Highs as Housing Data, Earnings Look Solid The Big Pivot: XPO Logistics' Next Decade Won't Look Like Its First B of A Securities Reiterates Buy on Morgan Stanley, Raises Price Target to $62 Piper Sandler Downgrades Morgan Stanley to Neutral, Announces $59 Price Target",5
2020-01-21,MS,45.7811279296875,-0.0276472710031465,-0.0010729717442719,-0.0339772163694975,,,"46 Financial Services Stocks Moving In Tuesday's Session PreMarket Prep Recap: Wait And See Approach To Coronavirus Outbreak, Coscto's Huge Move Today's Pickup: New Survey Highlights Optimism Among Shippers Morgan Stanley shares are trading lower after Citigroup downgraded the stock from Buy to Neutral. Citigroup Downgrades Morgan Stanley to Neutral Benzinga's Top Upgrades, Downgrades For January 21, 2020 Today's Pickup: A Pragmatic Approach To Zero-Emissions Logistics; At XPO, Breaking Up Will Be Interesting To Do 12 Financial Services Stocks Moving In Tuesday's Pre-Market Session",8
2020-01-27,MS,43.48060989379883,-0.0263977159403701,0.0171341374557922,-0.0031028635183104,,,"Shares of several banks and financial services companies are trading lower amid the spread of the Wuhan coronavirus, which has raised global risk concerns and clouded economic outlook.",1
2020-01-31,MS,43.06550979614258,-0.0289853427027326,0.0065060346618255,0.053004221229449,0.0210858948705784,0.3347282039928181,"'Morgan Stanley Shakes Up Top Ranks of FX Unit at Center of Probe' -Bloomberg Shares of several financial services companies are trading lower as the coronavirus spread continues to cause concerns of economic slowdown after China confirmed over 9,000 confirmed cases.  NOTE: The coronavirus outbreak has caused selloffs in global markets.",2
2020-02-03,MS,43.34569549560547,0.0065060346618255,0.0269962176622797,0.052281415501477,0.0207364946130116,0.3291816468555567,The Cornerstone Of The Canadian Economy: Oil,1
2020-02-04,MS,44.515865325927734,0.0269962176622797,0.0179562789262017,0.0325805576162336,0.0214295772322301,0.3401839923463971,Shares of several financial services companies are trading higher in sympathy with the overall market on a continued rebound after increased fear of the Wuhan coronavirus' impact on the economy dropped the Dow roughly 600 points on Friday.,1
2020-02-06,MS,45.33168411254883,0.0003636636384092,0.0003635314352448,0.0167242973387562,0.021554206550003,0.3421624214317654,UPS And Amazon: Made For Each Other?,1
2020-02-13,MS,46.08982467651367,-0.0044498369543946,-0.0016091478923779,-0.0627569333359046,0.0215682732935015,0.3423857240620862,"Walmart Earnings Ahead: Eyes On Christmas Results, Future Of Grocery",1
2020-02-18,MS,45.751949310302734,-0.005730875658402,0.0142292567893924,-0.1349064613549278,0.0150893085148849,0.2395353467178902,"Market Taking A Step Back: Walmart Misses On Earnings, Apple Lowers Sales Guidance Dell Is Expected To Announce RSA Security Business Sale On Tuesday",2
2020-02-20,MS,44.293365478515625,-0.0454626130535366,-0.024744041118778,-0.1551626699646204,0.0175062166993907,0.2779025747051627,"Mid-Afternoon Market Update: Tivity Health Tumbles Following Downbeat Q4 Results; Adesto Technologies Shares Climb More Consolidation In The Brokerage Space: PreMarket Prep Recap For Feb. 20, 2020 Mid-Day Market Update: Dow Falls Over 250 Points; Stamps.com Shares Jump After Q4 Results Why Morgan Stanley's E*TRADE Buyout 'Makes Strategic Sense' CFRA Maintains Hold On Morgan Stanley As Firm Notes 'In our view, MS is opportunistic with the ETFC purchase as we see consolidation in the wealth management industry' Buckingham Research Reiterates Buy, $68 Target On Morgan Stanley As Firm Believes Co's Etrade Acquisition 'is an attractive deal for MS'; Notes 'It immediately makes MS a top 3 player across all three major wealth mgmt. channels' Hearing Wells Fargo Downgrades Morgan Stanley Mid-Morning Market Update: Markets Edge Higher; Morgan Stanley To Buy E*Trade Financial For $13 Billion Morgan Stanley CEO, Currently Interviewing On CNBC, When Asked About Dilution And Price Response (MS Shares Down 4% Thurs) Following E*TRADE Deal News, Says Stock Will Bounce Back Tim Seymour, Currently Interviewing On Benzinga's PreMarket Prep Morning Trader Show, Comments On Morgan Stanley, E*TRADE Deal, Says Deal Makes Sense But 'There Is An Element Of This Deal That Feels Market Toppy'",26
2020-02-21,MS,43.19736862182617,-0.024744041118778,-0.0522701877996254,-0.1409767509180336,0.0182495828435008,0.2897031464074448,"Morgan Stanley shares are trading lower after DA Davidson downgraded the stock from Buy to Neutral and lowered its price target from $67 to $61 per share. DA Davidson Downgrades Morgan Stanley to Neutral, Lowers Price Target to $61 Broadridge Shares Closed Down 1.2% Thurs.; Raymond James Note From Fri. Morning Addresses Investor Inquiries On Risk From Morgan Stanley/E*TRADE Deal For Co.'s Platform, Sees Impact to EPS Minor Even If Broadridge Lost Contract With MS 6 Financial Services Stocks Moving In Friday's Pre-Market Session",4
2020-02-24,MS,40.93943405151367,-0.0522701877996254,-0.0332129242686399,-0.0644121562497,0.0211797835183507,0.3362186400704436,Shares of several financial services companies are trading lower amid continued spread of coronavirus including notable upticks in Iran and Italy. NOTE: The virus has raised fear of a global economic slowdown. Intuit Expected To Announce $7B Acquisition Of Credit Karma,2
2020-02-25,MS,39.579715728759766,-0.0332129242686399,-0.0164479400438626,-0.0755774252728882,0.0216075342523433,0.343008972462062,"Shares of several financial services companies are trading lower as markets fall amid the continued spread of the coronavirus, which has weighed on global economic outlook, impacting stocks across sectors.",1
2020-02-27,MS,37.42068862915039,-0.038738048911271,-0.0083682234429527,-0.0621010480641991,0.0223623669634394,0.3549915702721645,"Morgan Stanley Says Raja Akram Will Become Deputy Cfo, Chief Accounting Officer And Controller In May 2020 Shares of several global financial services companies are trading lower as growing coronavirus fears hamper economic outlook, negatively impacting equities across sectors. 12 Financial Services Stocks Moving In Thursday's Pre-Market Session",3
2020-02-28,MS,37.1075439453125,-0.0083682234429527,0.0322008076056383,-0.0708419000937545,0.0220035898867746,0.3492961607463691,Shares of several financial services companies are trading lower as the global coronavirus spread continues to cause equities across sectors to sell off amid worsened economic outlook.,1
2020-03-03,MS,36.588382720947266,-0.0447505237156492,0.0189187738005562,-0.1103605564345235,0.0246263944986032,0.3909318931888408,Shares of several banks and financial services companies are trading lower after the Federal Reserve announced a rate cut of 50 bps.,1
2020-03-04,MS,37.28059005737305,0.0189187738005562,-0.0585764712419047,-0.1850132146266357,0.0240799011903378,0.3822565808678527,"Benzinga's Top Upgrades, Downgrades For March 4, 2020 Citigroup Upgrades Morgan Stanley to Buy",2
2020-03-05,MS,35.096824645996094,-0.0585764712419047,-0.017609844418006,-0.264851057918865,0.0256742894931354,0.4075667105226898,"Think Well, Think Different: M&A Is Helping Fintech Navigate The Swamp Of Uncertainty Shares of several global banks and financial service companies shares are trading lower as global markets continue to experience volatility amid the coronavirus spread.",2
2020-03-06,MS,34.47877502441406,-0.017609844418006,-0.1037283241598848,-0.1037283241598848,0.0255189685323324,0.4051010667086084,"Shares of several financial services companies are trading lower amid the global coronavirus outbreak, which has hampered economic growth outlook and affected a wide array of industries. 20 Financial Services Stocks Moving In Friday's Pre-Market Session Threatened To Be Ousted As Twitter CEO, Dorsey Counts Achievements, Defends Africa Move",3
2020-03-09,MS,30.9023494720459,-0.1037283241598848,0.0533331284169573,-0.1559999977780152,0.0323037709938292,0.5128064667555239,Next Wave Of M&A: Investment Management Consolidation On The Rise 51 Financial Services Stocks Moving In Monday's Pre-Market Session Shares of several global banks and financial services companies are trading lower amid a steep decline in the price of oil after OPEC members failed to reach a production agreement and Saudi Arabia pledged to cut its oil prices and increase supply.,3
2020-03-10,MS,32.55046844482422,0.0533331284169573,-0.066582150755135,-0.1445568979398587,0.0357484562729838,0.5674891503166929,"Shares of several financial services companies are trading higher as markets look to be rebounding following Monday's selloff. The US late Monday said it may take certain steps to improve the US economy amid the virus outbreak, Jack Dorsey To Continue As Twitter CEO, Calls Truce Will Elliott Management",2
2020-03-11,MS,30.383188247680664,-0.066582150755135,-0.1508003275172837,-0.1659884613122249,0.0369799676064869,0.587038786667933,"Shares of several financial services companies are trading lower as global concerns of the coronavirus continue to grow. The sector has been negatively impacted, as the virus has disrupted economic conditions and hampered growth outlook.",1
2020-03-12,MS,25.801393508911133,-0.1508003275172837,0.1977007932293668,-0.0124560141479184,0.0465448229689832,0.7388761583607406,"Stocks That Hit 52-Week Lows On Thursday Shares of several global financial services companies are trading lower as global concerns of the coronavirus continue to grow. The sector has been negatively impacted, as the virus has disrupted economic conditions and hampered growth outlook.",2
2020-03-13,MS,30.9023494720459,0.1977007932293668,-0.1559999977780152,-0.2088000967304049,0.0685917634341819,1.088860488205314,"Shares of several global financial services companies are trading higher as markets rebound following Thursday's crash. The financial sector has been volatile recently as the coronavirus has generated global economic uncertainty. 10 Biggest Price Target Changes For Friday A Peek Into The Markets: US Stock Futures Rebound; Dow Futures Up Over 700 Points Goldman Sachs Upgrades Morgan Stanley to Buy, Lowers Price Target to $43",4
2020-03-16,MS,26.08158302307129,-0.1559999977780152,0.0676144034401566,-0.1213272146845815,0.0750771368144942,1.191812598947543,Shares of several financial services companies are trading lower after the Federal Reserve announced on Sunday that it would lower interest rates to combat the impact of coronavirus. Several banks suspended stock buybacks today in response to this.,1
2020-03-17,MS,27.845073699951172,0.0676144034401566,-0.0899672288986287,-0.0168688768243061,0.0778259882047944,1.2354492619663942,Shares of several financial services companies are trading higher as the sector rebounds following Monday's Crash. Financials have been negatively impacted by economic weakness from the coronavirus outbreak and by recent Federal Reserve rate cuts. Stocks may be also potentially reacting to reports of possible further stimulus actions.,1
2020-03-18,MS,25.339929580688477,-0.0899672288986287,0.0055280897760032,0.1053654980147034,0.0787784413332818,1.2505689866469318,"Shares of several financial services companies are trading lower amid the global coronavirus outbreak, which has weakened economic outlook and negatively impacted banks. Additionally, recent Fed interest rates have been a negative for the sector. 10 Financial Services Stocks Moving In Wednesday's Pre-Market Session",2
2020-03-20,MS,24.449935913085938,-0.0404267907810125,-0.0626896822231832,0.1462758471770542,0.0790522877960913,1.2549161644749849,Disney Is In The Crosshairs Of COVID-19,1
2020-03-23,MS,22.917177200317383,-0.0626896822231832,0.1945344901013308,0.2527870320271796,0.079274727524573,1.258447285694564,"Morgan Stanley Cuts Estimates, Upgrades Transports To 'In-Line' B of A Securities Maintains Buy on Morgan Stanley, Lowers Price Target to $32",2
2020-03-24,MS,27.37535858154297,0.1945344901013308,0.02317870274401,0.0234800424620758,0.0932531021935363,1.480347104336334,Shares of several global banks and financial services companies are trading higher as equities gain amid hopes of a US stimulus agreement.,1
2020-03-25,MS,28.00988388061523,0.02317870274401,0.0506033062027015,-0.0697262408814942,0.0936240155017036,1.486235170564583,"Shares of several global financial services companies are trading higher after the White House and Senate reached a $2 trillion stimulus deal aimed at supporting the economy. UBS Maintains Buy on Morgan Stanley, Lowers Price Target to $40",2
2020-03-26,MS,29.427276611328125,0.0506033062027015,-0.047605683245305,-0.0506859831188885,0.0944222145892665,1.498906188259044,"Companies Suspend Dividends, Buybacks As Pandemic Weakens Market Morgan Stanley Memo Shows Promise Of No Layoffs In 2020 'MorganStanley execs tell @FoxBusiness firm is likely to take major hit after its FA platform crashed yesterday for 6 hours...' -Tweet From FOX Business' Charlie Gasparino Airbnb Asks Banks To Extend $1B Credit Facility Due To Coronavirus Impact: Report",4
2020-03-27,MS,28.026371002197266,-0.047605683245305,0.0244045654350208,-0.0047047446251469,0.094841466416661,1.505561604691016,"'Goldman Sachs and Morgan Stanley on Friday both got final approval from China Securities Regulatory Commission to increase stakes in their China securities JVs to 51%' -Tweet From China's National Business Daily Shares of several financial services and global banks companies are trading lower, selling off from this week's strength. While the US stimulus legislation has boosted economic optimism, demand concerns still exist amid the coronavirus outbreak.",2
2020-03-30,MS,28.71034240722656,0.0244045654350208,-0.0241101006026379,0.0622846535403316,0.0946758178469342,1.5029320151678314,"Morgan Stanley shares are trading higher amid market strength despite weakness in overall financial sector. 'Execs at the big banks...are scrambling to meet Fri deadline to make loans to small biz but worried @SBAgov wont have guidelines in place for lending program' -Tweet From FOX Business' Charlie Gasparino Citigroup Maintains Buy on Morgan Stanley, Lowers Price Target to $52",3
2020-04-01,MS,26.056859970092773,-0.0700001381932801,0.0721063933964112,0.2450982882374508,0.0950924414980357,1.5095457105945664,"'Big changes coming to nation's big banks amid #coronavirus recession forcing firms to rethink their business models...' Including Dividend Cuts, Reduction In Real Estate Footprint In NYC, Elsewhere -Tweet From Charlie Gasparino Wells Fargo Maintains Equal-Weight on Morgan Stanley, Lowers Price Target to $41 Oppenheimer Maintains Outperform on Morgan Stanley, Lowers Price Target to $46 10 Financial Services Stocks Moving In Wednesday's Pre-Market Session Shares of several banks and financial services companies are trading lower amid market weakness as macro concerns continue to grow as a result of the coronavirus pandemic. The coronavirus has led to lower investment and economic activity across sectors.",5
2020-04-02,MS,27.935726165771484,0.0721063933964112,-0.0014752464877635,0.2117995685755771,0.0963183357484454,1.5290061785160536,"Shares of several financial services companies are trading higher as stocks gain for the session after Trump said Russia and Saudi Arabia are expected to cut oil production by 10 million barrels. Credit Suisse Maintains Outperform on Morgan Stanley, Lowers Price Target to $46 Deutsche Bank Maintains Hold on Morgan Stanley, Lowers Price Target to $49 'Sec. Mnuchin held a call with big-bank CEOs yesterday to discuss the economy and participation in the SBA loan program' -CNBC's Kayla Tausche",4
2020-04-03,MS,27.894514083862305,-0.0014752464877635,0.0933531964526732,0.1692768407328968,0.0962925873656465,1.528597435610766,"Piper Sandler Earlier Maintained Neutral on Morgan Stanley, Lowered Price Target to $43 Shares of several global financial services companies are trading lower amid market weakness. The coronavirus pandemic has weakened economic activity and investment/spending outlook. Energy Stocks In Focus As Crude Oil Extends Rally, But Weak Employment Data Could Set the Tone",3
2020-04-06,MS,30.49855613708496,0.0933531964526732,-0.0018910537174202,0.0770064365744973,0.0958720414771901,1.5219214765962872,"Wells Fargo Maintains Equal-Weight on Morgan Stanley, Lowers Price Target to $40 Shares of several financial services stocks are trading higher with the broader market on optimism that coronavirus cases in several US hotspots appear to be reaching their peak and global oil producers appear to be working toward production cooperation.",2
2020-04-07,MS,30.440881729125977,-0.0018910537174202,0.0657822606552003,0.0395232668802827,0.0951579475505684,1.5105855869407914,"IBM Is Getting Ready To Fight For A Place In The Cloud Universe Shares of several financial services companies are trading higher amid optimism that coronavirus cases in Asia are potentially easing. Global slowing cases could raise hopes of a sooner return to spending, economic activity and investment.",2
2020-04-08,MS,32.44335174560547,0.0657822606552003,0.0434341427165505,-0.0256543046715806,0.0948218431535682,1.5052500950466856,"Amazon Puts Outside Delivery Program On ice Don't Expect Future Visibility When Earnings Season Begins Next Week SBA Official Criticizes Big Banks On Lending Program Rollout - Washington Post Report Shares of several financial services companies are trading higher amid optimism that coronavirus cases around the world are potentially easing. Global slowing cases could raise hopes of a sooner return to spending, economic activity and investment.",4
2020-04-09,MS,33.852500915527344,0.0434341427165505,-0.0365140412182239,-0.0484422873871873,0.0874135612070807,1.3876472650107523,"Morgan Stanley Survey Shows COVID-19 Transportation Disruption Nearing Peak Shares of several financial services companies are trading higher amid positive market sentiment on hopes coronavirus cases in some regions could level, meaning a sooner rebound in investment. Markets gained today on news of the Fed's $2.3T loan program. Fed Chair Powell Says Big Banks Don't Need To Suspend Dividends At This Point, Calls Banks 'High Capitalized' Sen. Kelly Loeffler Will Liquidate Stocks 'To End The Distraction' Following Insider Trading Controversy",4
2020-04-13,MS,32.61640930175781,-0.0365140412182239,0.0070741068391881,-0.0308240302327572,0.0770321390507059,1.22284729732509,"Morgan Stanley To Report Q1 Earnings On Thurs., Apr. 16 Before Market Open Shares of several global financial services companies are trading lower amid continued uncertainty around the coronavirus. The pandemic has slowed spending and economic activity which in turn hurts the financial sector. Financials, Healthcare In Eye Of Earnings Hurricane Ahead, With Bank CEOs In Spotlight",3
2020-04-14,MS,32.84714126586914,0.0070741068391881,-0.0366283456558197,-0.0730057820049309,0.0670184258236884,1.0638845279310516,"'Get Directional': Jon Najarian Talks Navigating Market Turmoil, Benzinga Options Boot Camp Goldman Sachs, Morgan Stanley, Bank of America: COVID-19 And Bank Earnings",2
2020-04-15,MS,31.644004821777344,-0.0366283456558197,-0.0010417362342901,-0.0153644491582327,0.0666529325983969,1.058082502851051,Every Member Of Trump's 'Great American Economic Revival' Industry Groups Shares of several banks and financial services companies are trading lower after major US banks reporter mixed quarterly earnings. Overall market weakness also being driven by a drop in US March retail sales and a decline in oil prices. Airbnb Raises Another $1B In Second Funding In A Week As Pandemic Hurts Business,3
2020-04-16,MS,31.611040115356445,-0.0010417362342901,0.0190303204149762,-0.0232011280319796,0.0625851665239191,0.9935087183031284,"S&P 500 Futures Up 3.2% After Hours; Many Other Stocks Moving Higher With Futures; Investors Reacting Favorably To White Phase Guidelines On Reopening Economy Mid-Afternoon Market Update: Rite Aid Falls On Wider Q4 Loss; ThermoGenesis Shares Gain Mid-Day Market Update: NASDAQ Jumps 1.8%; Edison Nation Shares Spike Higher CFRA Reiterates Hold on Morgan Stanley, Lowers Price Target to $44 Morning Market Stats in 5 Minutes Mid-Morning Market Update: Markets Mostly Lower; Morgan Stanley Misses Q1 Expectations From Morgan Stanley Earnings Conference Call: CEO James Gorman Says Feels More Strongly About E*TRADE Deal Than The Day We Did It Morgan Stanley Misses On EPS, But Shows Strong Trading Results For Q1 As Banks Wrap Up Morgan Stanley shares are trading lower after the company reported worse-than-expected Q1 sales results. Morgan Stanley Sales & Trading Revenue $4.87B,Up 30% YoY",16
2020-04-17,MS,32.212608337402344,0.0190303204149762,-0.0186749305037621,-0.0286519660146403,0.0625745014746204,0.9933394158941417,"Argus Research Maintains Buy on Morgan Stanley, Lowers Price Target to $48 Oppenheimer Maintains Outperform on Morgan Stanley, Raises Price Target to $51 Shares of several financial services companies are trading higher as equities gain amid a report suggesting Gilead Sciences' Remdesivir drug showed some effectiveness in treating the coronavirus. This has raised hopes of a sooner return to spending, economic activity, and investment. 36 Stocks Moving in Friday's Pre-Market Session",4
2020-04-22,MS,31.157812118530273,0.0232749688472944,-0.0089924090641662,0.0883067094842224,0.0434173015422132,0.689228294869185,"Fitch Affirms Ratings On Morgan Stanley, Citi, Goldman, JP Morgan, Wells Fargo, BofA",1
2020-04-27,MS,32.393898010253906,0.0352910338992453,0.0208598439965963,-0.0225100113449741,0.0408775827669977,0.648911509193613,"Shares of several global financial services companies are trading higher potentially in sympathy with the overall market on news that some U.S. states plan on reopening their economies in phases, increasing economic activity.",1
2020-04-28,MS,33.06962966918945,0.0208598439965963,0.0253896496772121,-0.045248676174486,0.0408105727824101,0.6478477586661517,Big banks tell FoxBusiness they've received as many as four separate subpoenas or requests for info from congressional committees now investigating banks' handling of PPP loan program & why public cos and financial firms received loans over small biz more now Shares of several global financial services companies are trading higher for the session as some US states ease lockdown restrictions and as investors weigh quarterly earnings from blue chip companies.,2
2020-04-30,MS,32.77867889404297,-0.03334125313811,-0.0261223610552823,-0.0157243317435404,0.0371282620303004,0.5893928876653023,Today's Pickup: Manufacturing Supply Chains Are Nowhere Close To Normalcy Shares of several global financial services companies are trading lower amid market weakness following US jobless claims and consumer spending data.,2
2020-05-01,MS,31.922422409057617,-0.0261223610552823,-0.0080730530791215,0.0437501938124258,0.0352325618252203,0.5592995798474465,Shares of several global financial services companies are trading lower on market weakness as investor uncertainty grows following quarterly earnings results from multiple companies. 11 Financial Services Stocks Moving In Friday's Pre-Market Session,2
2020-05-04,MS,31.664710998535156,-0.0080730530791215,-0.0028877033951537,0.0456812510345494,0.0353494471369846,0.5611550766485134,Shares of several global financial services companies are trading lower amid concerns of the economy reopening along with the tensions between China and the US.,1
2020-05-05,MS,31.573272705078125,-0.0028877033951537,-0.0179043232459527,0.0115848091954999,0.0289357584691109,0.4593409254377911,"Apple Capitalizes On Plunge In Yields, Issues Cheapest Bonds In Years",1
2020-05-07,MS,32.26325607299805,0.0404825359785678,0.0327238670836318,-0.0257664125092417,0.0267810586255297,0.4251361258211573,"Shares of several financial companies are trading higher amid continued economic optimism as some US states ease lockdown restrictions. While jobless claims came in worse than estimates, figures were lower than in prior weeks.",1
2020-05-08,MS,33.319034576416016,0.0327238670836318,-0.0062378747902686,-0.0696111975828864,0.0259627259227443,0.4121454968934689,Shares of several global financial services companies are trading higher as equities gain after US unemployment figures came in below consensus estimates. Equities have been strong this week amid a rebound in oil prices and some US states easing lockdown restrictions.,1
2020-05-12,MS,31.939043045043945,-0.035400461364709,-0.0372199721986948,0.0236856920141625,0.0258507831010502,0.4103684596898996,"Musk Reopens Tesla Plant Despite County Orders Shares of several companies in the financial services sector are trading lower. Weakness potentially related to economic uncertainty as a result of the coronavirus pandemic, which has caused businesses to scale back  investment. US states easing lockdown restrictions has led to some investor concerns of a resurgence in cases, which could further hamper economic outlook. Company Shares Quiet; U.S. SEC Says Morgan Stanley Settles Charges It Provided Misleading Information To Clients In retail Wrap Fee Programs, To Pay $5M Penalty Disney Plans Another Bonds Offering With A Six-Part Deal",4
2020-05-13,MS,30.750272750854492,-0.0372199721986948,0.0221680946636952,0.1100297177787941,0.0258939010158523,0.4110529353676083,"'FAs/managers @MorganStanley say a major restructuring being discussed inside brokerage unit; FA's wld become independent to save money amid #covid lock down. Firm denies plans...' -Tweet From FOX Business' Charlie Gasparino Shares of several companies in the financial services sector are trading lower amid market weakness, potentially related to cautious comments from Fed Chair Powell, who suggested uncertainty and 'significant' downside risks in the economy. The coronavirus pandemic has slowed economic growth and led to businesses scaling back investment, which has negatively impacted the financial sector.",2
2020-05-18,MS,33.48529052734375,0.0801826251166879,-0.0235849572475087,0.0846572919837485,0.0315706110952108,0.5011679141775872,Shares of several financial stocks are trading higher amid general stock market strength and comments from Federal Reserve Chair Powell stating the Federal Reserve 'is not out of ammunition by a long shot.',1
2020-05-19,MS,32.69554138183594,-0.0235849572475087,0.0439868905860967,0.19145682970596,0.0308182861318546,0.489225125628708,Big Banks: Playing A Rebound Within The Financial Sector SoftBank Plans $20B Offering Of Its T-Mobile Shares In Addition To Sale To Deutsche Telekom Moderna To Raise $1.3B In A Public Offering As Coronavirus Vaccine Trials See Progress,3
2020-05-20,MS,34.13371658325195,0.0439868905860967,-0.018509828341668,0.0813443393564268,0.0318310791798426,0.5053027168360162,"Shares of several financial services companies are trading higher as equities gain amid strength in oil, strong earnings from Lowe's and optimism towards a US economic rebound.",1
2020-05-26,MS,36.320064544677734,0.0887116351576662,0.0725566314014356,0.0432594513630639,0.0367612586906592,0.5835668902631773,Shares of several financial services companies are trading higher as equities gain amid coronavirus vaccine hopes as well as a pickup in economic activity as some US states reopen businesses.,1
2020-05-27,MS,38.955326080322266,0.0725566314014356,-0.0524966693285924,0.0010670878743976,0.0395462850496257,0.627777813106688,"Shares of several financial services companies are trading higher amid economic optimism, stemming from some US states reopening businesses, an increase in mortgage demand figures and positive vaccine sentiment.",1
2020-05-28,MS,36.910301208496094,-0.0524966693285924,-0.0045047372758508,0.0966215348910179,0.0416223514913618,0.6607343461671713,"Shares of several financial services companies are trading lower, potentially selling off following recent strength. The sector has been strong recently amid hopes of a pickup in economic activity as US states begin to reopen some businesses.",1
2020-05-29,MS,36.7440299987793,-0.0045047372758508,0.0113123372196273,0.1205883125470361,0.0407118436725082,0.6462804826343718,'@MorganStanley is planning on bringing traders back to its New York headquarters in mid-to-late June...' -Tweet From CNBC Reporter,1
2020-06-03,MS,38.99689483642578,0.0291794070732562,0.0379449782946006,0.0379449782946006,0.0399778278226378,0.6346283422515507,"Morgan Stanley Is Said In Talks To Buy Assurant's Collateralized Loan Obligation Assets Shares of several financial services companies are trading higher as equities continue to gain on optimism over the economy reopening as well as a smaller-than-expected drop in nonfarm payrolls. Zoom Initially Slips Despite Strong Earnings, Then Reverses Course In Pre-Market Trading China-owned Playtika Hires Morgan Stanley, Other Banks for $1B U.S. IPO",4
2020-06-04,MS,40.47663116455078,0.0379449782946006,0.0172519151883012,-0.0846169896706213,0.0397763021743767,0.6314292217629512,"Shares of several financial companies are trading higher despite overall market weakness. Strength potentially related to states reopening, which would boost economic activity, consumer spending and borrowing. Warren Buffett's Berkshire Hathaway Boosts Liberty SiriusXM Stake",2
2020-06-05,MS,41.174930572509766,0.0172519151883012,0.0125177868955963,-0.0656167947391089,0.0393032674184568,0.623920027809026,Shares of several financial services companies are trading higher following strong US jobs data and continued optimism amid the reopening of the economy. A reopening will likely result in an uptick in consumer spending and borrowing. Shares of several financial services companies are trading higher following strong US jobs data and continued optimism amid the reopening of the economy. A reopening will likely result in more consumer spending and borrowing. American Well Files For IPO As Pandemic Leads To Telehealth Demand Surge,3
2020-06-08,MS,41.69034957885742,0.0125177868955963,0.004985142569569,-0.0548353787558189,0.0390280138198831,0.619550512393217,"Facebook-Backed Jio Platforms Gets $750M From Abu Dhabi Sovereign Fund As It Looks To Challenge Amazon, Walmart In India",1
2020-06-09,MS,41.8981819152832,0.004985142569569,-0.0339286977560685,-0.0365079638219899,0.0388325016914131,0.6164468535718453,"Morgan Stanley CEO James Gorman Says Markets Bounce Back And Magnitude Of It Has Been A Surprise To Him Morgan Stanley CEO James Gorman Says Greater China, Hong Kong Remain Critical To Co.",2
2020-06-10,MS,40.47663116455078,-0.0339286977560685,-0.0846169896706213,-0.0191004255513251,0.0387381525727815,0.6149491077459418,Shares of several financial services companies are trading lower as markets sell-off following recent strength and as investors await today's Federal Reserve decision.,1
2020-06-11,MS,37.05162048339844,-0.0846169896706213,0.0383665573270901,0.067533970426836,0.043146205099261,0.6849247722529899,"Price Over Earnings Overview: Morgan Stanley Shares of several financial service companies are trading lower following an increase in coronavirus cases in some US states that have reopened, leading to concerns of a second wave of the virus. The Fed kept rates at zero and noted it could stay there for as long as it takes for the economy to recover. Goldman Sachs Employees Returning To Their Desks Beginning June 22",3
2020-01-02,NFLX,32.98099899291992,,-0.0118552758336994,0.0177375736646274,,,Rosenblatt: Disney+ Subscriber Expectations Are Growing,1
2020-01-03,NFLX,32.59000015258789,-0.0118552758336994,0.0304694699560694,0.0096654993934994,,,"UPDATE: Business Insider Article On Netflix Suggests 'Ahead of Netflix's Q4 earnings report, new data from SimilarWeb suggests that usage slowed in key parts of the world including Brazil' 'Exclusive data that has predicted Netflix subscriber trends suggests international usage slowed during Q4' -Business Insider Prime $ 17 Communication Services Stocks Moving In Friday's Pre-Market Session Former HBO Chief Executive Strikes A Deal With Apple TV+ For Content Production",4
2020-01-06,NFLX,33.58300018310547,0.0304694699560694,-0.0151266836612642,0.0092010274908553,,,"Netflix shares are trading higher. Not seeing any news to justify the price action. Netflix, Other Streaming Platforms Disappoint At Golden Globes '1917' Takes Top Drama Prize at Golden Globes, Beating Out Netflix' 'The Irishman' and 'Marriage Story'",3
2020-01-07,NFLX,33.07500076293945,-0.0151266836612642,0.0257293395366517,0.0240060075569641,,,"TiVo Enters The Streaming War, Confirms Launch Of Video Player JPMorgan Projects That Netflix Global Paid Subscribers Will Nearly Double By 2024, Driven By International Growth Investor Movement Index Summary: December 2019",3
2020-01-08,NFLX,33.92599868774414,0.0257293395366517,-0.0106112365023567,-0.0005599597098868,,,Netflix shares are trading higher. Not seeing any news to justify the price action. A Decent Outlook For This Facebook-Heavy ETF,2
2020-01-09,NFLX,33.566001892089844,-0.0106112365023567,-0.0196926376551489,0.0088183758250535,,,'Netflix's $3 mobile-only plan is coming to more markets' -BGR,1
2020-01-13,NFLX,33.891998291015625,0.0299954276959204,-0.0006785911416898,-0.0023898699139993,,,Netflix And The 2020 Oscars: What You Need To Know Netflix shares are trading higher in sympathy with the overall market as the phase one trade deal is set to be signed on Wednesday. Netflix's The Irishman Receives Best Picture Nomination At Oscars,3
2020-01-14,NFLX,33.86899948120117,-0.0006785911416898,0.0011220294293383,-0.0374679213002566,,,Bears Fawning For FANG With A Newly Upsized ETN Taxwatch Out With Negative Report On Netflix Alleging Tax Fraud (Link) 10 Communication Services Stocks Moving In Tuesday's Pre-Market Session,3
2020-01-15,NFLX,33.90700149536133,0.0011220294293383,-0.0013272180274842,0.0310554617828824,,,"Netflix Option Alert: Mar 20 $360 Calls at the Ask: 1250 @ $12.401 vs 1033 OI; Earnings 1/21 After Close Ref=$338.94 Nomura: Netflix, Amazon 'Best Positioned' In The Streaming Wars What Comes First: Consumer Confidence Or Spending? Communications Sector Might Hold Clues",3
2020-01-16,NFLX,33.86199951171875,-0.0013272180274842,0.003100807505475,0.0429390585711839,,,"NBC's Peacock Streaming Service To Launch In July With Both Free And Paid Subscriptions NBCUniversal Issues Press Release Highlighting Unveiling Of 'Peacock,' Free Premium Ad-Supported Streaming Service, Debuts Nationally Jul. 15 Why Growth In Latin America Matters For Netflix Ben & Jerry's Will Help You Netflix And Chill With 'Netflix & Chilll'd'",4
2020-01-17,NFLX,33.96699905395508,0.003100807505475,-0.0045926409257607,0.0094503239746883,,,"UPDATE: UBS On Netflix Notes 'For Q4, we expect results to be ~inline to better for domestic net adds (UBSe +596k for US vs. guide of ~600k) and we expect results to be ~inline for int'l net adds (UBSe +7.0m for int'l – in line with guide)' UPDATE: UBS Maintains Buy On Netflix, Raises Target To $405 Notes 'UBS Evidence Lab data points to overall solid sub growth trends in the US and internationally' Netflix Earnings Ahead: Eyes On Membership Amid Streaming Wars, Original Content Record Run: Stocks Keep Rolling To New Highs as Housing Data, Earnings Look Solid Benzinga Pro's Top 5 Stocks To Watch For Fri., Jan. 17, 2020: TSLA, NFLX, IBM, TWTR, PLAY UBS Maintains Buy on Netflix, Raises Price Target to $405",6
2020-01-21,NFLX,33.81100082397461,-0.0045926409257607,-0.0358168146562174,0.0307888066262973,,,"Netflix Beats Expectations Across The Board In Q4 Netflix shares are trading lower after the company reported Q4 earnings results. Netflix Q4 Adj. EBITDA $586.396M vs 327.7M In Same Qtr. Last Year Netflix Sees Q1 EPS $1.66 May Not Compare To $1.19 Est., Sales $5.731B vs $5.76B Estimate Netflix Shares Initially Spike To After-Hours High $352.66, Now Selling Off, Down ~1.8% From Close Netflix Highlights Google Search Trend Data Showing Interest For The Witcher Exceeded Interest For Disney's The Mandalorian, Amazon's Jack Ryan And Apple's The Morning Show. Netflix Q4 US Streaming Paid Memberships 61.04M, Paid Net Adds 420K Netflix Q4 Int'l. Paid Memberships 106.06M, Paid Net Adds 8.33M Netflix Sees Q1 Global Streaming Paid Memberships 174.09M, Up 16.9%; Sees Global Streaming Paid Net Adds 7M Netflix Q4 EPS $1.30 Does Not Compare To $0.53 Estimate, Sales $5.47B Beat $5.45B Estimate",20
2020-01-22,NFLX,32.599998474121094,-0.0358168146562174,0.0723926601476685,0.0526381441192693,,,"4 Reasons To Buy Netflix Stock In 2020 Mark Cuban Says 'Data Is The New Oil,' Still Loves Netflix And Amazon PreMarket Prep Recap: Netflix Beat Not Good Enough, ACP Theory On Tesla For Netflix, Getting (And Keeping) Subscribers In The Face Of Competition Is Expensive Oppenheimer Maintains Outperform on Netflix, Raises Price Target to $400 Baird Maintains Neutral on Netflix, Raises Price Target to $350 Rosenblatt Maintains Neutral on Netflix, Raises Price Target to $275 IBM, Netflix Earnings Greeted With Enthusiasm, And Texas Instruments Up Later Today Netflix shares are trading lower after the company reported Q4 earnings results. Benzinga Pro's Top 5 Stocks To Watch For Wed., Jan. 22, 2020: NFLX, TSLA, NNVC, SKT, SPCE",18
2020-01-23,NFLX,34.959999084472656,0.0723926601476685,0.0101831469376469,-0.0053203898411204,,,"iFlip Mobile App Leverages Wall Street Know-How To Scale Returns For Self-Directed Traders And Long-Term Investors 28 Communication Services Stocks Moving In Thursday's Session Netflix shares are trading higher after Guggenheim maintained its Buy rating on the stock and raised the price target from $400 to $420 per share. Guggenheim Maintains Buy on Netflix, Raises Price Target to $420 Hallmark Parent Crown Media's CEO Departs Month After Same-Sex Ad Controversy",5
2020-01-24,NFLX,35.316001892089844,0.0101831469376469,-0.0291087223227611,-0.0228509168083658,,,"Earnings Showdown: Telecom Giants AT&T And Verizon Battle It Out Amid 5G Rollout Chelsea Handler: From Canna-Loving Comedian To Activist Intel, American Express Report Strong Quarters, Helping Set Positive Early Tone",3
2020-01-27,NFLX,34.28799819946289,-0.0291087223227611,0.0164489914938075,0.0440970927728683,,,"Apple Shares Have Had Quite A Run; What's Next? Earnings Ahead 10 Biggest Price Target Changes For Monday Shares of several technology and software stocks are trading lower as global equities continue to dip amid the spread of the Wuhan coronavirus. Analysts speculate uncertainty and volatility driven by virus concerns has caused rotation out of growth and risk names as well as more mature tech names. Citigroup Maintains Neutral on Netflix, Raises Price Target to $350",4
2020-01-28,NFLX,34.85200119018555,0.0164489914938075,-0.0153792975953025,0.0587914528980895,,,"﻿Shares of several communication companies are trading higher, rebounding as fears of the coronavirus's impact on the economy settle. NOTE:  Although the market rebounded, there are still concerns over the spread of the virus. 10 Communication Services Stocks Moving In Tuesday's Pre-Market Session",2
2020-01-29,NFLX,34.316001892089844,-0.0153792975953025,0.0133464373224019,0.0772525065770064,,,"Apple Hires Top Netflix Engineer In Bid To Boost Subscription Services PreMarket Prep Recap: Apple Q1 Beat Aids Rebound From Monday's Low The Three ""Cs"" Of Amazon Earnings: Consumers, Cloud, And Competitors Netflix to Lay Off 15 People from Marketing Department",4
2020-01-30,NFLX,34.77399826049805,0.0133464373224019,-0.0076206189366917,0.0552424665100521,,,"Cramer Compares Tesla Investors To Amazon, Netflix: If You Love The Product, You Love The Stock",1
2020-01-31,NFLX,34.50899887084961,-0.0076206189366917,0.0374105424223554,0.0628241716223612,0.0245828054843923,0.3902399390398616,"Adam Sandler Expands Netflix Deal, Will Make More Movies Netflix Said On Friday It Had Extended Contract With Adam Sandler And Happy Madison Productions For Four More Films",2
2020-02-03,NFLX,35.79999923706055,0.0374105424223554,0.0307542391889825,0.0365083585026992,0.0255141520594258,0.4050246075715629,Netflix shares are trading higher in sympathy with the overall market on a rebound after increased fear of the Wuhan coronavirus' impact on the economy dropped the Dow roughly 600 points on Friday.,1
2020-02-04,NFLX,36.9010009765625,0.0307542391889825,0.0017885172663607,0.0126825422685936,0.0255291815205746,0.4052631928707974,Tuesday's Market Minute: REVIEWING THE FAANG 4Q Here's How Much Investing $100 In Disney Stock Back In 2010 Would Be Worth Today,2
2020-02-05,NFLX,36.96699905395508,0.0017885172663607,-0.0073578966670749,0.0279709044063691,0.0251030214295124,0.3984981111528912,"Disney Had The Content, But The Media Giant Is Now Proving It Can Build A Streaming Service Why BofA Says Disney+ Numbers Are A Positive For Netflix",2
2020-02-06,NFLX,36.69499969482422,-0.0073578966670749,-0.0004905724634471,0.039378653953989,0.0248141135723392,0.393911841101534,Facebook At Key Inflection Point,1
2020-02-07,NFLX,36.676998138427734,-0.0004905724634471,0.0117239776154214,0.0371623318777429,0.024598042639631,0.3904818213805599,"'The Oscar Goes To...' 38 Jaw-Dropping Prop Bets, Betting Lines For The 2020 Academy Awards ViacomCBS Plans New Streaming Platform",2
2020-02-10,NFLX,37.10699844360352,0.0117239776154214,0.0070606906671757,0.0450319752179853,0.0239513702332538,0.3802162151785489,TD Ameritrade Clients Remained Bullish Through January: 'Where else are they going to put their money?' Investor Movement Index Summary: January 2020 Tech Companies Who Have Superpowers To Change Their Industry- And The World Liberty Global Announces Multi-Year Deal With Netflix,4
2020-02-11,NFLX,37.36899948120117,0.0070606906671757,0.0169124134511644,0.0334501864474274,0.0232970041584758,0.3698284757769886,"Under Armour Gets Torn Up As Earnings Disappoint, But Coronavirus Fears Retreat Slightly Disney Is Now Officially Netflix's Biggest Problem And Yet Another Friend To Roku",2
2020-02-12,NFLX,38.000999450683594,0.0169124134511644,0.0036577969257158,0.0157627176152264,0.0233972989052287,0.3714206055232746,"UPDATE: Needham's Martin Prefers Roku Over Netflix As Believes Roku 'is the winning aggregator in the US of SVOD plus AVOD streaming services' Needham Analyst Laura Martin Highlights Nielsen Streaming Wars Total Audience Report Published In Feb. As Indicating 'several risks to NFLX's US subscriber base' How Disney+ Subscribers Compare To Netflix, Amazon Prime And More",3
2020-02-13,NFLX,38.13999938964844,0.0036577969257158,-0.0026218792795322,-0.0034871374487256,0.0233761782704285,0.3710853258399963,"Streaming Is Now 20% Of TV Viewing, Netflix Clings To Top Spot Needham Analysts Prefer Roku Over Netflix",2
2020-02-14,NFLX,38.040000915527344,-0.0026218792795322,0.0194006031714133,-0.0307571491977803,0.0233997671607064,0.371459787864271,"Tiger Global Cuts Stakes In Facebook, Netflix, Alibaba, Microsoft, Amazon, Salesforce.com",1
2020-02-18,NFLX,38.77799987792969,0.0194006031714133,-0.0041002732794119,-0.071406493779893,0.023573400576367,0.374216132887044,Stocks That Hit 52-Week Highs On Tuesday,1
2020-02-19,NFLX,38.61899948120117,-0.0041002732794119,-0.0004920118940244,-0.017996315392959,0.0235610156007377,0.3740195274939903,Stocks That Hit 52-Week Highs On Wednesday,1
2020-02-20,NFLX,38.599998474121094,-0.0004920118940244,-0.0153626561678814,-0.0370206501627966,0.0214141719012041,0.3399394402978409,"Sling TV Starts Losing Subscribers As Streaming Wars Intensify Netflix Russian Rival Ivi.ru Hires Goldman to Study Possible IPO, Private Placement",2
2020-02-24,NFLX,36.869998931884766,-0.0299155691980584,-0.0233523212904293,0.0334960847878829,0.0176299504546387,0.2798667871761857,Shares of several communication and media companies are trading lower amid continued spread of coronavirus including notable upticks in Iran and Italy. NOTE: The virus has raised fear of a global economic slowdown. 20 Communication Services Stocks Moving In Monday's Pre-Market Session Netflix Nears Deal In $25M Range For Eddie Redmayne-Jessica Chastain Thriller 'The Good Nurse',3
2020-02-25,NFLX,36.00899887084961,-0.0233523212904293,0.05318117624974,0.0241050864432736,0.0171300495519049,0.2719311063633239,Technology Lesson For The New Era – Can You Do It Twice? Revolut Valued At $5.5B After Latest Funding Round 3 Reasons Why Top Hedge Funds Have Changed Their Minds On Uber,3
2020-02-26,NFLX,37.92399978637695,0.05318117624974,-0.019855457132485,0.011997727919462,0.020358918044685,0.3231878046514928,"Netflix shares are trading higher. Movement appears market related, as equities start to rebound from recent selloffs. Here's The List Of Top Overpaid Executives In 2019",2
2020-02-27,NFLX,37.17100143432617,-0.019855457132485,-0.0072099633062077,0.0028785461643416,0.0206111534839227,0.3271919181158534,Here's How Long It Took Netflix Stock To Reach A $100B Market Cap,1
2020-02-28,NFLX,36.90299987792969,-0.0072099633062077,0.0325718686362273,-0.0001626024664302,0.0206437361328591,0.3277091516327013,A Fabulous Time For This FANG ETN Shares of several communication companies are trading lower as the global coronavirus spread continues to cause equities across sectors to sell off amid worsened economic outlook.,2
2020-03-02,NFLX,38.10499954223633,0.0325718686362273,-0.032226759103041,-0.0906967936820883,0.0214769503463483,0.3409360172191209,"Internet Analyst: Some Companies Will Benefit From People 'Cocooning' Airlines, Casino Stocks Come Under Additional Pressure On Painful Data From China",2
2020-03-03,NFLX,36.87699890136719,-0.032226759103041,0.0407300691708067,-0.0125823878224291,0.0216219155773385,0.3432372689188275,And The Winner Of The Streaming Wars Is...,1
2020-03-04,NFLX,38.37900161743164,0.0407300691708067,-0.0286876076266111,-0.0882514107938464,0.0224274189481253,0.3560242385147849,"Report Says Roku Wants Original Programs, But Company Denies Plans 10 Biggest Price Target Changes For Wednesday Imperial Capital Maintains Outperform on Netflix, Lowers Price Target to $438",3
2020-03-05,NFLX,37.27799987792969,-0.0286876076266111,-0.0102205193424124,-0.1543269563345177,0.0234681820639529,0.3725458407840359,The New AT&T TV Streaming Service: What You Should Know,1
2020-03-06,NFLX,36.89699935913086,-0.0102205193424124,-0.06092639341081,-0.0885437392677067,0.0235284260190622,0.3735021839233217,Shares of several media and communication companies are trading lower as global markets continue to experience pressure amid the coronavirus spread.,1
2020-03-09,NFLX,34.64899826049805,-0.06092639341081,0.0509105609836897,-0.1375219406482002,0.0272531935473149,0.4326310353510328,TD Ameritrade Index Shows Retail Investors Were Pessimistic In February Investor Movement Index Summary: February 2020 Shares of several media and communication companies are trading lower as US equities crash amid coronavirus fears and OPEC failing to reach a production agreement. 38 Communication Services Stocks Moving In Monday's Pre-Market Session,4
2020-03-10,NFLX,36.41299819946289,0.0509105609836897,-0.0390244607665914,-0.1218794946157063,0.0296333157775242,0.4704143044174542,"Why This Netflix Analyst Says Coronavirus Outbreak Is Negative For Streaming Platform Shares of several communication and media companies are trading higher as markets rebound following Monday's selloff. US President Trump on Monday suggested the US is considering a payroll tax cut to relieve the negative economic effects of the coronavirus. Airlines Continue Suffering As Delta, American Announce Schedule Cuts, But Crude Bounces Needham Says COVID-19 Is Negative For Netflix As It Does Not Benefit Economically From Additional Viewing Hours By Users NBCUniversal Got Rid Off Its Entire Stake In Snap In 2019: Report FANG Stocks Lose Nearly $150B In A Day As Coronavirus Fears Rise Even More, Oil Crashes",6
2020-03-11,NFLX,34.992000579833984,-0.0390244607665914,-0.0990798154965096,-0.0984510641786392,0.0307817404289675,0.4886449805807445,"Why Coronavirus Cocooning Could Help Netflix Despite Volatility, FANG Continues to Prove Its Popularity As Market Gyrates, Investors Seek Direction From Large Stocks Including Apple, Microsoft",3
2020-03-12,NFLX,31.524999618530273,-0.0990798154965096,0.0667724496449366,0.0532275818164844,0.0371370049152848,0.5895316766617628,'Netflix's $3 mobile streaming plan just launched in two new countries' -BGR Shares of several communications companies are trading lower as equities sell off amid continued global coronavirus concerns. The virus has caused global economic disruption and negatively impacted stocks across sectors.,2
2020-03-13,NFLX,33.630001068115234,0.0667724496449366,-0.1113886461772548,-0.0103181716042021,0.040742775313423,0.646771507211394,Best Home Office Essentials During The COVID-19 (Coronavirus) Lockdown Shares of several communication and media companies are trading higher as the market rebounds following Thursday's selloff. NOTE: Since the coronavirus outbreak the healthcare sector has been extremely volatile.,2
2020-03-16,NFLX,29.88400077819824,-0.1113886461772548,0.0699705377064829,0.2055614873872393,0.0471042814487766,0.7477572863991376,5 Reasons Why Amazon Is Morgan Stanley's Top Pick Coronavirus Downturn Prompts Bitcoiners To Take A Bet On Alternate Markets Shares of several communications companies are trading lower as equities sell off amid continued global coronavirus concerns. The virus has caused global economic disruption and negatively impacted stocks across sectors.,3
2020-03-17,NFLX,31.975000381469727,0.0699705377064829,-0.0133854414809638,0.1174979833404805,0.0500804085204964,0.7950018390105229,Mark Tepper Says 'DAWN' Is The New 'FANG' NBCUniversal Releases Movies On-Demand Same Time As Theaters Due To Coronavirus,2
2020-03-18,NFLX,31.54700088500977,-0.0133854414809638,0.0524930479450853,0.0853329144627288,0.0500816325563841,0.7950212699778499,"Staples, Stay-At-Home Tech Stocks Holding Up, But Energy, Travel Washout Continues Netflix Vs COVID-19 – Does The Streaming Giant Have A Chance Of Winning? Travel, Airline Stocks In Focus Amid Fresh Weakness; Amazon To Hire 100,000 Workers Greta Thunberg Among Europe's 30 Under 30 Forbes List",4
2020-03-19,NFLX,33.202999114990234,0.0524930479450853,0.0024094760469566,0.0932446090386143,0.0519148712645898,0.8241230322722282,"PreMarket Prep Stock Of The Day: Walmart Netflix Says Has Will Reduce Bit Rates Across All Its Streams In Europe For 30 Days Netflix Says To Cut Traffic On European Networks By 25% To Preserve Smooth Functioning Of Internet During Coronavirus Outbreak Shares of several media and streaming companies are trading higher. The coronavirus has led to several theaters closing or limiting capacity, which has potentially led consumers to opt for streaming and home television viewing.",4
2020-03-20,NFLX,33.28300094604492,0.0024094760469566,0.0824444732507585,0.0729802237012775,0.0519018862710592,0.823916901890282,"'Emergency Support for Workers in the Creative Community' -Netflix Blog Post Disney Is In The Crosshairs Of COVID-19 Netflix and Roku shares are trading higher trading higher. The coronavirus has led to many theaters closing or limiting capacity, which has potentially led consumers to opt for at-home streaming options. Netflix Cuts Picture Quality To Ease Pressure On Internet Providers In Europe",4
2020-03-23,NFLX,36.027000427246094,0.0824444732507585,-0.0081883581798133,0.0296721967264355,0.0550821702794484,0.8744023453988029,"Roku Vs. Netflix: Needham's Laura Martin Sees A Clear Quarantine Winner Baird Upgrades Netflix, Downgrades AT&T, Comcast As Pandemic Shifts Media Market UPDATE: Baird Upgrades Netflix to Outperform, Raises Price Target to $415 As Firm Believes 'the lack of live sports, even if short-lived, coupled with growing consumer economic pressures, could accelerate video cord-cutting.' 10 Biggest Price Target Changes For Monday Netflix shares are trading higher after Baird analysts upgraded the stock from Neutral to Outperform. Baird Upgrades Netflix to Outperform, Raises Price Target to $415",6
2020-03-24,NFLX,35.731998443603516,-0.0081883581798133,-0.0417832781693978,0.0508787885549255,0.0548432192816381,0.8706091159043813,Shares of several communication services companies are trading higher as equities gain amid hopes of a US stimulus agreement.,1
2020-03-25,NFLX,34.23899841308594,-0.0417832781693978,0.0601653514637769,0.0633488896722518,0.0542007328312031,0.8604099596929036,"Netflix Says It Has Fixed An Outage That Affected Some Us And UK Users For Less Than An Hour 'Netflix suffering from outage across the United States, users say' -9to5Mac Why This Netflix Analyst Says Streaming Platform Will Beat Q1 Net Subscriber Guidance Facebook, Messenger And WhatsApp Use Soars While Advertising Declines In Pandemic Hit Countries",4
2020-03-26,NFLX,36.29899978637695,0.0601653514637769,-0.0161711889940323,0.0195322085446318,0.0558718836351759,0.8869386562764894,Roku Or Netflix – Which One Is Better In The Near Term? Netflix Download Data Suggests 'Top And Bottom Line Outperformance' Due To Social Distancing,2
2020-03-27,NFLX,35.71200180053711,-0.0161711889940323,0.0387544467145719,0.0129927437223653,0.055971269023707,0.8885163504085314,"Sony Slows PlayStation Download Speeds To Preserve Bandwidth For Some Companies, A Sliver Of Good News During COVID-19",2
2020-03-30,NFLX,37.09600067138672,0.0387544467145719,0.0122384773953276,0.0242613137506177,0.0561780824391666,0.8917994115991194,"Shares of several media, streaming and videogame companies are trading higher as markets continue to rebound following last week's US stimulus. NOTE: Trump extended social distancing guidelines, which is a potential positive for at-home entertainment. Amazon Analyst On Positives, Negatives Of Coronavirus Spending: 'A Material Impact'",2
2020-03-31,NFLX,37.54999923706055,0.0122384773953276,-0.0304127380617497,-0.0085751958118178,0.055706021360232,0.8843056742881569,Price Over Earnings Overview: Netflix,1
2020-04-01,NFLX,36.40800094604492,-0.0304127380617497,0.0164798521899147,0.0193363696819588,0.0554003173950757,0.8794527742884974,"Is Roku Above Other Streamers – A SWOT Approach Wells Fargo Maintains Underweight on Netflix, Raises Price Target to $305 Bernstein Maintains Outperform on Netflix, Raises Price Target to $487 Some Staples Stocks Bouncing Back After Sliding In Recent Rally As Caution Tightens Grip",4
2020-04-02,NFLX,37.007999420166016,0.0164798521899147,-0.0224816457376106,0.0017293335772836,0.0551389108097637,0.875303073393636,Disney+ Makes Middle East Debut Through Third-Party Network,1
2020-04-03,NFLX,36.17599868774414,-0.0224816457376106,0.0503095909122974,0.096638719705892,0.0553392333592667,0.8784830952815367,PS5 Vs. Xbox Series X: Tech Alone Won't Crown A Winner Roland Garros Is Giving Us Hope – Shall We Dare to Dream?,2
2020-04-08,NFLX,37.11199951171875,-0.003115964520078,-0.0010778431788541,0.1833638821596499,0.052788176652034,0.8379863255149703,"Netflix, YouTube, Disney+: Which Video Streaming Platform Do Teens Watch The Most? One Theme Is Popping Up Among These Chinese Companies: Fraud",2
2020-04-09,NFLX,37.071998596191406,-0.0010778431788541,0.0701338580943264,0.1409150581558194,0.0469088361322709,0.7446546881848197,Communications Services Sector Earnings: When Staying In Becomes The Trend Will FANG Lead The Market Rebound? 'I Am Trying To Get More Cash': Why Mark Cuban Isn't Hopeful On US Market Rally Google Gets Federal Approval To Operate Under Sea Cable Between US and Taiwan To Boost Network Capacity Disney Shares Climb 7% As Video On Demand Service Crosses 50M Subscribers,5
2020-04-13,NFLX,39.672000885009766,0.0701338580943264,0.0424228327203555,0.1027676843455394,0.0471314973984705,0.7481893262066452,"Disney's 50M Streaming Subscribers No Reason To Celebrate: Here's Why Netflix Strikes First-Look Deal With Comic Book, Graphic Novel Publisher Boom! Studios Netflix shares are trading higher despite overall market weakness. The company may potentially be benefiting from consumers opting for streaming and home entertainment platforms amid theater closures. Luckin Coffee Fraud Has Shaken Investor Faith In US-Listed Chinese Companies, Long-Term Backer Citron Says Apple's Stock Will Outperform Other FAANG Stocks In 2020, Long-Term Future 'Among The Brightest', Munster Says",5
2020-04-14,NFLX,41.35499954223633,0.0424228327203555,0.0319187452408527,0.0490388078921018,0.0380695247662375,0.6043349703712738,"'Tiger King'-Inspired Weed To Donate Proceeds To Tiger Protection Fund Why Netflix's Stock Is Trading Higher Today Netflix shares are trading higher after Bank of America analysts raised their price target on the stock and maintained a Buy rating. Streaming stocks have been of interest recently amid the coronavirus pandemic, as consumers opt for home entertainment. Stocks That Hit 52-Week Highs On Tuesday B of A Securities Maintains Buy on Netflix, Raises Price Target to $460 JPMorgan, Wells Fargo Earnings Lower Than Expected, But Positive Tone Helps Shares 10 Biggest Price Target Changes For Tuesday Imperial Capital Maintains Outperform on Netflix, Raises Price Target to $447",8
2020-04-15,NFLX,42.67499923706055,0.0319187452408527,0.0291037047929314,-0.0124897704879639,0.0361899650811818,0.5744978853655112,"How The COVID-19 Pandemic Turned Amazon, Netflix Into Essential Businesses Pivotal Research Earlier Maintained Buy on Netflix, Raised Price Target to $490 P/E Ratio Insights for Netflix Netflix shares are trading higher after analysts at multiple firms raised their price targets on the stock. The coronavirus pandemic has been seen as a potential positive for streaming services and at-home entertainment platforms. Stocks That Hit 52-Week Highs On Wednesday Stifel Maintains Buy on Netflix, Raises Price Target to $440 Wednesday's Market Minute: Turns Out The Entire Nasdaq Is A Stay-At-Home Trade Cowen & Co. Reiterates Outperform on Netflix, Raises Price Target to $445",8
2020-04-16,NFLX,43.91699981689453,0.0291037047929314,-0.036910499108019,-0.0283945090317737,0.0356702560942798,0.5662477609647038,"Traders Share Their Thoughts On Netflix 10 Stocks Hitting All-Time Highs Amid The COVID-19 Pandemic Comcast's Peacock Takes Well-Timed Flight Alibaba, Tesla Among Cramer's Stay-At-Home Stock Ideas Wedbush Maintains Underperform on Netflix, Raises Price Target to $194 Stocks That Hit 52-Week Highs On Thursday Netflix shares are trading higher after Goldman Sachs reiterated a Buy rating on the stock and raised its price target from $430 to $490. Morgan Stanley maintained an Overweight rating on the stock and raised its price target from $400 to $450. Netflix Earnings Preview: With Consumers On Lockdown, Streaming Giant Filling The Void Goldman Sachs Reiterates Buy on Netflix, Raises Price Target to $490 Morgan Stanley Maintains Overweight on Netflix, Raises Price Target to $450",12
2020-04-17,NFLX,42.29600143432617,-0.036910499108019,0.0343531082304868,0.0047994871407746,0.0366135294877485,0.5812217618694768,"ESPAÑOL • Notas del Día: Jason Silva, Un Nobel en Cannabis, Jane West, 'Cooked With Cannabis' en Netflix, Mamá Cultiva, y MedMen Big Earnings Day As Honeywell, Procter & Gamble, Schlumberger Among Those Reporting Benzinga's Top Upgrades, Downgrades For April 17, 2020 Netflix Says Has Made Selection Of Documentary Features, Series Available On Netflix US YouTube Channel Shares of several companies that have experienced strength amid the coronavirus pandemic are trading lower as coronavirus concerns ease following positive drug data from Gilead and US announcement of measures to reopen the economy. Some negatively impacted sectors include home fitness, home entertainment and virtual communication. Rosenblatt Reiterates Neutral on Netflix, Raises Price Target to $370 Benchmark Initiates Coverage On Netflix with Sell Rating, Announces Price Target to $327",7
2020-04-20,NFLX,43.749000549316406,0.0343531082304868,-0.0083659312111099,-0.0368236997601612,0.0368324290126862,0.5846966841000482,"How The COVID-19 Pandemic Will Affect Netflix And Roku Going Forward Halliburton, United, Among Key Names Reporting Results, With More Airlines Due Later In Week Netflix shares are trading higher, potentially in anticipation of the company's Q1 earnings report Tuesday. Streaming services have attracted investor interest amid the coronavirus pandemic, which has led to theater closures. Netflix Analyst Braces For Big Q1 Beat As Pandemic Accelerates Migration To Streaming Services",4
2020-04-21,NFLX,43.382999420166016,-0.0083659312111099,-0.0286057014438132,-0.0691515118847566,0.0334440381604182,0.5309076468613242,"9 Stocks Moving In Tuesday's After-Hours Session Netflix Reports Q1 Sales Beat, Streaming Subscriptions Up 22.8% Netflix Q1 Asia Pacific Paid Memberships 19.84M Users, Paid Net Adds 3.6M Users Netflix Q1 Latin America Paid Members 19.84M, Paid Net Adds 3.6M Netflix shares are trading higher after the company reported better-than-expected Q1 sales results. The company reported Q1 global streaming subs of 182.86 million, up 22.8% year over year. Netflix Sees Q2 EPS $1.81 vs $1.54 Est. Netflix Q1 Europe, Middle East, Africa Paid Memberships 58.73M Users, Paid Net Adds 6.96M Netflix Q1 US, Canada Paid Memberships 69.97M Users, Net Adds 2.31M Netflix Says Sees 2020 FCF Of ($1B) Or Better; Says Finished Quarter With Cash Of $5.2B Netflix Sees Q2 Global Streaming Paid Subscriptions 190.36M, Up 25.6% Year Over Year, Global Streaming Paid Net Adds 7.5M Users",22
2020-04-22,NFLX,42.141998291015625,-0.0286057014438132,0.0125290659992802,-0.022613999184595,0.0343239304415958,0.544875503800452,"COVID-19 Has Left Disney Extremely Vulnerable Netflix Doubles Growth Estimates But Misses Earnings Expectations 'Imminent Dilemma'? Netflix's Strong Q1 Net Adds Leave Some On Wall Street Worried SunTrust Robinson Humphrey Maintains Buy on Netflix, Raises Price Target to $475 PreMarket Prep Stock Of The Day: Facebook Nomura Maintains Neutral on Netflix, Raises Price Target to $390 JP Morgan Reiterates Overweight on Netflix, Raises Price Target to $535 Canaccord Genuity Maintains Buy on Netflix, Raises Price Target to $500 Wedbush Maintains Underperform on Netflix, Raises Price Target to $198 UBS Maintains Buy on Netflix, Raises Price Target to $535",23
2020-04-23,NFLX,42.66999816894531,0.0125290659992802,-0.0040074438004864,-0.0160533767984147,0.0321904080581407,0.51100688594118,"Netflix Prices 3.625% Senior Notes Due 2025 Offering, €470M 3% Senior Notes Due 2025 SunTrust Robinson Humphrey Maintains Buy on Netflix, Raises Price Target to $475 Why Netflix's Stock Is Trading Higher Today Morgan Stanley Maintains Overweight on Netflix, Raises Price Target to $485 Netflix Will Sell Dollar, Euro Junk Bonds At Record Low Yield Netflix shares are trading higher. The company on Tuesday reported Q1 results. Strength potentially related to increased interest in streaming services amid the coronavirus pandemic. Eli Lilly Kicks Off Earnings Day With A Beat And Investors Prepare For Intel After Close 10 Biggest Price Target Changes For Thursday Imperial Capital Maintains Outperform on Netflix, Raises Price Target to $485",9
2020-04-27,NFLX,42.13800048828125,-0.0084943188397159,-0.041648892870541,0.0160662141198657,0.0299480584896104,0.4754106900763553,"Filmmakers Using Virtual Reality Tools Created by Video Game Companies Including Epic, Nintendo to Use in Productions for Disney, Netflix",1
2020-04-28,NFLX,40.382999420166016,-0.041648892870541,0.0199588878347873,0.0516306147242613,0.0310804041229889,0.4933861197408926,"Oscar Organizers To Allow Films Released On Streaming Platforms To Be Eligible For 2021 Academic Awards Netflix shares are trading lower. Not yet currently seeing company-specific news. Blue Chip Stocks Resisting COVID-19 Coronavirus Crisis Could Lead to M&A in TV, Film Production",4
2020-04-29,NFLX,41.18899917602539,0.0199588878347873,0.0193255832928684,0.0543106061440994,0.0312264593364797,0.4957046743763783,"Locked Down, Demand Up: Amazon Shines As Virus Economy Plays To Its Strengths May Market Outlook: No Spring Fling This Year As Dismal Data, Weak Earnings Seen Ahead AT&T Is Hoping HBO Max Will Turn The Tide Poland Plans to Introduce a 1.5% Surcharge on the Revenue of Video-on-demand Platforms Such as Netflix Netflix Working On 'Social Distance,' A New Show From The Maker Of 'Orange Is The New Black'",5
2020-04-30,NFLX,41.98500061035156,0.0193255832928684,-0.0109086620566237,0.0397284564327689,0.0302140412755197,0.4796330359035962,Netflix shares are trading higher despite overall market weakness. Strength potentially related to increased interest in streaming amid theater closures as a result of the coronavirus pandemic.,1
2020-05-04,NFLX,42.814998626708984,0.0310159218390795,-0.008104639336689,0.0288917330700808,0.0301041341319171,0.4778883140879044,Netflix shares are trading higher despite overall market weakness. Strength potentially related to increased interest in streaming amid theater closures as a result of the coronavirus pandemic.,1
2020-05-05,NFLX,42.46799850463867,-0.008104639336689,0.0225581665451182,0.0168126760630433,0.0286733838655582,0.455175857729754,"ESPAÑOL • Noticias del Día: Una Línea de Ropa de 'Narcos', Alice Moon y el SHC, Acciones de Cannabis, MindMed y el LSD, y Más 3 ETFs For Disney Earnings",2
2020-05-06,NFLX,43.42599868774414,0.0225581665451182,0.0052273107595706,0.0092341221544702,0.0282094200921675,0.447810661159345,"A Low-Cost, FAAMNG-Heavy ETF For May Netflix shares are trading higher. Strength potentially related to increased interest in streaming amid theater closures as a result of the coronavirus pandemic. Netflix Shares Rebound Over $435 Level On Volume Spike; Hearing Jon Najarian Mentioned On CNBC's Fast Money: Halftime Report Amazon Emerges As The Winner Of The COVID-19 Outbreak",4
2020-05-08,NFLX,43.55500030517578,-0.0022449676546388,0.0114108100050429,0.0427964275060384,0.0281184187995117,0.4463660604232279,"Along With Dramatic Jobs Data, Investors Scrutinize Recent Earnings From Uber, Square",1
2020-05-11,NFLX,44.051998138427734,0.0114108100050429,-0.0197493636758747,0.0273767668369679,0.0241216394826338,0.382919155717235,Amazon Might Be Looking To Buy Struggling AMC Theaters: Report,1
2020-05-12,NFLX,43.18199920654297,-0.0197493636758747,0.0149367900888188,0.044509307589412,0.0231010324515907,0.3667175213744507,"""Stay at Home"" Stocks Still Rule the Roost as Nvidia, Microsoft, Apple Start Week Firmly ESPAÑOL • Acciones de Tilray Caen Luego de Reporte Trimestal, Harmless, Ketamina en Farmacias, Lo Nuevo de Netflix, y Más With This NASDAQ-100 Soaring, Don't Forget This ETF",3
2020-05-13,NFLX,43.82699966430664,0.0149367900888188,0.0083966512272406,0.0214479346957108,0.0222562878210187,0.3533076160913478,"Netflix Analyst Says Falling Churn, Strong Late April Subscriber Trends Boost Hopes",1
2020-05-14,NFLX,44.19499969482422,0.0083966512272406,0.0276954187552771,-0.0128973797660411,0.0213720429001977,0.3392706631399618,"3 Reason To Buy Netflix Stock Right Now, According To Jefferies Stocks That Hit 52-Week Highs On Thursday Jefferies Initiates Coverage On Netflix with Buy Rating, Announces Price Target of $520",3
2020-05-15,NFLX,45.41899871826172,0.0276954187552771,-0.0035447566577677,-0.0547568106277692,0.0202686282713105,0.3217544989338044,"Hedge Fund Duquesne 13F Shows Increased Stakes In Facebook, Alibaba, Netflix, Amazon, Google, Alnylman Quibi Blames Coronavirus For Lackluster Launch, But Is Its Strategy The Real Problem? Quick Retreat: Impressive Thursday Turnaround Halted in Its Tracks Amid Fresh Trade Tiff Mark Cuban On Consumer Demand, Small Businesses Dilemma And Market Uncertainty",4
2020-05-18,NFLX,45.257999420166016,-0.0035447566577677,-0.0034026985413911,-0.0835432029347663,0.0189895153342315,0.3014492105521462,"Shares of several 'stay-at-home' plays, including streaming, e-commerce, virtual communication, and home fitness, are trading lower on a potential sell-off as states begin to reopen, potentially making them lose momentum.",1
2020-05-19,NFLX,45.104000091552734,-0.0034026985413911,-0.0074716610467598,-0.0690626479279868,0.0188808417240697,0.2997240704727633,"Stocks That Hit 52-Week Highs On Tuesday Walmart Earnings Look Strong Across the Board, But Home Depot Down After Missing on EPS 'Apple buys older shows for TV+, stepping up Netflix challenge' -Earlier SCMP Report Nasdaq To Restrict Chinese Listings With New Strict IPO Requirements: Report",4
2020-05-20,NFLX,44.766998291015625,-0.0074716610467598,-0.0255098249740102,-0.0764624980827241,0.0176201984456301,0.2797119788324649,"Chop Chop: Strong Earnings Lift Markets After Tuesday Thud; FOMC Minutes Ahead 'Philippines proposes tax on Netflix, Facebook ads, Lazada purchases amid coronavirus pandemic' -SCMB Report Why Sony Sold Streaming Rights For Tom Hanks Movie To Apple Instead Of Waiting Out The Pandemic",3
2020-05-21,NFLX,43.625,-0.0255098249740102,-0.015885405007611,-0.0378682046360135,0.0185838675400552,0.2950097514525109,"New Investors Pile In, Fuel Record Rise In Account Openings, Trading Volumes Citigroup Maintains Neutral on Netflix, Raises Price Target to $450 Netflix shares are trading lower, potentially selling off following recent strength. The coronavirus pandemic has been a positive catalyst for streaming services and economic reopenings across the US may provide a potential headwind. Netflix: If Users Don't Confirm They Want To Keep Subscribing, Company Will Automatically Cancel Subscription Netflix Shares Relatively Quiet, Hearing Co. To Ask Inactive Members To Either Confirm Their Membership Or Cancel",5
2020-05-22,NFLX,42.93199920654297,-0.015885405007611,-0.0338907584843073,-0.007919504306151,0.0189476984263975,0.3007853877197872,The Secret to Tech's Resilience to COVID-19- Infrastructure Expansion Netflix To Automatically Cancel Unused Subscriptions,2
2020-05-26,NFLX,41.47700119018555,-0.0338907584843073,0.0123441234469368,0.0302335696108884,0.0203908000391466,0.3236939156233682,"Netflix shares are trading lower. Weakness potentially related to market strength amid vaccine hopes and business reopenings, which could be a potentially negative catalyst for at-home streaming services. Biotech Shares In Focus As Encouraging Vaccine News Leads Broad Market Rally 'FAANG Stocks Are Strong Once Again,' Facebook, Amazon, Netflix Hit Record Highs Last Week US Most-Subscribed YouTube Channel 'Cocomelon' Coming To Netflix In June",4
2020-05-27,NFLX,41.98899841308594,0.0123441234469368,-0.0153610866522929,0.0049536828923417,0.0181162928037852,0.2875872326234694,"What's Behind Netflix's Recent Weakness? A Look Into Netflix's Price Over Earnings Shares of several companies in the broader technology sector are trading lower despite market strength. Weakness potentially related to business reopenings and eased lockdown restrictions, as several names in the tech sector have benefited from work-from-home, home entertainment and e-commerce trends amid the pandemic. Same Old Leadership Song Lifts These Leveraged ETFs These 10 Stocks Have Surged During The Coronavirus Pandemic",5
2020-05-28,NFLX,41.34400177001953,-0.0153610866522929,0.0152137619922048,0.0021525948964031,0.0180057449020729,0.2858323390881244,Martin Scorsese's Next Movie Will Be Financed By Apple: Report,1
2020-06-01,NFLX,42.59199905395508,0.0147475636123701,0.0032635223058856,-0.0150966790942279,0.0178862846242237,0.2839359659676869,How Social Media Stocks Fared During The Pandemic,1
2020-06-02,NFLX,42.73099899291992,0.0032635223058856,-0.0124967917744444,0.0157730875070023,0.0164914377075918,0.2617934576172072,Tesla CEO Musk Says Other Three Officers Should Be Charged In Floyd's Murder Case,1
2020-06-03,NFLX,42.196998596191406,-0.0124967917744444,-0.0181055516833322,0.0296467357157903,0.0166341107346223,0.2640583217071243,"Stocks Keep Rallying Even During Protests Because 'Nobody Is Investing To Make The World A Better Place,' Analysts Say",1
2020-06-04,NFLX,41.43299865722656,-0.0181055516833322,0.0127193407266017,0.0271040266219531,0.0161866413903424,0.2569549660813853,"Citron On Genius Brands: 'The Lowest Form Of Retail Investor' Why Genius Brands Is On A Massive Rally, Adding Nearly 2500% Value In A Month",2
2020-06-08,NFLX,41.94900131225586,-0.0002621013454899,0.0347087516149193,0.0143268708671044,0.0164560512878356,0.2612317156184243,Munster Says Under-The-Radar Apple TV+ Will Contribute 20% Of Cupertino's Net Income Growth,1
2020-06-09,NFLX,43.404998779296875,0.0347087516149193,0.0009907403175852,0.0047920789990825,0.0181717145905013,0.2884670262126633,Netflix Option Trader Makes $73.6M Bet On 5% Upside Netflix shares are trading higher. The stock sold off over the past month amid US business reopenings and appears to be rebounding.,2
2020-06-10,NFLX,43.448001861572266,0.0009907403175852,-0.0205303366666862,0.0305882551263942,0.0176032597042293,0.2794430846488515,"As Expected: Fed Keeps Rates Unchanged and Forecasts Years Of Dovish Policy Hearing JP Morgan Reiterates Overweight Rating And $535 Price Target On Netflix, Saying  Daily User Growth Remains Elevated & Stable For About 6 Weeks And Download Growth Remains Elevated From Pre-pandemic Levels; Unconfirmed",2
2020-01-02,NVDA,5.970755577087402,,-0.0160062043278557,0.0129630585017133,,,24 Technology Stocks Moving In Thursday's Pre-Market Session,1
2020-01-03,NVDA,5.875186443328857,-0.0160062043278557,0.0041936801562254,0.034947361688945,,,22 Technology Stocks Moving In Friday's Pre-Market Session,1
2020-01-06,NVDA,5.899825096130371,0.0041936801562254,0.0121067694294676,0.0629376626042708,,,12 Technology Stocks Moving In Monday's Pre-Market Session,1
2020-01-07,NVDA,5.971252918243408,0.0121067694294676,0.0018754055160159,0.0306338327626995,,,"Sony, Nvidia, Uber Introduce Electric, Autonomous Auto Concepts At CES",1
2020-01-09,NVDA,6.048154830932617,0.0109826870639584,0.005349379922579,0.0243187820780674,,,Stocks That Hit 52-Week Highs On Thursday,1
2020-01-10,NVDA,6.080508708953857,0.005349379922579,0.0313522433115263,0.0203009767050814,,,"UPDATE: B Of A Securities On Nvidia Notes 'In our 2020 playbook, we flag NVDA as our top large cap pick... due to its leading growth (15%+ sales/20%+ EPS CAGR, CY19-21E) at a still reasonable valuation (30x CY21 PE, 2-turns below 3-yr avg.) Stocks That Hit 52-Week Highs On Friday BofA Names Nvidia, Inphi Its Top Semiconductor Stock Picks For 2020 B of A Securities Reiterates Buy on NVIDIA, Raises Price Target to $300 Nvidia Added To Citi's Catalyst Watch; Expects Outperformance 13 Technology Stocks Moving In Friday's Pre-Market Session",6
2020-01-13,NVDA,6.271146297454834,0.0313522433115263,-0.0186522543697711,-0.0160330187771826,,,"NVIDIA shares are trading higher after Needham upgraded the company's stock from Underperform to Hold. Analysts Upbeat After Nvidia's CES Presentations: 'Must-Own Stock For Technology Investors' Craig-Hallum Earlier Reiterated Buy on NVIDIA, Raised Price Target to $300 UPDATE: Needham Upgrades NVIDIA To Hold 'following our positive meeting at CES'; 'we contend the shares are fully valued at 34x our F2021 earnings estimate (near multi-year high). Furthermore, we believe competition will accelerate in AI training in 2020' UPDATE:Argus Reiterates Buy On NVIDIA, Raises Tgt To $300 Notes Co. Shined At CES As 'CES 2020 provided NVidia an opportunity to highlight rapid adoption of its ray tracing technology, which renders more realistic light and shadows in gaming applications' Benzinga's Top Upgrades, Downgrades For January 13, 2020 Nvidia Analyst Says Chipmaker Lacks Earnings Potential To Justify Lofty Valuation 10 Biggest Price Target Changes For Monday Argus Research Maintains Buy on NVIDIA, Raises Price Target to $300 Needham Upgrades NVIDIA to Hold",10
2020-01-15,NVDA,6.111617565155029,-0.0069152590595511,0.0136823065569757,0.0296859067779637,,,"Piper Sandler Maintains Overweight on NVIDIA, Raises Price Target to $275 Hearing Piper Sandler Out Positive On Semiconductors, Saying 2020 Appears To Be A Recovery Year For The Semiconductor Market; Unconfirmed",2
2020-01-16,NVDA,6.1952385902404785,0.0136823065569757,0.0014059804545087,0.0062268917025603,,,Another Bank Beats: Morgan Stanley Latest To Exceed Expectations On Strong Trading 10 Technology Stocks Moving In Thursday's Pre-Market Session,2
2020-01-17,NVDA,6.203948974609375,0.0014059804545087,-0.0053752994475898,-0.0364246172973717,,,"9 Takeaways From The JPMorgan Healthcare Conference 'China Hasn't Started Remedy Talks On Mellanox/NVIDIA' - Deal Reporter Record Run: Stocks Keep Rolling To New Highs as Housing Data, Earnings Look Solid",3
2020-01-21,NVDA,6.170600891113281,-0.0053752994475898,0.0087522394481653,0.0001210136586247,,,AMD Says 'Nvidia Killer' Graphics Card Is Set For Launch This Year,1
2020-01-23,NVDA,6.293046474456787,0.0109949112712874,-0.0094121034516072,-0.0278809393463522,,,"Cramer: Tesla Is A Tech Company On Wheels, Unlike Ford And GM UPDATE: UBS Maintains Buy on NVIDIA, Raises Price Target to $300 As Firm Sees 'a path to ~$10 EPS in FY21 (non-GAAP) on the back of a new 7nm product cycle in both data center + gaming.' Notes 2 Reasons: UBS Maintains Buy on NVIDIA, Raises Price Target to $300",3
2020-01-24,NVDA,6.233815670013428,-0.0094121034516072,-0.041041181850677,-0.0560922873171869,,,Stocks That Hit 52-Week Highs On Friday 3 Chip ETFs To Buy On Intel's Stellar Forecast,2
2020-01-27,NVDA,5.977972507476807,-0.041041181850677,0.0323479424477715,0.0005412102705995,,,"15 Technology Stocks Moving In Monday's Pre-Market Session Shares of several semiconductor companies are trading lower as concerns about the Wuhan coronavirus continue to grow, prompting travel bans in multiple Chinese cities. Reports say the death toll rose to 80 with more than 2,700 people now infected.",2
2020-01-28,NVDA,6.171347618103027,0.0323479424477715,-0.0097995295100837,-0.0033875088527856,,,"Shares of several technology companies are trading higher, rebounding as fears of the coronavirus's impact on the economy settle. NOTE:  Although the market rebounded, there are still concerns over the spread of the virus. Turnaround Tuesday? Stocks Look To Bounce Back As Apple Earnings Loom Later",2
2020-01-30,NVDA,6.117590427398682,0.0010995342644091,-0.0381594256432257,0.0343351195528249,,,"7 Semiconductor Stocks To Buy On Coronavirus Weakness Shares of several semiconductor companies are trading lower as markets sell off on coronavirus worries. The virus has caused global worries and disrupted activity in China, negatively impacting companies with China exposure. 14 Technology Stocks Moving In Thursday's Pre-Market Session",3
2020-01-31,NVDA,5.884146690368652,-0.0381594256432257,0.0164953666749054,0.0641204380892952,0.0188258125080642,0.2988505087504035,"Shares of several companies in the broader technology sector are trading lower amid global concerns driven by the coronavirus outbreak in China. The technology sector has strong China exposure and the virus has caused some economic disruption concerns in the country. Position Scrimmage: Coronavirus, End-Of-Month Profit Taking Influencing Markets",2
2020-02-04,NVDA,6.150442123413086,0.0282943312003298,0.0146885523582283,0.0840042944821424,0.0197830345803101,0.3140459380661503,"Nvidia GeForce Now Game Streaming Is Now Available GameStop Shares Volatile Between $4.10-$4.20 Level; Pullback From $4.20 Level On Volume Following The Verge Report Of NVIDIA Streaming Game Service 'Nvidia's GeForce Now is finally out of beta, challenges Google Stadia at $5 a month' -TheVerge; NVIDIA Shares Not Seeing Huge Reaction Shares of technology companies are trading higher amid a continued rebound in equities following last week's selloff. Shares sold off last week amid coronavirus fears in China, as the sector has exposure to the country. 14 Technology Stocks Moving In Tuesday's Pre-Market Session",5
2020-02-06,NVDA,6.327638626098633,0.0139173896197479,-0.010461702393817,0.0650150489599865,0.0200240587953569,0.3178720788639011,Facebook At Key Inflection Point,1
2020-02-07,NVDA,6.261440753936768,-0.010461702393817,0.0452323714989186,0.1518341098177447,0.02014789198788,0.3198378698527282,"Job Market Heats Up In January, As Warmer Weather Might Have Helped Add Positions",1
2020-02-10,NVDA,6.544660568237305,0.0452323714989186,0.0187091607318186,0.1277712269477895,0.0223569486806318,0.3549055576991124,"3 ETFs To Play For The Week Ahead: REITs, Chips And More NVIDIA shares are trading higher after RBC Capital maintained an Outperform rating on the stock and raised its price target from $251 to $301. Big Week Of Earnings Ahead Featuring Cisco, Nvidia, UnderArmour, Among Others RBC Capital Maintains Outperform on NVIDIA, Raises Price Target to $301",4
2020-02-11,NVDA,6.667105674743652,0.0187091607318186,0.0173578276081121,0.1747358412648778,0.0217099147103379,0.3446342118478621,"NVIDIA shares are trading higher after Oppenheimer maintained an Outperform rating and raised its price target from $250 to $300. Wells Fargo maintained an Overweight rating and raised its price target from $270 to $290. Stocks That Hit 52-Week Highs On Tuesday Under Armour Gets Torn Up As Earnings Disappoint, But Coronavirus Fears Retreat Slightly Oppenheimer Maintains Outperform on NVIDIA, Raises Price Target to $300 Wells Fargo Maintains Overweight on NVIDIA, Raises Price Target to $290",5
2020-02-12,NVDA,6.782832145690918,0.0173578276081121,-0.0064577426618478,0.1326779677221832,0.0212834016006706,0.3378635261333308,"2020 Mobile World Congress Cancelled Over Coronavirus Fears Nvidia Analysts Raise Price Targets Ahead Of Q4 Print Susquehanna Maintains Positive on NVIDIA, Raises Price Target to $310 Wedbush Maintains Outperform on NVIDIA, Raises Price Target to $295",4
2020-02-13,NVDA,6.739030361175537,-0.0064577426618478,0.0702045621484988,0.0860110872807604,0.0212700599137937,0.3376517334200533,"NVIDIA shares are trading higher after the company reported better-than-expected Q4 EPS and sales results. Nvidia Trades Higher After Big Q4 Earnings Beat NVIDIA Corp Sees Q1 Of Fiscal 2021 Revenue Is Expected To Be $3B, Plus Or Minus 2 Percent vs $2.85B Est.; Co. Says While Ultimate Coronavirus Effect Is Difficult To Estimate, Reducing Revenue Outlook For Q1 By $100M To Account For Potential Impact NVIDIA Q4 Adj. EPS $1.89 Beats $1.66 Estimate, Sales $3.105B Beat $2.96B Estimate Coronavirus Fears Back On Big Earnings Day As Alibaba, PepsiCo, Nvidia All Report SunTrust Robinson Humphrey Maintains Buy on NVIDIA, Raises Price Target to $314 10 Biggest Price Target Changes For Thursday Nvidia's Q4 Earnings Outlook Cascend Maintains Buy on NVIDIA, Raises Price Target to $300 12 Stocks To Watch For February 13, 2020",11
2020-02-14,NVDA,7.212141036987305,0.0702045621484988,0.0233964978146052,-0.0569723971428413,0.0257514148114419,0.4087910369948446,"Mid-Afternoon Market Update: Dow Falls Over 100 Points; CarGurus Shares Slide UPDATE: Raymond James Reiterates Outperform On Nvidia, Raises Target To $300 Notes 'Strong Upside Before the Product Cycle Has Even Gotten Started' UPDATE: Rosenblatt On Nvidia Notes 'Although the market dynamics are different (more competition), from the missionary work Nvidia has done in AI training, we do believe the company's unambiguous leadership in GPU/GPU compute is intact' UPDATE: Rosenblatt Maintains Buy On Nvidia, Raises Target To $315 Notes 'Solid beat and raise with a conservative guide (coronavirus impact of ~$100 million) that suggests consensus estimates move up driven by a strong data center recovery' UPDATE: Morgan Stanley On Nvidia Notes 'That strong data center growth is particularly notable in that we see new products coming in the next quarter or two' UPDATE: Morgan Stanley Maintains Overweight On Nvidia Raises Target To $304 Notes 'As we had hoped for when we upgraded the stock in November, the data center business has surged, growing 33% q/q in January, well above other cloud providers' Nvidia Analysts Maintain Bullish Outlook Following Q4 Data Center, Gaming Strength 50 Stocks Moving In Friday's Mid-Day Session Mid-Day Market Update: ImmunoGen Surges On Upbeat Q4 Results; LivePerson Shares Plummet Stocks That Hit 52-Week Highs On Friday",31
2020-02-18,NVDA,7.380879878997803,0.0233964978146052,0.0611320224717286,-0.1163976443434634,0.0259266350432584,0.4115725719431649,"NVIDIA Option Alert: Fri $300 Calls Sweep (78) near the Ask: 571 @ $2.637 vs 9131 OI; Ref=$296.25 UPDATE: Argus On Nvidia Notes 'We believe that most technology investors should own NVDA in the age of deep learning, AI, and GPU-driven applications acceleration' UPDATE: Argus Reiterates Buy On Nvidia, Raises Target To $340 Notes 'We recommend establishing or adding to positions in this preeminent vehicle for participation in the AI economy' Susquehanna Upgrades Mellanox Technologies Ahead Of Chinese Decision On Nvidia Deal Market Taking A Step Back: Walmart Misses On Earnings, Apple Lowers Sales Guidance Argus Research Reiterates Buy on NVIDIA, Raises Price Target to $340 76 Biggest Movers From Friday",7
2020-02-19,NVDA,7.832087993621826,0.0611320224717286,-0.01906560084125,-0.1495072869969148,0.0281502947867426,0.4468720760332747,"Why AMD's Coronavirus Impact Could Be Worse Than Intel, Nvidia 51 Stocks Moving In Wednesday's Mid-Day Session Stocks That Hit 52-Week Highs On Wednesday NVIDIA shares are trading higher after Bernstein upgraded the stock from Market Perform to Outperform and raised its price target from $300 to $360 per share. Unfazed FAANGs: Pullback In Apple Didn't Carry Over To Other Big Tech Names Autonomous Yard Trucking Startup Drives Out Of Stealth With $53M In Series A 10 Biggest Price Target Changes For Wednesday A Peek Into The Markets: US Stock Futures Up Ahead Of Economic Data, Fed Minutes Bernstein Upgrades NVIDIA to Outperform, Raises Price Target to $360",9
2020-02-20,NVDA,7.682764530181885,-0.01906560084125,-0.0473921644992761,-0.1812403545820875,0.0290122087589513,0.4605545361652507,Shares of several semiconductor companies are trading lower potentially on coronavirus fears. NOTE: The market had a sharp selloff. Not seeing any news to justify the bearish price action. Stocks That Hit 52-Week Highs On Thursday China Stimulus Doesn't Translate Into US Strength As Deere Prepares To Report Friday 78 Biggest Movers From Yesterday,4
2020-02-21,NVDA,7.318661689758301,-0.0473921644992761,-0.0706978458786373,-0.0810641746022665,0.0318124216690713,0.5050065380345112,"Shares of several semiconductor companies are trading lower. Weakness potentially related to the ongoing conronavirus outbreak in China, which has hurt economic activity across sectors including the semi sector, which has China exposure.",1
2020-02-24,NVDA,6.801248073577881,-0.0706978458786373,-0.0410932262217077,0.0121319466368501,0.0362285159988412,0.5751098622111522,"Rough Start To New Week As Apple, Chip Stocks, Travel And Leisure Sector Hit Hard By Virus Shares of several semiconductor companies are trading lower amid continued spread of coronavirus including notable upticks in Iran and Italy. NOTE: The virus has raised fear of a global economic slowdown. 25 Technology Stocks Moving In Monday's Pre-Market Session",3
2020-02-25,NVDA,6.521762847900391,-0.0410932262217077,0.0213701297523865,0.0152608062160417,0.0362319980425781,0.5751651379418445,"UPDATE: Nomura Downgrades NVIDIA to Reduce, Lowers Price Target to $230 As Firm Notes 'In our view, the risks to the global semiconductor industry posed by the COVID-19 outbreak have grown over the last few weeks.' Earnings To The Rescue? HP, Macy's, Home Depot All Report Solid Results, Providing Lift Shares of several semiconductor companies are trading higher as markets partially rebound from Monday's dip. NOTE: While some markets recover, coronavirus fears still persist globally. Nomura Downgrades NVIDIA to Reduce, Lowers Price Target to $230",4
2020-02-26,NVDA,6.661133766174316,0.0213701297523865,-0.0556656294002395,0.0636285999193952,0.0358771040066022,0.569531369776011,"Shares of several semiconductor companies are trading higher. Not seeing any news to justify the price action. March Outlook: Political Season Starts To Sizzle, But Coronavirus Still Hogs Headlines Shares of several semiconductor companies are trading higher. Strength potentially market related as equities begin to rebound from recent selloffs.",3
2020-02-27,NVDA,6.290337562561035,-0.0556656294002395,0.0691604947742512,0.081908040710763,0.0382242465823981,0.606791103059016,"'AMD has sold more GPUs than Nvidia, according to this analyst report' -TechRadar Department Of Correction: Both DJIA And SPX On Verge Of 10% Decline From Peaks Shares of companies in the software, technology and semiconductor spaces are trading lower as continued coronavirus fears cause weakness across sectors.",3
2020-02-28,NVDA,6.7253804206848145,0.0691604947742512,0.0235496019078078,-0.0149220672362627,0.0410513839292484,0.6516705171109499,"NVIDIA shares are trading higher despite broader market downturn. Mizuho analyst today noted that online gaming and ecommerce cloud remain strong amid the coronavirus outbreak, which the firm said is an advantage for NVIDIA.",1
2020-03-02,NVDA,6.883760452270508,0.0235496019078078,-0.0381289045691234,-0.1121080122236375,0.0398961755231933,0.6333321521817104,What To Expect From AMD's Analyst Day NVIDIA Says Will Shift Its GTC Chip Conference Scheduled For Mar. 22-26 To Only Online,2
2020-03-03,NVDA,6.62129020690918,-0.0381289045691234,0.0700289762558321,-0.018090211533293,0.0411787749400206,0.6536927867135605,Shares of several technology companies are trading lower in sympathy with the overall market. The Fed cut rates to combat the coronavirus outbreak which caused an initial spike but then continued to trade lower. 3 ETFs For Stocks With Positive Earnings Revisions Spread of Coronavirus Beyond China to Impact 2020 Semiconductor Market,3
2020-03-04,NVDA,7.084972381591797,0.0700289762558321,-0.0394363702246776,-0.1337037758919884,0.0433722321457603,0.6885128403806589,Shares of several technology companies are trading higher after Joe Biden took the delegate lead on Super Tuesday. Biden's more 'moderate' economic policies have been seen as more favorable for growth.,1
2020-03-05,NVDA,6.805566787719727,-0.0394363702246776,-0.026528715607875,-0.2084964814380406,0.0446033348422161,0.7080559898198778,"Shares of several technology, semiconductor, and software companies are trading lower as global markets continue to experience volatility amid the coronavirus spread.",1
2020-03-06,NVDA,6.62502384185791,-0.026528715607875,-0.0774318859464323,-0.0947225508688049,0.0451053326763755,0.7160249583871503,Shares of several technology companies are trading lower. Movement appears market related as markets continue to dip amid the global coronavirus outbreak. 21 Technology Stocks Moving In Friday's Pre-Market Session,2
2020-03-09,NVDA,6.112035751342773,-0.0774318859464323,0.0637224536873057,-0.1998044448577564,0.0485332586902071,0.7704415968591155,"Shares of several companies in the technology, software and semiconductor space are trading lower as equities crash amid coronavirus fears. The virus spread has disrupted economic activity across sectors and caused global macro uncertainty. Here's How Much Investing $100 In Adobe Stock Back In 2010 Would Be Worth Today",2
2020-03-10,NVDA,6.501509666442871,0.0637224536873057,-0.0559600558987415,-0.1678030846987389,0.0496062411034745,0.7874746646190246,Shares of several technology companies are trading higher as markets look to rebound from Monday's selloff. The technology sector has been highly impacted by the coronavirus due to its China exposure and sensitivity to economic conditions.,1
2020-03-11,NVDA,6.1376848220825195,-0.0559600558987415,-0.1223677633448619,-0.1771005724359674,0.0509811489030011,0.8093006492981663,"Despite Volatility, FANG Continues to Prove Its Popularity Shares of several companies in the technology, software and semiconductor space are trading lower as equities sell off amid coronavirus fears. The virus spread has disrupted economic activity across sectors and caused global macro uncertainty.",2
2020-03-12,NVDA,5.386630058288574,-0.1223677633448619,0.1134020007113656,-0.015440688165677,0.0572480192092701,0.9087841312726648,"Shares of several technology, software and semiconductor companies are trading lower as equities sell off amid continued global coronavirus concerns. The virus has caused global economic disruption and negatively impacted stocks across sectors.",1
2020-03-13,NVDA,5.9974846839904785,0.1134020007113656,-0.1845208285149269,-0.145698114836674,0.0635521060365089,1.008858407202056,"Shares of several technology, software and semiconductor companies are trading higher as equities rebound following Thursday's crash. The sector has been negatively impacted recently as the coronavirus outbreak has disrupted economic outlook globally.",1
2020-03-16,NVDA,4.890823841094971,-0.1845208285149269,0.1062627616544378,0.0829428200859117,0.0727764197078288,1.1552898471394504,Shares of several technology stocks are trading lower amid demand and supply chain disruption concerns driven by coronavirus. Nvidia Urges Gamers To Use Their Gaming PCs To Fight Coronavirus,2
2020-03-17,NVDA,5.410536289215088,0.1062627616544378,-0.0665070786554383,0.1468681205321327,0.0773877118735142,1.228491840897834,"All The Major Events Canceled By Coronavirus (Updated) Shares of several technology, semiconductor, and software companies are trading higher, rebounding from Monday's crash. Stocks may also potentially be getting a boost from expectations of further stimulus proposals.",2
2020-03-18,NVDA,5.050697326660156,-0.0665070786554383,0.0500444671868036,0.2110246523817796,0.0762520531384784,1.2104638173749764,"Morgan Stanley Maintains Overweight on NVIDIA, Lowers Price Target to $268 Shares of several technology, software and semiconductor companies are trading lower as equities sell off amid continued global coronavirus concerns. The virus has caused global economic disruption and negatively impacted stocks across sectors. 11 Technology Stocks Moving In Wednesday's Pre-Market Session",3
2020-03-19,NVDA,5.303456783294678,0.0500444671868036,-0.0339013437593703,0.2078695180924918,0.0777928418057426,1.234923079193903,"Esports, Gaming Thrive, Adapt As Nation Grapples With Pandemic Shares of several technology companies are trading higher, rebounding from earlier weakness. Markets have been volatile amid the coronavirus outbreak, with central banks and governments around the world enacting stimulus measures. Shares of several technology, software and semiconductor companies are trading lower amid continued global coronavirus concerns. The virus has caused global economic disruption and negatively impacted supply chains for many tech companies. UPDATE: Several stocks in the sector have since reversed.",3
2020-03-20,NVDA,5.12366247177124,-0.0339013437593703,0.0337297962540874,0.2283349832328207,0.0775590624757383,1.231211947380752,"Why BofA Says AMD, Nvidia Are High-Quality, High-Beta Stocks In A Volatile Market Wells Fargo Maintains Overweight on NVIDIA, Lowers Price Target to $280 Shares of several technology companies are trading higher. Market strength has been attributed to strong containment measures taken by California, rebound in oil, central bank actions and expectations of increased technology usage amid the virus outbreak.",3
2020-03-23,NVDA,5.296482563018799,0.0337297962540874,0.1715646207180732,0.2487192245908158,0.0771070623013207,1.2240366670563505,"Shares of several technology, software, and semiconductor companies are trading higher as stocks move higher following Monday morning Fed stimulus action.",1
2020-03-24,NVDA,6.205171585083008,0.1715646207180732,-0.0142868911138454,0.057869524362516,0.0866011257360168,1.3747502517344166,"Nvidia Analyst Says Pandemic Creates More Data Center Demand 75 Stocks Moving In Tuesday's Mid-Day Session UPDATE: Needham On NVIDIA Notes 'we believe the transition to AI, whether from hyperscalers, enterprise or verticals, will accelerate during this COVID-19 outbreak as the shift to private and public cloud will grow' UPDATE: Needham Upgrades NVIDIA To Buy, Announces $270 Target Notes 'During this uncertain time, superior balance sheets remain supreme'; Firm Believes 'GPUs for medical applications will ramp in light of the COVID-19 pandemic' RUMOR: Hearing Dealreporter Speculation China Has Reached A Deal For NVIDIA/Mellanox Deal Rise In Semiconductor, Cloud Computing Stocks Could Set Tone For Broader Economy Shares of several technology companies are trading higher amid market strength on hopes of a US economic stimulus package agreement. NVIDIA shares are trading higher as equities gain amid hopes of a US stimulus agreement. Needham also upgraded the company's stock from Hold to Buy. 26 Stocks Moving in Tuesday's Pre-Market Session Needham Upgrades NVIDIA to Buy, Announces $270 Price Target",10
2020-03-25,NVDA,6.116518974304199,-0.0142868911138454,0.0473087414547288,-0.0103821000103685,0.086529286387078,1.3736098374245718,"Airline Shares Jump As Stimulus Agreement Offers Relief, While Nike Up On Earnings 120 Biggest Movers From Yesterday",2
2020-03-26,NVDA,6.4058837890625,0.0473087414547288,-0.0175323087971873,-0.0068807674076262,0.0861470436111029,1.3675419214704838,Shares of several semiconductor companies are trading higher following a strong Q2 earnings report from Micron.,1
2020-03-27,NVDA,6.29357385635376,-0.0175323087971873,0.0508845609993984,-0.0348989031472398,0.084893445544817,1.3476416691059403,"Mellanox Shares Volatile Over Last Few Mins. On Volume Spike; Hearing Capitol Forum Says Deal Approval 'In Trouble,' Recent Talks Failed To Address Objections",1
2020-03-30,NVDA,6.613819599151611,0.0508845609993984,-0.0074930507415726,0.010580176111566,0.0855078046078063,1.3573943168841516,Shares of several technology companies are trading higher as equities continue to rise following last week's rebound amid US stimulus measures.,1
2020-03-31,NVDA,6.5642619132995605,-0.0074930507415726,-0.0778831279821563,-0.0173366685420254,0.0850332890611546,1.3498616161061052,"Option Traders Make Massive Multimillion Dollar Bets On Nvidia, Microsoft NVIDIA shares are trading higher amid tech sector strength. Susquehanna analysts maintained a 'Positive' rating on the stock. Susquehanna Maintains Positive on NVIDIA, Raises Price Target to $330",3
2020-04-01,NVDA,6.053016662597656,-0.0778831279821563,0.0510141880130732,0.0982433881073532,0.0853328986268786,1.354617770514036,"Some Staples Stocks Bouncing Back After Sliding In Recent Rally As Caution Tightens Grip Shares of several technology, semiconductor, and software companies are trading lower amid market weakness as macro concerns continue to grow as a result of the coronavirus pandemic. The White House said it expects a surge in cases over the next 2 weeks.",2
2020-04-03,NVDA,6.073935031890869,-0.0452499405059709,0.1004060695723374,0.1063504256763148,0.0861790244901986,1.3680496021872632,"Despite Near-Term Volatility, Nvidia Analyst Remains Bullish On Data Center Positioning, Gaming Dominance Shares of several semiconductor and chip companies are trading lower amid overall equity weakness. Macro disruption as a result of the coronavirus pandemic has affected businesses across sectors.",2
2020-04-06,NVDA,6.683794975280762,0.1004060695723374,-0.034910630241963,0.0579357796790653,0.0870221846400442,1.3814343546186114,Shares of several semiconductor and large technology stocks are trading higher with the broader market on optimism that coronavirus cases in several US hotspots appear to be reaching their peak.,1
2020-04-07,NVDA,6.4504594802856445,-0.034910630241963,0.0305755036704975,0.084198712646166,0.0864992455300605,1.373132953603534,"Semiconductors Continue To Lead Rally Efforts, While Consumer Staples Keep Lagging Shares of several technology, semiconductor, and software companies are trading higher amid optimism that coronavirus cases in Asia are potentially easing. Global slowing cases could raise hopes of a sooner return to spending and economic activity.",2
2020-04-08,NVDA,6.647685527801514,0.0305755036704975,-0.0149841401824103,0.1039521183495804,0.085543254577155,1.3579570677014396,Shares of several technology companies are trading higher amid overall market strength on optimism that US coronavirus cases could soon leveling off. NOTE: Some names in the sector have potentially benefited from recent work-at-home trends.,1
2020-04-09,NVDA,6.5480756759643555,-0.0149841401824103,0.0262405232622915,0.1116943908198984,0.0801619617604684,1.2725316925516137,Will FANG Lead The Market Rebound?,1
2020-04-14,NVDA,7.071025848388672,0.0522515526352631,-0.0109525810748333,-0.0508539474230791,0.0622498007084494,0.9881849510273368,"Shares of several technology companies are trading higher as markets gain on positive coronavirus outlook. Optimism surrounding the virus has led to hopes of an upcoming return to economic activity, which would benefit the sector.",1
2020-04-15,NVDA,6.993579864501953,-0.0109525810748333,0.049351928872404,0.018907381397188,0.0591803024304093,0.9394581764667276,"Shares of several technology companies are trading lower as equities fall amid mixed earnings results from banks, a significant decline in the price of oil and worse than expected retail sales in March.",1
2020-04-16,NVDA,7.33872652053833,0.049351928872404,-0.0080759953022739,-0.0362743069148512,0.056438837548334,0.8959387706307972,"NVIDIA Says Mellanox Deal Closing Expected To Occur On Or About Apr. 27 NVIDIA shares are trading higher after the company received Chinese approval for its acquisition of Mellanox. Alibaba, Tesla Among Cramer's Stay-At-Home Stock Ideas Cramer Shares His Thoughts On Yext, Workday And More Hearing Mellanox Reportedly Receives China approval For NVIDIA Merger Software Rises Above Semiconductors And Hardware As Tech Heads Into Earnings Season",6
2020-04-17,NVDA,7.279458999633789,-0.0080759953022739,-0.0180284043135484,-0.0093391043651397,0.0563233633166961,0.894105674032296,"UBS Maintains Buy on NVIDIA, Raises Price Target to $330",1
2020-04-20,NVDA,7.148221969604492,-0.0180284043135484,-0.0611041039008444,0.0349418460843065,0.0556704396048889,0.8837408314330626,"Nvidia, Marvell, Monolithic Are Oppenheimer's Top Picks Ahead Of Semiconductor Earnings",1
2020-04-21,NVDA,6.7114362716674805,-0.0611041039008444,0.0617414600826349,0.0810728913068097,0.0582564168877066,0.924791948151451,Shares of several technology companies are trading lower amid overall market weakness following a collapse in oil prices. Oil has been negatively impacted by excess supply and low demand amid the coronavirus pandemic. A Look Into NVIDIA's Price Over Earnings,2
2020-04-22,NVDA,7.125810146331787,0.0617414600826349,-0.0074785663481444,0.0430195396692445,0.0465732176953529,0.7393269106678604,"Shares of several semiconductor companies are trading higher, potentially in sympathy with Texas Instruments, which reported better-than-expected Q1 financial results.",1
2020-04-23,NVDA,7.072519302368164,-0.0074785663481444,0.0196473228287634,0.0291189785862437,0.0464266739820996,0.7370006013390502,"Shares of several semiconductor companies are trading higher. Strength potentially related to earnings from notable names in the space this week as well as overall market strength amid a rebound in oil. Eli Lilly Kicks Off Earnings Day With A Beat And Investors Prepare For Intel After Close Taiwan Semiconductor Seeing Ramp-up in Orders from AMD, Nvidia",3
2020-04-24,NVDA,7.211475372314453,0.0196473228287634,0.0258641483883423,-0.0235160901269277,0.0456083632343533,0.724010320936803,"Nvidia Reportedly Eyeing 5nm Chips Even As Apple, AMD Ramp Up Orders",1
2020-04-27,NVDA,7.397994041442871,0.0258641483883423,-0.0192541688479287,-0.0194898805121691,0.0454156522668589,0.7209511291673731,Why Nvidia's Stock Is Trading Higher Today NVIDIA shares are trading higher potentially on overall market strength as some states announced their plans to reopen in phases. The company also announced the completion of the acquisition of Mellanox. A Peek Into The Markets: US Stock Futures Signal Higher Start On Wall Street NVIDIA Completes Acquisition of Mellanox,4
2020-04-28,NVDA,7.255551815032959,-0.0192541688479287,0.0243685674186933,0.008168640959727,0.0447212416908295,0.7099277030156919,"Morgan Stanley Maintains Overweight on NVIDIA, Raises Price Target to $282 'I've Been Dreaming About This,' Nvidia CEO Says After $7B Mellanox Acquisition Deal Finally Closed",2
2020-04-29,NVDA,7.432359218597412,0.0243685674186933,-0.0207061275681768,-0.0022447217633756,0.0447983192244446,0.711151270929387,"Shares of several technology companies are trading higher amid market strength following positive data from a study of Gilead's Remdesivir, which is being evaluated for coronavirus. A successful treatment could mean a sooner return to economic activity. NOTE: Some names may also be moving in sympathy following recent earnings from Google and some semiconductor companies. May Market Outlook: No Spring Fling This Year As Dismal Data, Weak Earnings Seen Ahead",2
2020-04-30,NVDA,7.278463840484619,-0.0207061275681768,-0.0325033108851552,0.0430748861130847,0.0407235118404176,0.6464657090576357,"NVIDIA To Report Q1 Earnings Thurs., May 21, 2020",1
2020-05-01,NVDA,7.041889667510986,-0.0325033108851552,0.0300939611440018,0.10509948155843,0.0405821311600523,0.6442213603350213,Shares of several technology companies are trading lower on market weakness as investor uncertainty grows following quarterly earnings results from multiple companies. NOTE: This could potentially be a sell-off after the S&P 500 rallied 12.7% over the past month.,1
2020-05-04,NVDA,7.25380802154541,0.0300939611440018,0.0084110016487932,0.1075563795650609,0.0390563078150578,0.6199996656421893,"Susquehanna Maintains Positive on NVIDIA, Raises Price Target to $355 NVIDIA Shares Unaffected Following Report 'Nvidia Plans To Buy Cumulus Networks In Networking Software Play'",2
2020-05-07,NVDA,7.591982841491699,0.0237749343339634,0.0250271613138979,0.053629353237268,0.0311302130869863,0.4941768125316853,"NVIDIA shares are trading higher after SunTrust analysts maintained a Buy rating on the stock and raised their price target from $294 to $327. The tech sector has been strong this week amid a rebound in economic sentiment. SunTrust Robinson Humphrey Maintains Buy on NVIDIA, Raises Price Target to $327",2
2020-05-08,NVDA,7.781988620758057,0.0250271613138979,0.0323841041057995,0.0868159234922179,0.0309197244206877,0.4908354085427422,Shares of several technology companies are trading higher amid market strength after US job loss figures came in better than expected. The sector has been strong recently as several companies reported strong earnings and benefited from online services.,1
2020-05-11,NVDA,8.034001350402832,0.0323841041057995,-0.0326082608314248,0.0848981293433335,0.0311285464873303,0.494150356082336,"Why Nvidia Has A New Street-High Price Target Stocks That Hit 52-Week Highs On Monday 10 Biggest Price Target Changes For Monday Needham Maintains Buy on NVIDIA, Raises Price Target to $360",4
2020-05-12,NVDA,7.772026538848877,-0.0326082608314248,-0.0028835910844516,0.1285485886018025,0.030765854946228,0.4883928063600351,"""Stay at Home"" Stocks Still Rule the Roost as Nvidia, Microsoft, Apple Start Week Firmly 2 Options Strategies For Nvidia Ahead Of Earnings Stocks That Hit 52-Week Highs On Tuesday Not Just Fun And Games: How Esports Could Offer Potential Investment Opportunities",4
2020-05-13,NVDA,7.74961519241333,-0.0028835910844516,0.0321978282096226,0.1529563433597374,0.0305955027225194,0.485688548644717,"Another Nvidia Analyst Boosts Price Target Ahead Of Q1 Report Wedbush Maintains Outperform on NVIDIA, Raises Price Target to $340",2
2020-05-14,NVDA,7.999135971069336,0.0321978282096226,0.0573128372944102,0.0927405384692969,0.0295258895679469,0.4687089662084643,"NVIDIA Datasheet Shows DGX A100 To Use Dual AMD Rome 7742 Nvidia CEO Talks New Ampere-Based GPU, Advanced AI System In GTC 2020 Keynote NVIDIA Highlights Expansion Of Its Clara Healthcare Platform With New Capabilities, Partnerships To Help Medical Community Track, Test, Treat Coronavirus",3
2020-05-15,NVDA,8.457589149475098,0.0573128372944102,0.0305623602838158,0.0630685832038946,0.0315816370072135,0.5013429451044067,"Nvidia Analyst Says New, Ampere-Based Data Center GPU Makes Chipmaker 'Unassailable' Quick Retreat: Impressive Thursday Turnaround Halted in Its Tracks Amid Fresh Trade Tiff Raymond James Reiterates Outperform on NVIDIA, Raises Price Target to $330",3
2020-05-18,NVDA,8.716073036193848,0.0305623602838158,0.0063143739814091,-0.003713893537532,0.031341840393752,0.4975362918776792,"BMO Turns Bullish On Nvidia, Says It's Uniquely Positioned For Computing Shift Walmart, Target And Home Depot Among Major Retailers Set To Report Earnings In Days Ahead Stocks That Hit 52-Week Highs On Monday Benzinga's Top Upgrades, Downgrades For May 18, 2020 10 Biggest Price Target Changes For Monday NVIDIA shares are trading higher after BMO Capital upgraded the company's stock from Market Perform to Outperform and raised its price target from $285 to $425. BMO Capital Upgrades NVIDIA to Outperform, Raises Price Target of $425",7
2020-05-19,NVDA,8.771109580993652,0.0063143739814091,0.0186816060366361,-0.0318266206742831,0.0264935117558384,0.4205714607762885,"Nvidia Investors Accuse Chipmaker Of Misrepresenting $1B In Crypto Revenue In Lawsuit Stocks That Hit 52-Week Highs On Tuesday Walmart Earnings Look Strong Across the Board, But Home Depot Down After Missing on EPS NVIDIA shares are trading higher after Susquehanna and RBC Capital maintained their bullish ratings on the company's stock along with raising their price targets. Susquehanna Maintains Positive on NVIDIA, Raises Price Target to $410 RBC Capital Maintains Outperform on NVIDIA, Raises Price Target to $385",6
2020-05-20,NVDA,8.934967994689941,0.0186816060366361,-0.0217110846384451,-0.0538460216588911,0.0240276027785406,0.3814263693183787,"Chop Chop: Strong Earnings Lift Markets After Tuesday Thud; FOMC Minutes Ahead Benzinga Pro's Top 5 Stocks To Watch For Wednesday, May 20, 2020: BABA, SPOT, NVDA, SGBX, JD",2
2020-05-21,NVDA,8.74098014831543,-0.0217110846384451,0.0286028754093301,0.0114241517887243,0.0248215859381753,0.3940304612317785,"Nvidia Reports Q1 Earnings Beat NVIDIA Sees Q2 Sales $3.65B +/- 2% vs $3.15B Estimate, Gross Margins 58.6-66% NVIDIA Q1 Adj. EPS $1.800 Beats $1.680 Estimate, Sales $3.080B Beat $2.980B Estimate Here's How Long It Took Nvidia To Reach A $100B Market Cap Climate Change: Up And Down Pattern Continues As Week Advances And Powell Awaited Credit Suisse Reinstates Outperform on NVIDIA, Announces $425 Price Target A Peek Into The Markets: US Stock Futures Down Ahead Of Earnings, Jobless Claims Data 8 Stocks To Watch For May 21, 2020 Earnings Scheduled For May 21, 2020",9
2020-05-22,NVDA,8.990997314453125,0.0286028754093301,-0.0341780599897494,-0.0243733813731047,0.0250665382805112,0.3979189591170806,"9 Nvidia Analysts On Q1 Beat, Ampere GPU: 'A Pure Play In Accelerated Computing' Moderna, NVIDIA, Deere Form Bright Spots Amid Worries Over U.S.-China Relationship Cascend Maintains Buy on NVIDIA, Raises Price Target to $380 Piper Sandler Maintains Overweight on NVIDIA, Raises Price Target to $390 UBS Maintains Buy on NVIDIA, Raises Price Target to $400 NVIDIA shares are trading higher after the company reported better-than-expected Q1 EPS and sales results. B of A Securities Reiterates Buy on NVIDIA, Raises Price Target to $420 Deutsche Bank Maintains Hold on NVIDIA, Raises Price Target to $315 Raymond James Reiterates Outperform on NVIDIA, Raises Price Target to $370 Oppenheimer Maintains Outperform on NVIDIA, Raises Price Target to $400",20
2020-05-26,NVDA,8.68370246887207,-0.0341780599897494,-0.0220813260349049,0.0123310887613032,0.0267783214222347,0.4250926740659201,"Stocks That Hit 52-Week Highs On Tuesday 3 Non-Semiconductor ETFs Benefiting From Nvidia Exposure NVIDIA shares are trading higher after Morgan Stanley maintained its Overweight rating on the stock and raised its price target from $282 to $363 per share. Morgan Stanley Maintains Overweight on NVIDIA, Raises Price Target to $363",4
2020-05-27,NVDA,8.491954803466797,-0.0220813260349049,-0.0044865157460418,0.028650137122296,0.0269388763209837,0.4276414040690979,"Chip Stocks Move Higher Following Strong Guidance Out Of Memory Manufacturer Micron: Intel Shares Up 0.1%, AMD Down 3.3%, NVIDIA Down 4% Shares of several companies in the broader technology sector are trading lower despite market strength. Weakness potentially related to business reopenings and eased lockdown restrictions, as several names in the tech sector have benefited from work-from-home, home entertainment and e-commerce trends amid the pandemic.",2
2020-05-28,NVDA,8.453855514526367,-0.0044865157460418,0.0457759086514653,0.0334037639982356,0.0268020998095895,0.4254701442630328,Synopsys' Silicon-Proven DesignWare DDR IP for High-Performance Cloud Computing Networking Chips Selected by NVIDIA,1
2020-06-02,NVDA,8.79078197479248,0.0021575440983749,-0.0063170150197394,0.0254813430054863,0.0255040826509093,0.4048647606668582,"Why BofA Recommends Buying GPU Plays AMD and Nvidia Cramer Weighs In On Ciena, Harley-Davidson And More",2
2020-06-08,NVDA,8.774613380432129,-0.0128926849437754,0.0273709523979797,0.0418798308721293,0.025753651264485,0.4088265395862699,Afternoon Market Stats in 5 Minutes Shares of some technology companies are trading lower despite market strength. The sector has performed well this year to date and appears to be giving back some gains following run up. Morning Market Stats in 5 Minutes,3
2020-06-09,NVDA,9.014782905578612,0.0273709523979797,0.0354577561825026,0.0024871240287811,0.0255099934275761,0.4049585913375526,Shares of several technology companies are trading higher despite market weakness. The sector recently experienced some welling and appears to be rebounding following dip.,1
2020-06-10,NVDA,9.334426879882812,0.0354577561825026,-0.0609070055791585,-0.0139590324990478,0.0246008027167581,0.390525636246626,Shares of several technology companies are trading higher on continued volatility despite market weakness. The sector sold off recently as other sectors gained amid US economic reopening and appears to be rebounding. Afternoon Market Stats in 5 Minutes Morning Market Stats in 5 Minutes,3
2020-01-06,ORCL,49.2315673828125,0.0052082375955806,0.0022207913365814,0.014488336990615,,,Pros Discuss Apple Stock One Year After Profit Scare,1
2020-01-08,ORCL,49.53306579589844,0.0038946466950473,0.0046184013980659,0.011638534790997,,,"Oracle Option Alert: Jan, 2021 $80 Calls Sweep (20) near the Ask: 1783 @ $0.15 vs 129 OI; Ref=$54.16 Oracle Option Alert: Jan, 2021 $80 Calls Sweep (44) near the Ask: 2103 @ $0.15 vs 129 OI; Ref=$54.155",2
2020-01-13,ORCL,49.94485092163086,0.0023876940848395,0.0054964799965904,0.0117257323388995,,,Oracle Option Alert: Jun 19 $70 Calls at the Ask: 4980 @ $0.101 vs 1910 OI; Earnings 3/12 After Close [est] Ref=$54.535,1
2020-01-17,ORCL,50.448143005371094,-0.005412118744877,0.0016323270782094,-0.0442594519125532,,,83 Software—Infrastructure Stocks Moving In Friday's Session,1
2020-01-23,ORCL,50.31087493896485,0.0047515206846944,-0.0165516009394106,-0.0303745768913888,,,Amazon Urges Court To Halt Progress On Microsoft's JEDI Contract With The Pentagon,1
2020-01-27,ORCL,48.215335845947266,-0.0255226515758958,0.0146141881697974,0.0075918394925187,,,Microsoft Prepares To Report Earnings Amid Surge In Cloud Services Race,1
2020-01-29,ORCL,48.68204498291016,-0.0048634306957812,0.0020676702628943,0.0289472269616617,,,"The Three ""Cs"" Of Amazon Earnings: Consumers, Cloud, And Competitors",1
2020-01-31,ORCL,47.995723724365234,-0.0161323506170936,0.012202237344429,0.0432794504375411,0.0097618595253242,0.1549647158253303,Nothing But Blue Skies For Microsoft,1
2020-02-04,ORCL,49.4506950378418,0.0178940186569365,0.0129535115665473,0.0205403710795857,0.010917519917615,0.1733102558136225,"Oracle shares are trading higher. Strength potentially related to overall market rebound as stocks move higher, reversing from last week's coronavirus-drive selloff.",1
2020-02-10,ORCL,50.32001495361328,0.0049340546523155,0.0029096913143644,0.0083652677678645,0.0112611484823769,0.1787651901680515,Tech Companies Who Have Superpowers To Change Their Industry- And The World,1
2020-02-11,ORCL,50.4664306640625,0.0029096913143644,0.0105169730129819,0.0052584109176843,0.011266225855988,0.1788457909753809,"Piper Sandler Remains Bullish On Slack On Broader Enterprise Adoption Amazon Wants To Depose Trump, Pentagon Officials In $10B JEDI Contract Protest",2
2020-02-13,ORCL,50.61284255981445,-0.007536537466958,0.0028929322626651,-0.0113903884825977,0.0115722422448279,0.1837036505472641,"Benzinga Pro's Top 5 Stocks To Watch For Thurs., Feb. 13, 2020: FXI, TSLA, BABA, NIO, CAT Tesla Announces $2B Offering, Musk To Buy $10M In Common Stock",2
2020-02-14,ORCL,50.75926208496094,0.0028929322626651,-0.0003606579651825,-0.050838118307837,0.0112606782780995,0.1787577259065501,Tesla Prices 2.65M-Share Offering At $767,1
2020-02-26,ORCL,47.62970352172851,0.0213894066843041,-0.024399718048628,-0.0290103806383567,0.014859310316956,0.2358842385156123,"Oracle shares are trading higher. Not seeing any company-specific news to justify the price action. March Outlook: Political Season Starts To Sizzle, But Coronavirus Still Hogs Headlines Oracle Option Alert: Mar 20 $60 Calls at the Ask: 5000 @ $0.101 vs 33661 OI; Earnings 3/12 After Close [est] Ref=$52.87 Shares of several software companies are trading higher. Movement appears related to overall market rebound, as the sector has heavily sold off amid recent global weakness. Here's The List Of Top Overpaid Executives In 2019",5
2020-02-27,ORCL,46.467552185058594,-0.024399718048628,-0.0259945046419931,-0.0547460469789897,0.0157275322374174,0.2496668342217477,"Shares of companies in the software, technology and semiconductor spaces are trading lower as continued coronavirus fears cause weakness across sectors.",1
2020-02-28,ORCL,45.25965118408203,-0.0259945046419931,0.0291147255023496,-0.0422562312961659,0.016556096863801,0.2628198899010839,"Stocks That Hit 52-Week Lows On Friday Shares of companies in the technology, semiconductor, and software sector are trading lower as fears of a possible pandemic escalate, with cases of the new coronavirus surging outside China.",2
2020-03-03,ORCL,44.701454162597656,-0.0402753354448849,0.0345960452348641,-0.0055270349126462,0.0194852091019901,0.3093181051677482,Big Tech Might Be Leading Us To A New Economic Downturn – Here's Why,1
2020-03-04,ORCL,46.247947692871094,0.0345960452348641,-0.0502575880376342,-0.1151564276748318,0.0207861100157586,0.3299692669567572,"Benzinga's Top Upgrades, Downgrades For March 4, 2020 Oracle shares are trading higher after Societe Generale upgraded the stock from Hold to Buy. Societe Generale Upgrades Oracle to Buy, Lowers Price Target to $61",3
2020-03-05,ORCL,43.92363739013672,-0.0502575880376342,-0.0131247895012105,-0.1708333919559977,0.0229082656508248,0.3636574432793141,"Shares of several technology, semiconductor, and software companies are trading lower as global markets continue to experience volatility amid the coronavirus spread.",1
2020-03-06,ORCL,43.34714889526367,-0.0131247895012105,-0.0287100590986953,0.0118214991470269,0.0229147817097893,0.3637608825086037,Stocks That Hit 52-Week Lows On Friday Shares of several technology companies are trading lower. Movement appears market related as markets continue to dip amid the global coronavirus outbreak.,2
2020-03-09,ORCL,42.1026496887207,-0.0287100590986953,0.0558572439849136,-0.0715064849849465,0.0233497066253062,0.3706651015012658,"Cleveland Research Upgrades Oracle to Buy Shares of several companies in the technology, software and semiconductor space are trading lower as equities crash amid coronavirus fears. The virus spread has disrupted economic activity across sectors and caused global macro uncertainty.",2
2020-03-10,ORCL,44.45438766479492,0.0558572439849136,-0.0794564631541334,-0.0354054777421727,0.0273163198780111,0.4336331347842461,The Main Challenges Faced By The Upcoming EV Era Shares of several technology companies are trading higher as markets look to rebound from Monday's selloff. The technology sector has been highly impacted by the coronavirus due to its China exposure and sensitivity to economic conditions.,2
2020-03-11,ORCL,40.92219924926758,-0.0794564631541334,-0.1100181784979159,0.057021252557327,0.0317753062570205,0.5044173491339468,"Shares of several companies in the technology, software and semiconductor space are trading lower as equities sell off amid coronavirus fears. The virus spread has disrupted economic activity across sectors and caused global macro uncertainty.",1
2020-03-12,ORCL,36.420013427734375,-0.1100181784979159,0.2042713072026318,0.1324123667370251,0.038425554790522,0.6099867717924482,"10 Stocks Moving In Thursday's After-Hours Session From Conf Call: Oracle Expects Non-GAAAP EPS to Grow Between 3% to 9% and Be Between $1.20-$1.28 in Q4 vs $1.23 Est Oracle Reports Q3 Earnings Beat Oracle shares are trading higher after the company reported better-than-expected Q3 EPS and sales results. Oracle Q3 Adj. EPS $0.97 Beats $0.96 Estimate, Sales $9.796B Beat $9.75B Estimate Stocks That Hit 52-Week Lows On Thursday Morning Market Stats In 5 Minutes Shares of several technology, software and semiconductor companies are trading lower as equities sell off amid continued global coronavirus concerns. The virus has caused global economic disruption and negatively impacted stocks across sectors. Oracle's Q3 Earnings Preview 8 Stocks To Watch For March 12, 2020",11
2020-03-13,ORCL,43.85957717895508,0.2042713072026318,-0.1087000898019356,-0.0475691072643895,0.0625112378978184,0.9923351377465428,"88 Stocks Moving In Friday's Mid-Day Session Adobe Beats Q1 Targets, But Expects A Coronavirus-Caused Hit In Q2 Oracle Might Not Challenge Cloud Providers But Investors Are Pleased UBS Maintains Neutral on Oracle, Lowers Price Target to $44 Wells Fargo Maintains Overweight on Oracle, Lowers Price Target to $55 Oracle shares are trading higher after the company reported better-than-expected Q3 EPS and sales results. Strength also potentially related to overall market rebound following Thursday's crash. 10 Biggest Price Target Changes For Friday 30 Stocks Moving in Friday's Pre-Market Session Raymond James Maintains Outperform on Oracle, Lowers Price Target to $56 A Peek Into The Markets: US Stock Futures Rebound; Dow Futures Up Over 700 Points",11
2020-03-16,ORCL,39.092037200927734,-0.1087000898019356,0.0969103147883392,0.0344103086894354,0.0665818582268634,1.0569542321810446,"Morgan Stanley Maintains Equal-Weight on Oracle, Lowers Price Target to $53 Shares of several technology stocks are trading lower amid demand and supply chain disruption concerns driven by coronavirus. 144 Biggest Movers From Friday",3
2020-03-17,ORCL,42.88045883178711,0.0969103147883392,0.008749334458989,0.0209133557901066,0.0708147859966324,1.1241498773600929,"Shares of several technology, semiconductor, and software companies are trading higher, rebounding from Monday's crash. Stocks may also potentially be getting a boost from expectations of further stimulus proposals.",1
2020-03-19,ORCL,41.24247360229492,-0.0465410052997542,0.0128688363938029,0.1200354216499943,0.0714406377543472,1.1340849660111283,"Shares of several technology, software and semiconductor companies are trading lower amid continued global coronavirus concerns. The virus has caused global economic disruption and negatively impacted supply chains for many tech companies. UPDATE: Several stocks in the sector have since reversed.",1
2020-03-20,ORCL,41.773216247558594,0.0128688363938029,-0.0319824542915373,0.0915665062309838,0.0715696673401153,1.1361332471854,"Shares of several technology companies are trading higher. Market strength has been attributed to strong containment measures taken by California, rebound in oil, central bank actions and expectations of increased technology usage amid the virus outbreak. A Peek Into The Markets: US Stock Futures Surge; Crude Oil Up Over 6% JP Morgan Upgrades Oracle to Overweight",3
2020-03-24,ORCL,43.7772331237793,0.0825978637917483,-0.0397158785873643,0.0102423862657339,0.0738540320341122,1.1723964124899522,Shares of several technology companies are trading higher amid market strength on hopes of a US economic stimulus package agreement.,1
2020-03-25,ORCL,42.03858184814453,-0.0397158785873643,0.0988246815246454,0.0602962098016344,0.0741573772000259,1.177211867712481,Oracle Works With White House For Informal Testing Of Antimalarial Drugs For COVID-19 Effectiveness,1
2020-03-26,ORCL,46.19303131103515,0.0988246815246454,-0.01287613262813,-0.0134705554260858,0.0773961875805878,1.228626388576448,Shares of several software companies are trading higher after the Senate passed a $2 trillion stimulus package in relief to the coronavirus pandemic. The coronavirus outbreak has caused many equities across sectors to be very volatile.,1
2020-03-27,ORCL,45.598243713378906,-0.01287613262813,0.0106359696639573,-0.0086297464483884,0.0771977654185365,1.2254765344040983,"Shares of several technology, semiconductor, and software companies are trading lower as a potential sell-off from this week's strength. While US stimulus legislation has boosted economic optimism, demand concerns still exist amid the coronavirus.",1
2020-03-30,ORCL,46.08322525024414,0.0106359696639573,-0.0403098694824137,0.0224383364812592,0.076980380624481,1.2220256577808308,Shares of several technology companies are trading higher as equities continue to rise following last week's rebound amid US stimulus measures.,1
2020-03-31,ORCL,44.225616455078125,-0.0403098694824137,0.0078626952390481,0.0502792086586598,0.0769813834799157,1.222041577617319,"Business Magnate Caribbean Luxury Yacht Self-Isolation Highly Criticized On Social Media Benzinga's Top Upgrades, Downgrades For March 31, 2020 Exane BNP Paribas Upgrades Oracle to Outperform",3
2020-04-02,ORCL,45.57078552246094,0.0223774193736117,-0.0080324068725982,0.0729443430446132,0.0757873851001371,1.2030874409450691,Credit Suisse Compiles List Of Corporations With Most And Least Cash,1
2020-04-06,ORCL,47.11725616455078,0.0423078117478998,-0.0141776233602607,0.0537293994756591,0.0757481237448503,1.2024641862517242,Shares of several semiconductor and large technology stocks are trading higher with the broader market on optimism that coronavirus cases in several US hotspots appear to be reaching their peak.,1
2020-04-08,ORCL,47.92952728271485,0.0318688025047815,0.0201418479680508,0.0301169857338625,0.0725591987918557,1.151841572000091,Shares of several technology companies are trading higher amid overall market strength on optimism that US coronavirus cases could soon leveling off. NOTE: Some names in the sector have potentially benefited from recent work-at-home trends.,1
2020-04-15,ORCL,48.87652587890625,-0.0155554932349966,0.0101581338747966,-0.0167419201966051,0.037788478174905,0.5998734940463443,Every Member Of Trump's 'Great American Economic Revival' Industry Groups,1
2020-04-17,ORCL,50.21888732910156,0.0171321736858236,-0.0129988955211636,-0.0294765195699369,0.0356392855867076,0.5657561193986224,Shares of several technology companies are trading higher as markets gain on optimistic coronavirus outlook following positive remdesivir data from Gilead. Hopes of a treatment candidate have raised hopes of a rebound in economic activity in the future.,1
2020-04-21,ORCL,47.17559814453125,-0.0482285119700649,0.0187096904615584,0.0368351554161141,0.0371579926302923,0.5898648463087458,Shares of several technology companies are trading lower amid overall market weakness following a collapse in oil prices. Oil has been negatively impacted by excess supply and low demand amid the coronavirus pandemic.,1
2020-04-22,ORCL,48.0582389831543,0.0187096904615584,-0.0057394009086551,0.0308015944209079,0.0329492066740201,0.5230524405379622,"Little Things Count: After Selloff To Start Week, A Bit of Light Arrives With Positive Earnings",1
2020-04-28,ORCL,48.9133186340332,-0.0031849520441952,0.0127816053443627,-0.0216168149743107,0.0227369830565462,0.3609384163890641,Zoom Selects Oracle As Cloud Infrastructure Provider For Its Core Online Meeting Service,1
2020-04-29,ORCL,49.53850936889648,0.0127816053443627,-0.0168892833582173,-0.0374905005096555,0.0203610251223509,0.323221253472475,"Locked Down, Demand Up: Amazon Shines As Virus Economy Plays To Its Strengths Zoom Uses Oracle's Cloud Computing Services To Handle Demand Surge During Pandemic",2
2020-04-30,ORCL,48.70183944702149,-0.0168892833582173,-0.0222766772970248,-0.0069850970028342,0.0209774723596468,0.3330070499901406,"'Fast Money' Traders Answer Questions On Uber, Chipotle And More",1
2020-05-11,ORCL,49.21671676635742,-0.0007467756092646,-0.0235382987593966,-0.00709881755873,0.017590339206001,0.2792379780980883,Former Google CEO Eric Schmidt Cut Last Ties With The Company: Report,1
2020-06-04,ORCL,48.59150695800781,-0.0119650381609757,0.021381190035588,-0.0291390183617925,0.0123456774895879,0.1959815544243472,"Cramer Gives His Opinion On Microsoft, Roku And More",1
2020-06-11,ORCL,47.17559814453125,-0.0517463347068294,0.0107192644823237,0.0463845942361806,0.017049042779217,0.2706451637130586,"Shares of several technology companies are trading lower, selling off from Wednesday strength as an increase in coronavirus cases in some US states has led to concerns of a second wave of the virus.",1
2020-01-09,PEP,111.26219940185548,0.0006681935807169,-0.0019289794621389,0.0357591142068161,,,The M&A History Of Yum Brands,1
2020-01-17,PEP,116.60281372070312,0.0118185242127908,0.004247821356607,0.0062302383166428,,,Stocks That Hit 52-Week Highs On Friday,1
2020-01-22,PEP,118.3528060913086,0.0107148127624683,0.0018829685718297,-0.0115080257587006,,,Stocks That Hit 52-Week Highs On Wednesday,1
2020-01-24,PEP,117.97309112548828,-0.0050817307404624,-0.0054572960729598,-0.0062973029306337,,,Stocks That Hit 52-Week Highs On Friday,1
2020-01-27,PEP,117.32927703857422,-0.0054572960729598,0.0021102074228815,0.0026025154593241,,,Commercial Vehicles Charge Toward Electric Future,1
2020-01-30,PEP,118.7242202758789,0.0148167320955003,-0.0125841335441024,0.0034764819999406,,,62 Crazy Super Bowl 54 Prop Bets You Have To See To Believe UK CMA Says Considering Whether Pepsi-Pioneer Food Deal May Hurt Competition,2
2020-01-31,PEP,117.2301788330078,-0.0125841335441024,0.0034500456018817,0.0235879589165248,0.0087665374809497,0.1391644682023182,13 Super Bowl 54 Commercials You Won't Want To Miss Stocks That Hit 52-Week Highs On Friday,2
2020-02-06,PEP,119.136962890625,0.0002080414689162,0.0072054596965069,0.0148271719417605,0.0076900914262819,0.122076416839752,Stocks That Hit 52-Week Highs On Thursday,1
2020-02-10,PEP,120.23482513427734,0.0019952903213542,0.002883355027238,-0.0004118806664128,0.0075982100492149,0.120617845196728,"Stocks That Hit 52-Week Highs On Monday Big Week Of Earnings Ahead Featuring Cisco, Nvidia, UnderArmour, Among Others",2
2020-02-12,PEP,120.58150482177734,0.0,0.0026697485880766,-0.0062978733312331,0.0071941316659273,0.114203299722591,"Stocks That Hit 52-Week Highs On Wednesday CVS This Morning, Powell At Midday, And Cisco After The Bell As Earnings Roll On",2
2020-02-13,PEP,120.90342712402344,0.0026697485880766,0.0035500604718075,-0.0042327110136685,0.0064097413781312,0.1017514899286547,"Mid-Afternoon Market Update: NASDAQ Turns Positive; Redfin Shares Gain On Narrower-Than-Expected Loss UPDATE: CFRA On PepsiCo Notes 'We also like PEP's beverage and food/snack product diversification, particularly its Frito-Lay business' UPDATE: CFRA Reiterates Buy On PepsiCo, Raises Target To $160 Notes 'We remain bullish on the stock and think the investment case is playing out nicely as management executes its pivot toward higher growth' CFRA Reiterates Buy on PepsiCo, Raises Price Target to $160 Mid-Day Market Update: Kelly Services Gains Following Strong Q4 Earnings; Marchex Shares Plunge Pepsi Releases Solid Quarter Results During Its Biggest Month Of The Year Mid-Morning Market Update: Markets Open Lower; PepsiCo Tops Q4 Views Coronavirus Fears Back On Big Earnings Day As Alibaba, PepsiCo, Nvidia All Report Judging By These Leveraged Funds, Consumers Are Still In The Economic Driver Seat From Pepsi Earnings Conference Call: Commenting On Coronavirus, Notes China Accounts For Less Than 2% Of Co.'s Overall Sales",17
2020-02-14,PEP,121.3326416015625,0.0035500604718075,-0.0094561434750195,-0.0295937726682341,0.0064130396513764,0.101803848393231,"10 Biggest Price Target Changes For Friday Citigroup Maintains Neutral on PepsiCo, Raises Price Target to $157",2
2020-02-18,PEP,120.185302734375,-0.0094561434750195,-0.00048105342702,-0.0309066987419736,0.0065658042819021,0.1042289117222166,Stocks That Hit 52-Week Highs On Tuesday,1
2020-02-20,PEP,119.82209777832033,-0.0025422108749567,0.0047535478737716,-0.0605540593182362,0.0062067860359827,0.0985296737531927,"PepsiCo Says Will Invest In Building A More Agile Supply Chain And In Building Out E-Commerce Business In 2020 How Shaquille O'Neal Negotiates, Picks His Portfolio",2
2020-02-21,PEP,120.39167785644533,0.0047535478737716,-0.0220092195312312,-0.0947552651847803,0.0062700223949759,0.0995335198314711,"Benzinga Pro's Top 5 Stocks To Watch For Fri., Feb. 21, 2020: PEP, SDGR, ZS, DPW, HPQ",1
2020-02-24,PEP,117.74195098876952,-0.0220092195312312,-0.0107963150647979,-0.0354738936022295,0.0080051806370327,0.1270783029944295,"A Peek Into The Markets: Dow Futures Slump Over 700 Points As COVID-19 Spreads Globally 8 Stocks To Watch For February 24, 2020 Pepsi To Acquire One of China's Largest Snack Brands In $705M Deal",3
2020-02-25,PEP,116.47077178955078,-0.0107963150647979,0.0062366464372562,-0.0391212347759477,0.0082787241422852,0.1314206715203588,"Selloff Resumes, With Bond Yields Hitting New Record Lows As CDC Virus Report Spooks",1
2020-02-28,PEP,108.9839324951172,-0.0318252284537233,0.0420360409729485,0.0466320637782606,0.0132149306567504,0.209780520664351,Shares of several beverage companies are trading lower. Weakness appears market related as equities across sectors sell off on fears of the global coronavirus spread.,1
2020-03-06,PEP,114.06607818603516,-0.0060826202473732,-0.0517266253887984,-0.0714703606860578,0.0210685673448726,0.3344531380496972,7 Consumer Defensive Stocks Moving In Friday's Pre-Market Session,1
2020-03-09,PEP,108.16582489013672,-0.0517266253887984,0.030577722704641,-0.1311462921806232,0.0236782097263352,0.375879926562683,Shares of several consumer goods companies are trading lower amid a selloff in US equities. The global coronavirus outbreak has hampered economic activity and negatively impacted multiple industries.,1
2020-03-11,PEP,107.82510375976562,-0.0327269944816336,-0.1110598200561359,-0.06805399221615,0.0257260594622638,0.4083885333048614,"Hearing AG Barr Group To Retain Distribution Rights To Rockstar Brand In UK Shares of several consumer goods and retail companies are trading lower as global markets continue to experience pressure amid the coronavirus spread, which has negatively impacted companies across sectors. PepsiCo Acquires Rockstar Energy For $3.85B PepsiCo To Acquire Rockstar Energy Beverages For $3.85B PepsiCo Nears Deal to Buy Energy-Drink Maker Rockstar Energy Beverages for $3.85B",5
2020-03-12,PEP,95.85006713867188,-0.1110598200561359,0.1049938471384019,0.0173402444906816,0.0348860805039226,0.5537993593869495,"Stocks That Hit 52-Week Lows On Thursday Shares of several consumer defensive and consumer cyclical companies are trading lower as equities sell off amid continued global coronavirus concerns. The virus has caused global economic disruption and negatively impacted stocks across sectors. Deutsche Bank Maintains Hold on PepsiCo, Lowers Price Target to $143",3
2020-03-16,PEP,93.98027801513672,-0.1126714725379214,0.129365913787772,-0.0699442442119913,0.0494774466425391,0.7854301159357581,"Shares of several consumer goods companies are trading lower amid the global coronavirus outbreak, which investors speculate may lead to softer consumer spending.",1
2020-03-17,PEP,106.13812255859376,0.129365913787772,-0.0532414502402863,-0.1086752221289996,0.0586651038607736,0.9312796527202932,"Shares of several consumer goods and consumer staples companies are trading higher as markets rebound from Market's crash. Additionally, investors speculate the coronavirus outbreak may lead to bulk spending on several staples. Evercore ISI Group Upgrades PepsiCo to Outperform",2
2020-03-18,PEP,100.48717498779295,-0.0532414502402863,-0.02960620846242,-0.0696329185475271,0.0596496438630814,0.946908740731702,"Shares of several consumer goods companies are trading lower as global markets continue to experience pressure amid the coronavirus spread, which has caused concerns over lower spending. General Mills earlier reported worse-than-expected Q3 sales results. UK's CMA Says Not Referring Pepsico-Pioneer Deal to Phase 2 Investigation",2
2020-03-19,PEP,97.51213073730467,-0.02960620846242,-0.1142835011982527,0.0248848495944404,0.0598449393623923,0.9500089606717822,"Shares of several consumer goods companies are trading lower. The coronavirus outbreak has led to volatility in consumer spending, which has moved the sector both up and down in recent weeks.",1
2020-03-20,PEP,86.36810302734375,-0.1142835011982527,0.0120275360321684,0.1590494715753097,0.0642113447529061,1.019323497391332,"PepsiCo To Provide Enhanced Benefits To US Employees Consisting Of Minimum Of Incremental $100/Week For Full-Time Employees Over Next Month; Co. To Hire 6,000 New Full Time Employees In Coming Months CFRA Upgrades PepsiCo to Strong Buy, Lowers Price Target to $145 Shares of some beverage companies are trading lower. Consumer demand for staples and packaged food items has been volatile recently, contributing to volatility in stock movement. Benzinga's Top Upgrades, Downgrades For March 20, 2020 Guggenheim Upgrades PepsiCo to Buy, Announces $134 Price Target 6 Consumer Defensive Stocks Moving In Friday's Pre-Market Session",6
2020-03-23,PEP,87.40689849853516,0.0120275360321684,0.0823349202210743,0.1930025120024734,0.0644527507710698,1.023155699125665,"Why PepsiCo's Stock Is Trading Higher Today UPDATE: Morgan Stanley Upgrades PepsiCo to Overweight, Lowers Price Target to $132 As Firm Sees 'Pepsi's snacks business as likely to benefit from consumers snacking more at home and Pepsi's beverage skew to more nutritional non-CSD products.' PepsiCo shares are trading higher after Morgan Stanley upgraded the stock from Equal-Weight to Overweight. Morgan Stanley Upgrades PepsiCo to Overweight, Lowers Price Target to $132",4
2020-03-24,PEP,94.6035385131836,0.0823349202210743,-0.0117710057561064,0.0549895059426002,0.0678790169029649,1.0775459877887696,Orange Juice Futures Jump As Much As 6% To 11-Month High Shares of several consumer goods companies are trading higher amid market strength on hopes of a US economic stimulus agreement. The sector has been volatile recently amid consumer demand for household staples and cleaning products.,2
2020-03-26,PEP,99.93870544433594,0.0689779495795466,0.0016630066372165,0.0299350355587524,0.0695496822147613,1.1040669774229828,Shares of several consumer goods companies are trading higher amid market strength following US Senate passage of an economic stimulus package. NOTE: Packaged food and discount store stocks have been volatile recently amid consumer demand for staples.,1
2020-03-27,PEP,100.10490417480467,0.0016630066372165,0.0416737355145777,0.0342853985420263,0.0692375300128831,1.099111714838758,"Credit Suisse Upgrades PepsiCo to Outperform, Raises Price Target to $144",1
2020-04-02,PEP,102.9303741455078,0.0485944814539327,0.0058939508379109,0.0788795585892825,0.069629087270593,1.1053274936064137,PepsiCo shares are trading higher. Not seeing any company-specific news to justify the price action.,1
2020-04-06,PEP,108.99684143066406,0.0527328256897323,-0.0051845688014238,0.0551998490316056,0.0696859955436719,1.1062308844350677,"Shares of several beverage companies are trading higher amid overall market strength on hopes US coronavirus hotspots could soon reach their peak. Additionally, the virus has lead to high demand for packaged food and beverages.",1
2020-04-13,PEP,108.77245330810548,-0.0205045839445866,0.0573766346592834,0.0279626398863213,0.0596648550433312,0.9471502107322342,Shares of several beverage companies are trading lower amid demand concerns caused by the coronavirus. The pandemic has caused a disruption in consumer spending.,1
2020-04-14,PEP,115.0134506225586,0.0573766346592834,-0.0243497812908394,-0.0539016704628968,0.0541722192520419,0.8599573206562109,"Shares of several beverage companies are trading higher as markets gain on positive coronavirus outlook. Optimism surrounding the virus has led to hopes of an upcoming return to economic activity, which would benefit the sector.",1
2020-04-15,PEP,112.21289825439452,-0.0243497812908394,0.004517550995654,-0.017847943519598,0.0470051452115361,0.7461835474212194,Every Member Of Trump's 'Great American Economic Revival' Industry Groups Shares of several beverage companies are trading lower as the coronavirus pandemic continues to take its toll on the economy. The pandemic has decreased economic activity and consumer spending.,2
2020-04-16,PEP,112.7198257446289,0.004517550995654,0.0140811685716379,-0.0396639108436998,0.0450464455919455,0.715090154902138,"S&P 500 Futures Up 3.2% After Hours; Many Other Stocks Moving Higher With Futures; Investors Reacting Favorably To White Phase Guidelines On Reopening Economy Alibaba, Tesla Among Cramer's Stay-At-Home Stock Ideas",2
2020-04-20,PEP,111.81401824951172,-0.0218099785255473,-0.0268301308563699,-0.0006690918003365,0.034434871567011,0.546636639568561,A Peek Into The Markets: US Stock Futures Down Ahead Of Earnings FTC Approves PepsiCo Acquisition of Rockstar Energy for $3.85B,2
2020-04-21,PEP,108.81403350830078,-0.0268301308563699,0.0128301031665405,0.0410874046878124,0.0356014728709998,0.5651558611456705,"Pepsi To Report Q1 Earnings Tues., Apr. 28, 2020 Before Market Open",1
2020-04-27,PEP,111.73920440673828,0.0007439702909322,0.0138332408955117,-0.0263275387803574,0.0289018883158963,0.4588032534241514,"Apple And Amazon Earnings, Fed Meeting Among Highlights In Busy Week Ahead",1
2020-04-28,PEP,113.28491973876952,0.0138332408955117,-0.0217135341992221,-0.0341108965960895,0.0277353709249358,0.4402853639250709,"Mid-Afternoon Market Update: Gaia Falls After Q1 Results; iBio Shares Gain Mid-Day Market Update: NASDAQ Turns Negative; Syndax Pharmaceuticals Shares Jump CFRA Maintains Strong Buy on PepsiCo, Raises Price Target to $150 Mid-Morning Market Update: Markets Open Higher; PepsiCo Profit Beats Estimates Earnings Feast: Bring a Plate With Healthcare and Caterpillar in Morning, GOOGL And AMD Later Monster Beverage Shares Were Quiet For Majority Of Pre-Market Session, Rallied To Pre-Open High Of $61.49 Just Ahead Of Open, Have Fallen ~3.3% Since Open; Downside Could Be Related To Earlier Press Release Highlighting Deal With Pepsi, Bang Energy PepsiCo, Bang Energy Report Distribution Deal For North America PepsiCo Q1 EPS $1.070 Beats $1.030 Estimate, Sales $13.880B Beat $13.210B Estimate A Peek Into The Markets: US Stock Futures Up Ahead Of Earnings, Economic Reports Earnings Scheduled For April 28, 2020",11
2020-04-29,PEP,110.82510375976562,-0.0217135341992221,-0.0080235064299575,-0.0193461850791281,0.026193147864627,0.4158033318224739,"Morgan Stanley, BofA Remain PepsiCo Bulls After Q1 Report SunTrust Robinson Humphrey Maintains Hold on PepsiCo, Raises Price Target to $125 Citigroup Maintains Neutral on PepsiCo, Lowers Price Target to $148 Morgan Stanley Maintains Overweight on PepsiCo, Raises Price Target to $150 Benzinga Pro's Top 5 Stocks To Watch For Wed., Apr. 29, 2020: FB, IBM, SHOP, MNST, MYOS",5
2020-05-05,PEP,109.42066955566406,0.0057288452248274,-0.0067593149233307,0.0096453169038095,0.02127701640585,0.3377621643079241,PepsiCo Raises Quarterly Dividend From $0.9550 To $1.0225/Share,1
2020-05-12,PEP,110.47606658935548,-0.0107157348139841,0.0001506182287835,-0.0091018713054594,0.0163518817221996,0.2595780750292973,"PepsiCo Wants To Ship Beverages, Snacks To Your Home 'From PepsiCo to GM, Big Advertisers Set to Cancel Commitments to TV Networks' -Breaking WSJ Report",2
2020-05-26,PEP,107.82510375976562,-0.0055946353756042,0.0081696886092064,0.0221965814118763,0.012531387176584,0.1989296043114311,Cannabis Company Aphria To Switch Listing From NYSE To Nasdaq Biotech Shares In Focus As Encouraging Vaccine News Leads Broad Market Rally,2
2020-06-11,PEP,107.0624542236328,-0.0468949948248837,0.0090741108923393,0.0386422896495304,0.0150186867549333,0.2384142610340004,"Shares of several companies in the broader consumer staples sector are trading lower as markets dip amid concerns of a second wave of the coronavirus. Virus concerns have clouded economic outlook and negatively impacted stocks across sectors, including staples",1
2020-01-08,PG,103.97156524658205,0.0042626642447407,0.0109376734740211,0.0281608255383991,,,"P&G Announces Plans to Acquire Billie, No Terms Disclosed",1
2020-01-17,PG,107.28141021728516,0.0026970643976802,-0.0025317906816931,0.0002115692614823,,,Stocks That Hit 52-Week Highs On Friday,1
2020-01-21,PG,107.00979614257812,-0.0025317906816931,0.0017449038171144,0.0054625741872871,,,"3 ETFs To Consider For The Week Ahead: Big Earnings For Airlines, Chips And Consumers",1
2020-01-22,PG,107.19651794433594,0.0017449038171144,-0.0045713087583881,-0.0040137470212723,,,Procter & Gamble's Q2 Earnings Preview,1
2020-01-23,PG,106.70648956298828,-0.0045713087583881,0.0012001087068977,0.0076805527263845,,,"Procter & Gamble Misses Sales Expectations Amid ""Challenging Competitive"" Marketplace Mid-Afternoon Market Update: Crude Oil Down 2.5%; Trans World Entertainment Shares Spike Higher Mid-Day Market Update: Markets Down; Procter & Gamble  Reports Mixed Q2 Results Texas Instruments And Procter & Gamble Results Front And Center, But So Is Asian Virus Procter & Gamble Says Situation In The Hong Kong Market Has Continued To Be Difficult, Which Had Impact On Q2 And On The Travel Retail Business Procter & Gamble CEO Says Sales In Japan, Co.'s Third Largest Market, Created Nearly 0.5 pts Drag On Total Organic Sales Growth Due To Timing Of VAT Changes 7 Consumer Defensive Stocks Moving In Thursday's Pre-Market Session Procter & Gamble Reports Mixed Q2 Earnings 36 Stocks Moving in Thursday's Pre-Market Session Procter & Gamble shares are trading lower after the company reported worse-than-expected Q2 sales results.",15
2020-01-24,PG,106.83454895019533,0.0012001087068977,0.0043951953785963,-0.0041553185177652,,,"Citigroup Maintains Buy on Procter & Gamble, Raises Price Target to $143",1
2020-02-06,PG,108.54198455810548,0.002602346121407,-0.0083372139161154,-0.0171464238482049,0.0056178077699702,0.0891799336362451,Stocks That Hit 52-Week Highs On Thursday,1
2020-02-20,PG,108.06389617919922,0.0090878922997525,0.000947956570076,-0.1033337614093495,0.007920658116333,0.1257365495746945,"P&G On Coronavirus Impact Says Continues To Believe Fiscal Year Top And Bottom Line Guidance Ranges, Remain The Right Ones P&G Commons On Coronavirus, Says Some Demand Has Shifted Online, But Supply Of Delivery Operators, Labor Is Limited",2
2020-02-21,PG,108.16633605957033,0.000947956570076,-0.0268349784427213,-0.1063142096626095,0.0078327917288914,0.1243417139160618,Some Market Stats In 5 Minutes Friday's Market Minute: Coronavirus Outlook Remains Cloudy,2
2020-02-25,PG,103.66724395751952,-0.0151662053023663,-0.0104588113238914,-0.0268468067077165,0.0103854095079256,0.1648632649292221,"Selloff Resumes, With Bond Yields Hitting New Record Lows As CDC Virus Report Spooks",1
2020-02-28,PG,96.66671752929688,-0.002379115935132,0.0559041222386209,0.0744504076462277,0.0156208395071521,0.2479731396358635,Procter & Gamble shares are trading lower in sympathy with the overall market amid continued coronavirus fears.,1
2020-03-04,PG,106.28816986083984,0.0535670125920719,-0.023052093173961,-0.1036948683488662,0.0242333829036376,0.3846930275329766,Coronavirus Even Harmful To The Beauty Market – But E-Commerce Makes It All Better,1
2020-03-06,PG,103.86359405517578,0.0002464318265895,-0.046029968981774,-0.0623870569516136,0.0246301093382438,0.3909908644399374,"Transports, Energy Continue To Suffer As Events Canceled, OPEC Can't Reach Agreement Lipper Award Winners Pick Healthcare and Technology Stocks Amidst Coronavirus Downturn",2
2020-03-11,PG,95.26663208007812,-0.0743259837853437,-0.0873734702631293,0.0525135847585462,0.0324043437150377,0.5144030092094921,"Afternoon Market Stats In 5 Minutes Shares of several consumer goods and retail companies are trading lower as global markets continue to experience pressure amid the coronavirus spread, which has negatively impacted companies across sectors.",2
2020-03-12,PG,86.94285583496094,-0.0873734702631293,0.1200903071612335,0.0882758819190341,0.0372979690499776,0.5920869030841494,10 Consumer Defensive Stocks Moving In Thursday's Pre-Market Session,1
2020-03-16,PG,92.62864685058594,-0.048829484994707,0.0897692961926928,-0.0995393962715823,0.0479905950185413,0.7618270781344537,"Morgan Stanley Maintains Overweight on Procter & Gamble, Lowers Price Target to $132 Shares of several consumer goods companies are trading lower amid the global coronavirus outbreak, which investors speculate may lead to softer consumer spending.",2
2020-03-17,PG,100.94385528564452,0.0897692961926928,-0.0066812471671455,-0.1266067579765659,0.0525658938079293,0.8344576947576672,"Shares of several consumer goods and consumer staples companies are trading higher as markets rebound from Market's crash. Additionally, investors speculate the coronavirus outbreak may lead to bulk spending on several staples. 9 Consumer Defensive Stocks Moving In Tuesday's Pre-Market Session Deutsche Bank Upgrades Procter & Gamble to Buy, Announces $130 Price Target",3
2020-03-23,PG,83.408447265625,-0.0461779368919036,0.0570114169552249,0.1770727532702456,0.0565623873022026,0.8979000621704741,"Shares of several consumer goods and staples companies are trading lower amid market weakness. Increased concerns of the coronavirus outbreak as well as statewide 'shelter-in-place' orders have caused volatility in consumer demand for household products. Morgan Stanley Maintains Overweight on Procter & Gamble, Lowers Price Target to $127 UPDATE: P&G Highlights 4 Potential Impacts Related To Coronavirus Outbreak Procter & Gamble 8-K Shows 'Our business may be negatively impacted by the fear of exposure to or actual effects of a disease outbreak, epidemic, pandemic, or similar widespread public health concern,' Specifically Mentions Coronavirus Outbreak",4
2020-03-24,PG,88.16368103027344,0.0570114169552249,-0.0227558652415802,0.065168975898662,0.058489930173148,0.9284988566380976,Shares of several consumer goods companies are trading higher amid market strength on hopes of a US economic stimulus agreement. The sector has been volatile recently amid consumer demand for household staples and cleaning products.,1
2020-03-25,PG,86.15744018554688,-0.0227558652415802,0.0640110696806859,0.0833334218851116,0.0585986888968581,0.9302253478531708,"Procter & Gamble shares are trading lower, not currently seeing company-specific news. Movement appears market related as equities experience volatility amid US stimulus progress. The stock has since reversed and are now trading higher.",1
2020-03-26,PG,91.67247009277344,0.0640110696806859,0.0259826024198019,0.0653753332932747,0.0594912319062088,0.9443940288761976,"Shares of several consumer goods companies are trading higher amid market strength following US Senate passage of an economic stimulus package. NOTE: Packaged food and discount store stocks have been volatile recently amid consumer demand for staples. Argus Research Upgrades Procter & Gamble to Buy, Announces $120 Price Target",2
2020-03-27,PG,94.05435943603516,0.0259826024198019,0.0438411494973227,0.0445673887662716,0.0597965077570614,0.9492401327719752,"Why Stock Exchange Floor Closings Could Be Creating End-Of-Day Volatility Afternoon Market Stats in 5 Minutes Procter & Gamble shares are trading higher after Stifel analysts upgraded the company's stock from Hold to Buy. NOTE: Consumer defensive stocks have been on watch during the coronavirus outbreak, as consumer demand for staples has been volatile. A Peek Into The Markets: US Stock Futures Signal Lower Start On Wall Street Stifel Upgrades Procter & Gamble to Buy, Lowers Price Target to $117",5
2020-03-30,PG,98.17781066894533,0.0438411494973227,-0.0434781831595971,0.0244348115168038,0.0592647391245947,0.9407985674327856,"Benzinga's Top Upgrades, Downgrades For March 30, 2020 Jefferies Upgrades Procter & Gamble to Buy, Lowers Price Target to $128",2
2020-03-31,PG,93.90921783447266,-0.0434781831595971,-0.0060908114303597,0.0251820049429398,0.0600087082759739,0.9526087115787036,"Afternoon Market Stats in 5 Minutes Procter & Gamble shares are trading lower despite market strength. NOTE: The consumer staples sector has been volatile recently amid increased consumer demand for household items and staples. Morgan Stanley Maintains Overweight on Procter & Gamble, Lowers Price Target to $125",3
2020-04-01,PG,93.33723449707033,-0.0060908114303597,0.046373281843612,0.0527759018425688,0.0585729144892075,0.9298161918161704,"Another Wild Wednesday: New Quarter, Same Old Sell-Off As Fears Of Crisis Intensify",1
2020-04-02,PG,97.66558837890624,0.046373281843612,0.0059440409760815,0.0022726733006155,0.0594884422209151,0.944349743995058,"A Look Into Procter & Gamble's Price Over Earnings Cramer Shares His Thoughts On Procter & Gamble, Virgin Galactic And More",2
2020-04-03,PG,98.2461166381836,0.0059440409760815,0.0237225694952714,0.0075600387192515,0.0595103515437504,0.9446975437127548,"Analysts Share Stocks They Would Buy In This Environment: Exxon Mobil, P&G And More",1
2020-04-14,PG,103.26600646972656,0.0432083503022968,0.002149271806823,-0.0105821954799316,0.0445703392646272,0.7075322012638862,"P&G Raises Qtr. Dividend From $0.7459 To $0.7907/Share Shares of several consumer staples companies are trading higher amid overall market strength on optimistic investor outlook surrounding the coronavirus. Additionally, the pandemic has led to 'bulk buying' of household items.",2
2020-04-15,PG,103.48795318603516,0.002149271806823,0.0023100957191313,-0.0150139634172549,0.0400171572140383,0.6352526769847194,"Every Member Of Trump's 'Great American Economic Revival' Industry Groups Deutsche Bank Maintains Buy on Procter & Gamble, Raises Price Target to $131",2
2020-04-16,PG,103.72702026367188,0.0023100957191313,0.026254903385686,-0.0107304452258021,0.0399648421370136,0.6344222008829602,"Alibaba, Tesla Among Cramer's Stay-At-Home Stock Ideas Morgan Stanley Misses On EPS, But Shows Strong Trading Results For Q1 As Banks Wrap Up",2
2020-04-17,PG,106.45036315917967,0.026254903385686,-0.0328011242585823,-0.0410446408004436,0.0377743726943142,0.5996495764837463,"Mid-Afternoon Market Update: Dow Climbs 350 Points; Tronox Holdings Shares Spike Higher Mid-Day Market Update: Crude Oil Down Over 7%; Stein Mart Shares Plunge Morning Market Stats in 5 Minutes Mid-Morning Market Update: Markets Open Higher; Procter & Gamble Reports Mixed Q1 Results Big Earnings Day As Honeywell, Procter & Gamble, Schlumberger Among Those Reporting Friday's Market Minute: Can Toilet Paper Save Procter & Gamble? Mike Khouw Sees Unusual Options Activity In Procter & Gamble Procter & Gamble: Q3 Earnings Insights P&G Reaffirms Guidance For Sales, Earnings, Adj. Free Cash Flow Figures Procter & Gamble Q3 Adj. EPS $1.170 Beats $1.130 Estimate, Sales $17.200B Miss $17.460B Estimate",13
2020-04-20,PG,102.95867156982422,-0.0328011242585823,-0.0076287519547055,-0.0196248254631216,0.0338600328416499,0.5375113577009129,"Citigroup Maintains Buy on Procter & Gamble, Raises Price Target to $146 Stifel Maintains Buy on Procter & Gamble, Raises Price Target to $129",2
2020-04-21,PG,102.17322540283205,-0.0076287519547055,-0.0023395225032405,-0.0167986989892285,0.0315904186101659,0.5014823487295552,"Morgan Stanley Maintains Overweight on Procter & Gamble, Raises Price Target to $134",1
2020-05-08,PG,99.64899444580078,0.033698745967281,-0.0055193273692533,-0.0115565247370588,0.0178815482595383,0.2838607785092299,Shares of several consumer goods companies are trading higher amid overall market strength. Better-than-expected US jobless numbers and easing lockdown restrictions in some states has led to hopes of a rebound in consumer spending.,1
2020-06-05,PG,101.69441223144533,0.0196466464613394,0.0060846451686473,-0.0229018949996586,0.0152426989590435,0.2419703445303145,Price Over Earnings Overview: Procter & Gamble,1
2020-01-02,TSLA,28.68400001525879,,0.0296332582979208,0.1187188873063767,,,"Tesla shares are trading higher after the company said it would deliver a second batch of China-made Model 3S on January 7th. Canaccord Lifts Tesla Price Target Above $500 Amid International Opportunity Today's Pickup: Asia's Richest Man Looks To Stand Up To Amazon's Might In India Wedbush Says Tesla Poised For Q4 Delivery Upside On Model 3 Demand, European Strength UPDATE: Canaccord Genuity Maintains Buy On Tesla, Raises Target To $515 As Firm Believes 'the trend towards electrification will only accelerate in 2020'; Anticipates Co's Q4 Delivery Numbers Will Be Above Co's 360,000 Unit Guidance For 2019 2020 Vision: Rally Mode To Start Off Decade As Last Year's Strength Rolls Along 10 Biggest Price Target Changes For Thursday Tesla To Begin Delivering China-Made Model 3 To Public On Jan. 7 Canaccord Genuity Maintains Buy on Tesla, Raises Price Target to $515 10 Consumer Cyclical Stocks Moving In Thursday's Pre-Market Session",12
2020-01-03,TSLA,29.534000396728516,0.0296332582979208,0.0192546370451349,0.0793210061118594,,,"Tesla Shorts Are Still Holding On (For Now) Canaccord Maintains Buy, $515 Target On Tesla As Firm Notes 'we view these results as a clear indication that EV demand remains strong for Tesla and that the company is well positioned for 2020 with continued positive momentum in all business areas' Tesla shares are trading higher after the company reported record deliveries of roughly 367,600 in FY19, which is a 50% year-over-year increase. Tesla Reports Record Q4 Deliveries Benzinga Pro's Top 5 Stocks To Watch For Fri., Jan. 3, 2020: TSLA, AAPL, YUMA, AXE, CMG UPDATE: Tesla Says 'Our delivery count should be viewed as slightly conservative, as we only count a car as delivered if it is transferred to the customer and all paperwork is correct' Tesla Reports Q4 Model S/X Production ~17.9K Vehicles, Model 3 Production ~86.96K Vehicles Tesla Reports FY19 Deliveries ~367.6K, Up 50% Year Over Year Tesla Q4 Production Almost 105K Vehicles, Deliveries ~112K Vehicles 16 Consumer Cyclical Stocks Moving In Friday's Pre-Market Session",14
2020-01-06,TSLA,30.1026668548584,0.0192546370451349,0.0388005246581539,0.1623775928059916,,,"'Tesla Model 3 to be $5,000 cheaper in New Jersey; Turnpike getting electrified' -Electrek 'Tesla plans to build 'future vehicles' at Gigafactory 4 as new details emerge' -Electrek Tesla Option Alert: Jan, 2021 $200 Puts at the Bid: 1000 @ $7.25 vs 10524 OI; Earnings 1/29 After Close [est] Ref=$445.46 RBC Capital Maintains Underperform on Tesla, Raises Price Target to $315 Perspective Time: Geopolitics Hits Markets, But Losses Not Too Steep Yet And Volatility Tame Nio Shares Retest $4 Level After December, Q4 Deliveries Beat Guidance Tesla CEO Elon Musk Plans to Attend a Delivery Ceremony for Made-in-China Teslas in Shanghai on Tuesday",7
2020-01-07,TSLA,31.270666122436523,0.0388005246581539,0.0492048257881216,0.1468042221833889,,,"3 Tesla Pros On The Automaker's China Milestone Argus Raises Price Target On Tesla From $396 To $556 Benzinga Pro's Top 5 Stocks To Watch For Tues., Jan. 7, 2020: TSLA, SQ, LEN, APOP, PIR Elon Musk Busts A Move As First Chinese-Made Model 3s Delivered",4
2020-01-08,TSLA,32.80933380126953,0.0492048257881216,-0.0219450119000973,0.0535619485232137,,,"Tesla, Musk Approach Historic Milestones As Automaker's Stock Rally Continues Tesla shares are trading higher, potentially amid continued optimism surrounding the company's China production. CEO Elon Musk on Twitter suggested the company was making 'amazing progress' in China, sending shares higher. Elon Musk Tweets: 'Tesla China Team Such amazing progress!!' Cramer Questions Why Tesla's Stock Isn't Higher 'Tesla has to move endangered bats to build Gigafactory 4, could delay and faces opposition' -Electrek 13 Consumer Cyclical Stocks Moving In Wednesday's Pre-Market Session Electrek Reports Daimler/BMW Ride-Hailing Service Is Ordering 60 Tesla Vehicles",7
2020-01-09,TSLA,32.089332580566406,-0.0219450119000973,-0.0066272976331742,0.0667927084390846,,,"Stocks That Hit 52-Week Highs On Thursday UPDATE: Baird On Tesla Notes 'Shares now fairly reflect future execution, in our view, including a smooth Model Y ramp; while this is certainly achievable, we believe there is some risk (as with any product launch)' UPDATE: Baird Downgrades Tesla To Neutral, Raises Target To $525 Notes 'We are moving to the sidelines, admittedly battle-weary after a hard-fought several years, including ~20% outperformance over the last year' Tesla shares are trading lower after analysts at Baird downgraded the stock from Outperform to Neutral, recommending investors take profits . CFRA also downgraded the stock from Hold to Sell, citing near-term risks. PreMarket Prep Recap: Tesla Shrugs Off Double Downgrade, Bed Bath & Beyond Continues Fall Benzinga's Top Upgrades, Downgrades For January 9, 2020 Back To The Grind: Iran Fears Ease, So Focus Turns To Jobs, Fed Speakers, Earnings Is Elon Musk's Girlfriend Grimes Pregnant? CFRA Research Downgrades Tesla, Sees Risks Ahead After Huge Run Should Nio Be Worried About Tesla's Model 3 Order Overflows In China?",15
2020-01-10,TSLA,31.87666702270508,-0.0066272976331742,0.0976889588509333,0.0676565652383232,,,"GM's New Electric Hummer-Branded Vehicles Will Go On Sale Starting In Late 2021 Starting With EV Pickup GM Plans All-Electric Hummer Pickup Truck To Be Sold Under GMC Brand 10 Biggest Price Target Changes For Friday Piper Sandler Maintains Overweight on Tesla, Raises Price Target to $553 11 Consumer Cyclical Stocks Moving In Friday's Pre-Market Session Here's How Much Investing $100 In Tesla Stock Back In 2010 Would Be Worth Today",6
2020-01-13,TSLA,34.990665435791016,0.0976889588509333,0.0248828221202008,0.0425637548728041,,,"Tesla $93B Valuation: Does A Great Product Equate To A Great Stock? Tesla shares are trading higher after multiple firms raised the price target on the stock. Oppenheimer, In Earlier Price Target Raise, Says Tesla Is 'beginning to pose an existential threat to transportation companies that are unable or unwilling to innovate at a faster pace.' Tesla Gets New Street-High Price Target, Stock Breaks $500 'Tesla numbers will go up because of China subsidy extension. Analysts need to raise numbers.. $TSLA' -CNBC's Jim Cramer 'Elon Musk: Tesla's Full Self-Driving 'feature-complete' is coming 'soon'' -Electrek 10 Biggest Price Target Changes For Monday Oppenheimer Maintains Outperform on Tesla, Raises Price Target to $612 Hearing Oppenheimer Raised its Price Target on Tesla from $385 to $612 Tesla Will Soon 'Talk To People,' Musk Hints New Feature",10
2020-01-14,TSLA,35.861331939697266,0.0248828221202008,-0.0361020135130578,0.0588192556978728,,,"Bears Fawning For FANG With A Newly Upsized ETN Tesla Option Alert: Jan, 2021 $640 Calls at the Ask: 500 @ $61.8 vs 182 OI; Earnings 1/29 After Close [est] Ref=$533.0 'Chevy is offering $10,000 lease discounts on Bolt EV' -Electrek Tesla Shorts Vs. Beyond Meat Shorts: Who's Getting Squeezed Harder? US National Transportation Safety Board Will Hold Feb. 25 Meeting To Determine Probable Cause Of 2018 Fatal Tesla Crash Tesla shares are trading higher after Jefferies maintained a Buy rating on the company's stock and raised the price target from $400 to $600. Jefferies Maintains Buy on Tesla, Raises Price Target to $600 5 Consumer Cyclical Stocks Moving In Tuesday's Pre-Market Session 3 ETFs With Meaningful Tesla Exposure",9
2020-01-15,TSLA,34.56666564941406,-0.0361020135130578,-0.0096624776360147,0.10356804059044,,,"Honda And Isuzu Will Work Together On Fuel Cell-Powered Electric Trucks Tesla shares are trading lower on a potential sell-off after the stock increased roughly 15% since Monday. 'Tesla owners are unintentionally buying expensive software upgrades and not getting refunds, Musk says will address' -Electrek Jeffrey Epstein May Have Tried to Befriend Elon Musk, Report Says Today's Pickup: Aerial Vs. Ground Autonomous Transportation Wednesday's Market Minute: How Will The Party End? 14 Consumer Cyclical Stocks Moving In Wednesday's Pre-Market Session",7
2020-01-16,TSLA,34.232666015625,-0.0096624776360147,-0.0058228941569139,0.0999630260596076,,,"'Tesla Autopilot crash rate increases, but still lower than without Autopilot' -Electrek Today's Pickup: Last-Mile Delivery Growth Will Increase Carbon Emissions By 30% By 2030 PreMarket Prep Recap: Morgan Stanley Beats, Tesla's Battle For $500 And Shorts On The Run In Signet Jewelers 'Tesla releases new design drawing, announces design center to build 'Chinese-style' car ' -Electrek Benzinga Pro's Top 5 Stocks To Watch For Thurs., Jan. 16, 2020: TSLA, MS, BYND, RBZ, PECK Morgan Stanley Downgrades Tesla On Risk, Valuation Following Massive Stock Run UPDATE: Morgan Stanley Downgrades Tesla To Underweight, Raises Target To $360 'based on (1) valuation, (2) unfavorable risk-reward, and (3) risks to the long-term Chinese business that may not be fully appreciated by the market' 10 Biggest Price Target Changes For Thursday 7 Consumer Cyclical Stocks Moving In Thursday's Pre-Market Session 21 Stocks Moving in Thursday's Pre-Market Session",17
2020-01-17,TSLA,34.03333282470703,-0.0058228941569139,0.0718903061927893,0.0930851904482967,,,"'The NHTSA is looking into claims that Tesla vehicles have a flaw that could lead to unintended acceleration' -Bloomberg Tesla Option Alert: Jun 19 $700 Calls Sweep (2) near the Ask: 500 @ $16.7 vs 7123 OI; Earnings 1/29 After Close [est] Ref=$509.14 Electrek Article Highlights Sales Data Showing Tesla's Model 3 Is Disrupting US Luxury Sedan Market Based On Sales NHTSA Considers Investigation Into Reports Of Teslas With Unintended Acceleration '#Tesla announced Friday on Weibo that it will replace its #mapping provider with #BaiduMaps...' -China's National Business Daily Benzinga Pro's Top 5 Stocks To Watch For Fri., Jan. 17, 2020: TSLA, NFLX, IBM, TWTR, PLAY Watch Tesla Shares As Hearing US Auto Safety Agency Is Reviewing A Petition Seeking A Formal Probe Into 500K Tesla Vehicles For Sudden Unintended Acceleration",7
2020-01-21,TSLA,36.47999954223633,0.0718903061927893,0.0408626444406172,0.0360014150351986,,,"Just Getting Started? New Street Gives Tesla An $800 Price Target 83 Consumer Cyclical Stocks Moving In Tuesday's Session 5 Auto Manufacturers Stocks Moving In Tuesday's Session Ex-Ford CEO Mark Fields Talks About Tesla Building An 'Iconic Brand' Tesla Reaches Settlement With Michigan Over Ban Blocking Sales; Settlement Filing Is Expected As Soon As Wed. Elon Musk Talks Tesla In China, Explains SpaceX And PayPal Launches In New Podcast 'Unofficial: First Tesla Model Y Deliveries Expected Within Two Weeks' -InsideEVs Today's Pickup: A Pragmatic Approach To Zero-Emissions Logistics; At XPO, Breaking Up Will Be Interesting To Do Tuesday's Market Minute: Earnings, Ecodata & Central Bank Policies Tesla shares are trading higher after New Street Research reiterated a Buy rating on the stock and Raised the price target from $530 to $800.",14
2020-01-22,TSLA,37.97066879272461,0.0408626444406172,0.004635122144013,0.0200680484997513,,,"'Tesla Model Y prototypes spotted cold-weather testing in Minnesota snow' - Electrek 58 Consumer Cyclical Stocks Moving In Wednesday's Session 46 Stocks Moving In Wednesday's Mid-Day Session Elon Musk's Big Day: Trump Compares CEO To Thomas Edison As Tesla's Stock Sets Milestone PreMarket Prep Recap: Netflix Beat Not Good Enough, ACP Theory On Tesla Stocks That Hit 52-Week Highs On Wednesday Wednesday's Market Minute: Stocks Aren't The Problem Benzinga Pro's Top 5 Stocks To Watch For Wed., Jan. 22, 2020: NFLX, TSLA, NNVC, SKT, SPCE Nio Will Build 200 Brick-And-Mortar Stores This Year, Report Says 10 Biggest Price Target Changes For Wednesday",16
2020-01-23,TSLA,38.14666748046875,0.004635122144013,-0.0128976031808254,0.1199056592452738,,,"Want To Ask Elon Musk A Question On An Earnings Call? Here's How Ralph Nader Says Tesla Is The Reason The 'Stock Market Bubble Implodes' Cramer: Tesla Is A Tech Company On Wheels, Unlike Ford And GM 'Tesla is about to launch a new branded wireless phone charger' -Electrek 'AT&T, Amazon, IKEA, others join new Corporate Electric Vehicle Alliance' -Electrek UPDATE: UBS On Tesla Notes 'view Tesla as the original equipment manufacturer with the biggest long-term AV opportunity.' UPDATE: UBS Reinstates Sell on Tesla, Raises Price Target to $410 As Firm Expects 'Tesla to reach 10% OP margin and generate $3-5B annual free cash flow from 2022 onwards, based on known products and capacities.' UBS Maintains Sell Rating On Tesla After Shares 'Left The Orbit' Texas Instruments And Procter & Gamble Results Front And Center, But So Is Asian Virus Tesla Opens Store On Alibaba's Tmall To Sell Car Accessories",16
2020-01-24,TSLA,37.654666900634766,-0.0128976031808254,-0.0120392728355795,0.1518182909539056,,,"CFRA Analyst To Tesla Investors: Sell Your Stock 'Tesla releases first software update of 2020' -Electrek 'Volkswagen CEO says he can catch up to Tesla and 'probably overtake' them' -Electrek Statement From Senator Markey Says Tesla Should Rebrand Autopilot Today's Pickup: Fuel-Saving TruckWings Hits Efficiency Milestones Intel, American Express Report Strong Quarters, Helping Set Positive Early Tone 5 Consumer Cyclical Stocks Moving In Friday's Pre-Market Session",7
2020-01-27,TSLA,37.20133209228515,-0.0120392728355795,0.0159133832220446,0.3977994086610625,,,"'Tesla ramps up Solarglass roof installations' -Electrek Commercial Vehicles Charge Toward Electric Future How Elon Musk Bought The Tesla.com Domain Name Going Viral: Stocks On Their Back As Virus Spreads Heading Into Key Earnings, Fed Week Hearing General Motors' All-Electric Truck to Begin Production in Late 2021 Shares of several auto manufacturing companies are trading lower as concerns about the Wuhan coronavirus continue to grow, prompting travel bans in multiple Chinese cities. Reports say the death toll rose to 80 with more than 2,700 people now infected. 19 Consumer Cyclical Stocks Moving In Monday's Pre-Market Session Tesla Could Focus Model Y Deliveries in Canada to Take Advantage of Incentives Musk Counters Critics Who Say Tesla Gigafactory In Berlin Will Hurt The Environment",9
2020-01-28,TSLA,37.793331146240234,0.0159133832220446,0.0248545137699038,0.5647557683504933,,,"Tesla Q4 Earnings Preview: Can The Good News Keep Coming? GM Invests $2B In Detroit Plant, Retools For Self-Driving EVs Turnaround Tuesday? Stocks Look To Bounce Back As Apple Earnings Loom Later UK's Prince Andrew Not Cooperating In Epstein Case, Says Prosecutor",4
2020-01-29,TSLA,38.732666015625,0.0248545137699038,0.1029622586653555,0.2645656646118159,,,"10 Stocks Moving In Wednesday's After Hours Session Tesla Charges Ahead With Q4 Earnings Beat; Deliveries Should 'Comfortably' Exceed 500K Units Tesla Says Due To Strong Initial Customer Demand In China, Co.'s Goal Is To Increase Model 3 Capacity Even Further Using Existing Facilities; Plans For Model Y Capacity To Be At Least Equivalent To Model 3 Capacity Tesla shares are trading higher after the company reported better-than-expected Q4 EPS and sales results. The company also reported Q4 Model 3 deliveries were up 46% year-over-year. Tesla Shares up 7% Following Earnings, Guidance Tesla Expects To Produce Limited Volumes Of Tesla Semi This Year Tesla Says In Q4 Deployed 54 MW Of Solar, Up 26% From Last Quarter Tesla Says Model 3 Production In Shanghai Continuing To Ramp, Model Y Production In Shanghai Will Begin In 2021 Tesla Says Production Ramp Of Model Y In Fremont Has Begun Ahead Of Schedule Tesla Sees Positive GAAP Net Income Moving Forward",30
2020-01-30,TSLA,42.72066879272461,0.1029622586653555,0.0152306904735053,0.16877074465886,,,"Cramer Compares Tesla Investors To Amazon, Netflix: If You Love The Product, You Love The Stock Electrek Reports Elon Musk On Conference Call Said Tesla Is ' rapidly approaching a 400-mile range for Model S' 50 Stocks Moving In Thursday's Mid-Day Session 'Leader Of The EV Revolution': 5 Analysts Weigh In On Tesla's Q4 Beat Oppenheimer Maintains Outperform on Tesla, Raises Price Target to $684 UPDATE: B of A Securities Maintains Underperform on Tesla, Raises Price Target to $370 Notes 10 Potential Catalysts To Remain Cautious: B of A Securities Maintains Underperform on Tesla, Raises Price Target to $370 CFRA Still Says To Sell Tesla On Competition, China Production Concerns UPDATE: Canaccord Genuity Maintains Buy on Tesla, Raises Price Target to $750 Notes 'we expect the upcoming (April) Battery day to help investors understand the lead TSLA maintains, as well as its energy density strategy.' Stocks That Hit 52-Week Highs On Thursday",41
2020-01-31,TSLA,43.371334075927734,0.0152306904735053,0.198948593763949,0.1498685742204937,0.0376220418270826,0.5972313989335845,"Position Scrimmage: Coronavirus, End-Of-Month Profit Taking Influencing Markets 70 Biggest Movers From Yesterday Elon Musk Just Released A New Song",3
2020-02-03,TSLA,52.0,0.198948593763949,0.1372564022357647,-0.0111794838538537,0.0547094073190764,0.8684849168520791,"Verizon Exec Talks 'First 5G Super Bowl,' Musk Downplays 5G Health Scare Baron Capital's Ron Baron To Appear On CNBC's Squawk Box Tuesday Feb. 4 At 4:00 p.m. What To Know About Elon Musk, Bitcoin And Twitter Scammers Fund Manager's Bullish Tesla Options Bet Nets 6,000% Return 61 Stocks Moving In Monday's Mid-Day Session 'Chinese battery giant CATL confirms supply agreement with Tesla' -Electrek Stocks That Hit 52-Week Highs On Monday Mid-Morning Market Update: Markets Open Higher; SYSCO Reports Mixed Q2 Results Tesla's Stock Gets Another New Street-High Price Target Surprise, Surprise: Stocks Wearing Their Rally Hats Despite China Market Tanking",19
2020-02-04,TSLA,59.137332916259766,0.1372564022357647,-0.1717583947927872,-0.1270263751703999,0.0596309403590309,0.946611831809524,"How Kevin O'Leary Came To Love Tesla's Stock UPDATE: Tesla Shares Fall ~9% Over Last Few Mins, Still Up 14% for Session; Not Seeing News To Justify Move Tesla Shares Fall ~$108 Over Last Few Mins Tesla Owns More Than Half The Us Market, Keeps Electric Car Sales Growing - Electrek.Co Saudi Arabia's Public Investment Fund Sold ~8.2M Shares Of Tesla Over Last Qtr. Saudi Arabia Public Investment Fund Dumped All But 39K Shares Of Tesla In Q4 Tesla Shares Tick Slightly Lower As Hearing Saudi Arabia Fund Sold Almost All Of Its Tesla Holdings In Q4 55 Stocks Moving In Tuesday's Mid-Day Session Musk On Why Tesla's Founding Principles Were 'Wrong,' What The Customer Wants UPDATE: Tesla Says Is Taking Steps To Join OSHA's Voluntary Protection Program At Facilities In Lathrop, Fremont, California, Nevada, New York, Michigan, Minnesota",33
2020-02-05,TSLA,48.97999954223633,-0.1717583947927872,0.0194093169425442,0.0443582784266405,0.0755536410290956,1.1993768688506,"6 Potential M&A Targets For Tesla Needham Maintains Underperfom On Tesla, Saying 'Irrational Exuberance' Has Driven Rally; Notes That Co. 'has never posted a full annual profit since going public' And That Growth Rate And Gross Profit Declined In 2019 68 Stocks Moving In Wednesday's Mid-Day Session Shorts In A Twist: Tesla Shares Seem To Be Going Through A Classic ""Squeeze"" Canaccord Pumps The Brakes On Tesla Following Stock's Huge Run 'How Can You Be Short This Market?': PreMarket Prep Recap For Feb. 5, 2020 Tesla Analyst Lays Out The Case For An Equity Offering PreMarket Prep Stock Of The Day: Tesla Earnings Bonanza: Results Keep Pouring In, With Investors Looking Over Merck, Disney Benzinga's Top Upgrades, Downgrades For February 5, 2020",23
2020-02-06,TSLA,49.930667877197266,0.0194093169425442,-0.001188323805631,0.0734885142323436,0.0753524937980475,1.1961837555490242,"Teslamania Runs Wild! Now What? 'Tesla has a new high-tech steering wheel with touchscreens and haptic feedback' -Electrek Joe Rogan's Cannabis Advocacy Is Altruism In Its Purest Form Tesla shares are trading higher. The stock has been increasingly volatile and reached a high of $968. Cramer said the company's stock will eventually rise above $968. Cramer Says Tesla's Stock Will Eventually Rise Above $968 Twitter Up, Tesla Down: Strong User Numbers Help TWTR, But TSLA Selling Continues 44 Stocks Moving in Thursday's Pre-Market Session 90 Biggest Movers From Yesterday",8
2020-02-07,TSLA,49.871334075927734,-0.001188323805631,0.0310264963298576,0.0694587535322486,0.0748291911434363,1.1878765834418976,"SpaceX's Starlink Satellite Internet Business 'Likely' To Go Public Ford Faces A Titanic Perspective While Tesla Reaches The Moon No Fear Friday: PreMarket Prep Recap For Feb. 7, 2020 Job Market Heats Up In January, As Warmer Weather Might Have Helped Add Positions 3 Popular ETFs With No Tesla Exposure Tesla shares are trading lower as the stock continues to come down from the recent rally. Shares initially began selling off on Wednesday when the company suggested it will delay February delivery of some China-made Model 3 vehicles. UPDATE: Shares have reversed as of the market open, now trading higher. Tesla Files For Touchscreen Steering Wheel Patent Tesla Remotely Removed Autopilot From A User's Car Without Telling Them: Report",8
2020-02-10,TSLA,51.41866683959961,0.0310264963298576,0.0040192609370288,0.1129550611521026,0.0744664451717041,1.1821181696601335,"Elon Musk Is Getting Excited About Solarglass: 'This Is A Very Important Product' Susquehanna Reports 6.7% Passive Stake In Tesla 'The degree to which SolarGlass will positively effect the esthetics & energy sustainability of neighborhoods throughout the world is not yet well appreciated' -Musk Tweet 'Tesla April company talk will be from our Giga New York factory, where we make SolarGlass & several other products. Will also offer customer & media tours' -Tweet From Elon Musk These Trading Pros Agree: GM's Stock Is Showing A Little More Promise Than Ford 'Tesla leaks new air suspension coming for Model 3' -Electrek 'Tesla Gigafactory 3 Resumes Production' -Inside EVs Tech Companies Who Have Superpowers To Change Their Industry- And The World 'Tesla to soon announce solar roof tile expansion in Europe and China' - Electrek.Co 6 Consumer Cyclical Stocks Moving In Monday's Pre-Market Session",13
2020-02-11,TSLA,51.62533187866211,0.0040192609370288,-0.0091556579336954,0.1847155059556555,0.0726982380978812,1.154048752557331,"'Tesla Gigafactory 3 Is Back Online: February 10, 2020 Video' -InsideEVs 'Tesla is building a pilot battery cell manufacturing line in Fremont - getting into the cell business' -Electrek Under Armour Gets Torn Up As Earnings Disappoint, But Coronavirus Fears Retreat Slightly The Tesla Cybertruck Has A New Rival, The Nikola Badger Waiting On The Tesla Semi",5
2020-02-12,TSLA,51.15266799926758,-0.0091556579336954,0.04784365255178,0.1721904057350962,0.0730278664266425,1.1592814400552351,"Tesla Recalling 15,000 Model X SUVs For Power Steering Issue In North America 'Connect The Marketplace:' Say Technologies Delivers An Interactive Corporate Engagement Tool UPDATE: Berkshire's Munger Says Elon Musk Overestimates Himself But He May Not Be Wrong All The Time Berkshire Hathaway's Charlie Munger, When Asked About Tesla, Says Would Never Buy It, Would Never Sell The Stock Short Tesla Shares Down 0.5% Over Last Few Mins., As Price Falls Below Near-Term Support Level At $775; Stock Down ~0.3% For Session Tesla Might Be Serious About Producing Its Own Batteries Musk On Tesla Founder Martin Eberhard: 'He Is Literally The Worst Person I've Ever Worked With' Electric Vehicles And Solar Technology – The New Era Of Energy Revolution 'Tesla now disables Supercharging in salvaged vehicles' -Electrek Apple Engineer Who Died In 2018 Tesla Crash Previously Complained Of Autopilot Malfunction",10
2020-02-13,TSLA,53.599998474121094,0.04784365255178,-0.0049377556683485,0.1206467790930101,0.0720136826693297,1.1431817720218116,"Tesla's Unexpected Capital Raise Leads To Surprising Stock Surge 'Tesla wins Taiwan military contract for a fleet of 20 electric vehicles' -Electrek Tesla shares are trading higher. Shares dipped this morning when the company announced an equity offering and have since reversed. The stock has seen heavy momentum in recent weeks. 'One of Tesla's biggest backers says the offering increases confidence in her $7,000 forecast' -CNBC Gene Munster's Loup Ventures Issues Post On Tesla Following Offering News 'Tesla Capitalizes on Its Surge' To The Moon And Back: White House Asks For Big Increase In NASA Budget UPDATE: CFRA Reiterates Sell Rating On Tesla, Says Continues To View Risk/Reward Profile As Unfavorable; Notes Higher Capex Guidance For 2020-2022 Should Equate To Weaker Free Cash Flow Than It Has Generated In Recent Quarters CFRA Says It's Unsurprised By Tesla Capital Raise Considering Co.'s 'Ambitious Growth Plans'  In Light Of Stock's Run Up; Firm Says Recent 'Speed Bumps' Such As Coronavirus, Model X Recall 'Likely Factored Into' Decision To Proceed With Offering Coronavirus Fears Back On Big Earnings Day As Alibaba, PepsiCo, Nvidia All Report Source Familiar With Matter Tells Benzinga Tesla ~2.65M Share Offering Expected To Price After The Close Today; Overallottment Is Additional 397,500 Shares",25
2020-02-14,TSLA,53.33533477783203,-0.0049377556683485,0.0729597130158357,0.0421983618683439,0.071902979166591,1.1414244083967489,"Tesla Shares Unaffected Following Amended 13G Filing From T. Rowe Price Showed Raised Stake In Co. To 0.9% Gene Munster Defends Tesla Bulls, Roth Capital's Irwin Makes Bear Case How Tesla Could Use Its $2B In Offering Cash: A Cybertruck Plant, China, Debt Payoff Walking On Sunshine Is Good – But Earning On Sunshine Is Good Too! 'Tesla is starting to add third-party charging stations to its in-car navigation' -Electrek Benzinga Pro's Top 5 Stocks To Watch For Fri., Feb. 14, 2020: TSLA, ROKU, CRON, YELP, AMD Tesla shares are trading lower after the company priced its 2.65 million share offering at $767 per share. The company also had a recall of 3,183 Model X vehicles in China. 6 Consumer Cyclical Stocks Moving In Friday's Pre-Market Session Tesla Prices 2.65M-Share Offering At $767 'Dean Of Valuation' Says Tesla Still Has Long Way To Go To Justify Stock Price",15
2020-02-18,TSLA,57.22666549682617,0.0729597130158357,0.0687558089532556,-0.0681384092538762,0.0722909681497489,1.147583542561961,"Tesla Model 3 Teardown Finds Technology Years Ahead Of Established Automakers Tesla Could Buy Cheaper Cobalt-Free Batteries To Lower Production Costs: Report Tesla Faces Huge Execution Risk Ahead, Analyst Says Stock Price Remains On Mars Market Taking A Step Back: Walmart Misses On Earnings, Apple Lowers Sales Guidance UPDATE: Cowen On Tesla Thinks 'VALUATION REMAINS ON MARS' UPDATE: Cowen Maintains Underperform On Tesla, Raises Target To $290 As Firm Sees It As A Positive That The Co. 'is taking advantage of the staggering dislocation between its stock price and our assessment of its fair value to raise additional capital' Benzinga Pro's Top 5 Stocks To Watch For Tues., Feb. 18, 2020: AAPL, WMT, TSLA, FLR, SPWR Global Stocks Drop As Apple, Others Share Grim Outlook Due To Coronavirus Outbreak UPDATE: Morgan Stanley On Tesla Notes 'Our new bull case reflects 4 million units of auto volume by 2030 with a 12% operating margin. This compares with our base case forecast of 2.2 million units and a 10% OP margin by 2030' UPDATE: Morgan Stanley Maintains Underweight On Tesla, Raises Target To $500, Raises Bull Case Target From $650 To $1,200 Believes 'investors should expect a very challenging 1Q, with our bull case moving to expansionary mode on battery capacity'",20
2020-02-19,TSLA,61.16133117675781,0.0687558089532556,-0.0196311050979861,-0.1510976433966881,0.0721959492819083,1.1460751647969696,"'Tesla is working on new ~110 kWh battery pack for more than 400 miles of range' -Electrek Electrek Co Says Tesla Has A New Building Next To Its Giga Nevada Factory 51 Stocks Moving In Wednesday's Mid-Day Session Italy's Pirelli CEO Says Co. Supplying 10% Of Tires Used By Tesla And Share Will Grow, Co Will Participate In Model 3 By Year-End Tesla Shares Cross $900 As Piper Sandler Raises Price Target To Street High Unfazed FAANGs: Pullback In Apple Didn't Carry Over To Other Big Tech Names Autonomous Yard Trucking Startup Drives Out Of Stealth With $53M In Series A 10 Biggest Price Target Changes For Wednesday Elon Musk Not Happy About Bill Gates' Porsche Purchase, Calls Their Conversations 'Underwhelming' 7 Consumer Cyclical Stocks Moving In Wednesday's Pre-Market Session",14
2020-02-20,TSLA,59.96066665649414,-0.0196311050979861,0.0017678087791648,-0.2450606549843815,0.0729202804888958,1.1575735662401625,"German Court Dismisses Environmental Challenge To Halt Preparations For Tesla Plant Near Berlin Citron Likes Recent IPO Schrodinger, Compares Company To 'An Early Stage Tesla' UPDATE: '10 Top Picks of 2020: Best Cars of the Year' -Consumer Reports 'Tesla's lead in batteries and energy efficiency validated by Consumer Reports' -Teslarati Tesla Shares Relatively Quiet As Hearing Consumer Reports Report Shows Tesla Is The Highest-Ranked US Auto Brand, Model 3 Is A Top Pick Tesla shares are trading lower. Not currently seeing company-specific news items. Movement potentially in sympathy with global equities following steep mid-day selloff. 'Tesla loses one of its most senior executives and Gigafactory builder' -Recent Electrek Article China Stimulus Doesn't Translate Into US Strength As Deere Prepares To Report Friday 'China considers extending EV subsidies after sales slump, report says' -Automotive News 7 Consumer Cyclical Stocks Moving In Thursday's Pre-Market Session",14
2020-02-21,TSLA,60.06666564941406,0.0017678087791648,-0.0745949032764651,-0.2586126635927234,0.0729664935243531,1.1583071754350591,"A Smaller, Cheaper Cybertruck: Mattel Partners With Tesla To Make RC Toys Report: Tesla's Shanghai Gigafactory Up And Running Following Coronavirus Production Hit Mattel Shares Unaffected Following 'Tesla partners with Hot Wheels on Cybertruck remote-controlled toys, pre-orders open' -Electrek 'Cheaper CATL Batteries May Spur Demand for Tesla in China: BNEF"" Lower-energy density battery (lithium-iron-phosphate) for $TSLA in China could = opening up a new segment for Tesla in China' -Tweet From Bloomberg Reporter Ark Invest Says Autonomous Ride-Hailing Now Looks Even More Profitable Than Previously Estimated 'Tesla Cybertruck Or Model X? Canadian Law Enforcement Asks Musk' -Inside EVs 4 Consumer Cyclical Stocks Moving In Friday's Pre-Market Session 'China Car Sales Slump 92% in First Half of February on Virus' -Bloomberg Article From Late Thurs. Tesla Gets Court Approval To Continue Work At Berlin Gigafactory",9
2020-02-24,TSLA,55.58599853515625,-0.0745949032764651,-0.0406337396414488,-0.1081446732863302,0.0759183380237106,1.2051662541604635,"'Tesla under scrutiny again over fatal crash on Autopilot' -Electrek Big Tech Corporations Turning To The Sun – Literally Rough Start To New Week As Apple, Chip Stocks, Travel And Leisure Sector Hit Hard By Virus Tesla shares are trading lower in sympathy with the overall market on increased coronavirus fears. Global Equities' Chowdhry said Tesla is likely being impacted by shortages from China. Global Equities' Chowdhry Says Tesla Likely Being Impacted By Shortages From China 20 Consumer Cyclical Stocks Moving In Monday's Pre-Market Session",6
2020-02-25,TSLA,53.32733154296875,-0.0406337396414488,-0.0263904705767898,-0.0680075882867983,0.0768640533563361,1.2201790196475897,"Selloff Resumes, With Bond Yields Hitting New Record Lows As CDC Virus Report Spooks Hearing NTSB To Add Recommendations For Partial Self-Driving Cars NTSB Chair Says US Auto Safety Regulators Have Ignored Board's Recommendations for System Safeguards In Tesla Autopilot Probes NTSB Chair, On 2018 Tesla Autopilot Crash In California, Says There Was A Lack Of System Safeguards To Prevent Misuse Of Autopilot Tesla shares are trading lower after analysts at Jefferies downgraded the company's stock to Hold, saying that the stock's valuation needs to be 'grounded into some visibility on market size and potential profitability.' Jefferies Downgrades Tesla's Stock On Valuation, Unclear Battery Business Model Is It A Good Time For Investment Into Alternative Energy Companies? Earnings To The Rescue? HP, Macy's, Home Depot All Report Solid Results, Providing Lift UPDATE: Jefferies Downgrades Tesla to Hold, Raises Price Target to $800 As Firm Notes 'However convinced we are about the Tesla equity opportunity, we still need valuation to be grounded into some visibility on market size and potential profitability.' A Peek Into The Markets: US Stock Futures Up Ahead Of Home-Price, Consumer Confidence Data",16
2020-02-26,TSLA,51.91999816894531,-0.0263904705767898,-0.1281458395846271,-0.0376219388008507,0.0775886746527949,1.231682026118377,"March Outlook: Political Season Starts To Sizzle, But Coronavirus Still Hogs Headlines 'Tesla asks Model Y buyers to change configuration to get sooner delivery, hinting at high volume' -Electrek Are Spaceflights Just Around The Corner? The Effects Of The Coronavirus On The Market JD Power Sees Feb. Total Vehicle Sales 1.332M Units, Down 1.8%; Sees 2020 Light-Vehicle Sales 16.8M Units, Down 1.1% 'Tesla May Be Less Vulnerable To Coronavirus Crisis Than Rivals' -Electrek Tesla shares are trading lower. Weakness potentially related to announcement that Panasonic plans to exit solar cell production at the company's NY plant, as well as recent autopilot safety concerns and the broader market selloff. UPDATE: Shares have since reversed, now trading higher. 6 Consumer Cyclical Stocks Moving In Wednesday's Pre-Market Session Panasonic to Exit Solar Cell Production at Tesla's NY Plant Musk's SpaceX Gets Los Angeles Approval To Build Spaceship At Port",12
2020-02-27,TSLA,45.26666641235352,-0.1281458395846271,-0.0162150478009941,0.0670692043111698,0.084223199467228,1.3370018424748389,"'Tesla sales in China drop despite start of local production, people panic and TSLA crashes' -Electrek Why Tesla CEO Elon Musk 'Clearly Understands The Wall Street Game' 100 Stocks Moving In Thursday's Mid-Day Session Gordon Johnson Maintains Bearish Tesla Thesis Despite Rally: PreMarket Prep Recap For Feb. 27, 2020 Tesla shares are trading lower. Potential catalysts include market-wide weakness, profit taking from recent highs and the recent announcement that Panasonic will stop joint solar cell production at company's NY plant. 'Tesla's massive 1GWh Megapack battery project with PG&E is approved' -Electrek 10 Consumer Cyclical Stocks Moving In Thursday's Pre-Market Session Hearing Tesla Jan. New-Car Registrations In China Down 46% Month Over Month Tesla Supplier CATL Plans To Raise $2.85B To Expand Electric Battery Business Microsoft Shares Fall As Company Warns Of Q3 Earnings Miss Due To Coronavirus Impact",10
2020-02-28,TSLA,44.53266525268555,-0.0162150478009941,0.1132203429321523,0.0531295649098322,0.0815622001190082,1.2947597873890706,"Key Stocks Like Apple, Disney Close To Or Already In Bear Territory As Selloff Continues Gene Munster On Apple's Future, Tesla's Valuation And The 2020 Election Coronavirus Is Not Only Eating Into Growth, But Might Also Break Some Bubbles 'Why Tesla Could Be Worth $1.5 Trillion by 2030, According to Ron Baron' -Barron's Worst Of The Worst: Losses Accelerate Into Close As Toughest Week In Years Continues Tesla shares are trading lower. Movement appears market related as equities continue to sell off amid the global coronavirus spread. 9 Consumer Cyclical Stocks Moving In Friday's Pre-Market Session 140 Biggest Movers From Yesterday Hyundai Stock Dips As Company Shuts Down Factory After Worker Tests Positive For Coronavirus Tesla And PG&E To Build World's Largest Battery Farm",11
2020-03-02,TSLA,49.574668884277344,0.1132203429321523,0.0025416095259802,-0.1823781431737969,0.0850626973852017,1.3503284587775282,"How The COVID-19 Outbreak Is Benefiting Biotech Investors 'Tesla Cybertruck is already boosting sales, keeping momentum without tax credit' - Electrek.Co Tech Industry Being Smashed By Coronavirus Emerging Companies That Have The Power To Change The World Tesla shares are trading higher, potentially on a rebound after the stock traded lower with the overall market amid coronavirus fears. 10 Consumer Cyclical Stocks Moving In Monday's Pre-Market Session Visser, Parts Manufacturer for Tesla and SpaceX, Confirms Data Breach",7
2020-03-03,TSLA,49.70066833496094,0.0025416095259802,0.0053520173720666,-0.1343778504308784,0.0725305972844189,1.1513875371452953,"Fed Surprise: 50 Basis Point Cut Does Little To Support Wobbly Markets 5 Reasons Why Tesla Is Way Ahead Of Traditional Automakers Benzinga's Top Upgrades, Downgrades For March 3, 2020 Super Tuesday Begins As Investors Eye Earnings From Kohl's, Target, And G7 Disappoints 5 Consumer Cyclical Stocks Moving In Tuesday's Pre-Market Session Tesla shares are trading higher. JMP analysts upgraded the company's stock from Market Perform to Market Outperform, saying the recent market pullback represents an opportunity for investors. UPDATE: Shares have since reversed, now lowe. JMP Securities Upgrades Tesla to Market Outperform 108 Biggest Movers From Yesterday 'He Has A Good Heart': Elon Musk Expresses Support For Dorsey To Continue As Twitter CEO",9
2020-03-04,TSLA,49.96666717529297,0.0053520173720666,-0.0333022304450705,-0.1537958425958712,0.0650317976498708,1.0323477833581984,"'GM reveals 10 new production EVs all at once, with range up to 400 miles' -Electrek The Sustainable Energy Heroes Who Are Resisting A Tough Macroeconomy Tesla Blames COVID-19 Impact For Model 3 Hardware Botch In China, Promises Free Replacement EVs Kingdom – Do Traditional Automakers Have A Shot? WeWork Crisis Prompted Nikola's Pivot On Going Public 13 Consumer Cyclical Stocks Moving In Wednesday's Pre-Market Session 'Tesla's quiet chip downgrade sparks anger in China' -Nikkei Tesla shares are trading higher. Move appears market related amid a rebound in equities following several sessions of weakness. UPDATE: Shares have since reversed, now lower.",8
2020-03-05,TSLA,48.30266571044922,-0.0333022304450705,-0.0290667048694489,-0.2263367169857751,0.0526879116857892,0.836394668519593,"'SpaceX plans to fly three space tourists to the International Space Station late next year' -CNBC GM Is Charged Up About Electric Vehicles, Makes Push To Challenge Tesla Solar Companies Who Are Not Only Dominating The Industry But Are Thriving Despite Coronavirus Tesla shares are trading lower. Weakness appears market related, as equities across sectors continue to sell off amid coronavirus concerns. Additionally, GM recently revealed its new electric car battery, which could be a potential competitor to Tesla. 8 Consumer Cyclical Stocks Moving In Thursday's Pre-Market Session Angry Chinese Customers Threaten To Boycott Tesla",6
2020-03-06,TSLA,46.89866638183594,-0.0290667048694489,-0.1357252572024996,-0.2229771850214946,0.0528934029323766,0.839656740930019,"Nio's History Of Capital Raises: A Look At The Chinese EV Manufacturer's Debt Hearing Of Job Posts By Tesla, Seeking Staff For Solar, Energy Storage Business In China Grimes Confirms Tesla's Elon Musk Is Father Of Her Child Investing In Solar Companies Equals Investing In The Only Future We've Got? Coronavirus Crushes Hopes of Chinese Car Market Recovery Tesla shares are trading lower in sympathy with the overall market despite the Chinese government giving the company approval to sell longer-range China-made Model 3 vehicles in China. 24 Consumer Cyclical Stocks Moving In Friday's Pre-Market Session Chinese Government OKs Tesla Sales Of Long-Range Model 3: Report Tech Giants Ask Seattle Employees To Work Remotely As Coronavirus Cases Rise Tesla Obtains Chinese Government Approval to Sell Longer Range China-made Model 3 Vehicles in China",11
2020-03-09,TSLA,40.53333282470703,-0.1357252572024996,0.0613980238236631,-0.2679769650004658,0.060780080969376,0.9648538734680312,"Elon Musk Says Market Was Too High, Due For A Correction Crude Awakening: Energy Sector Takes A 20% Spill As Crude Price War Sends Oil To 4-Year Low 'Market was bit high anyway, so due for a correction' -Tweet From Elon Musk Investor Movement Index Summary: February 2020 10 Most Profitable Shorts Since The Coronavirus Sell-Off Ramped Up: Tesla, Amazon And More Auto Shows Are Being Canceled But EV Game Of Thrones Is On! Tesla Now China's Largest EV Manufacturer By Output: Report 51 Consumer Cyclical Stocks Moving In Monday's Pre-Market Session Benzinga Pro's Top 5 Stocks To Watch For Mon., Mar. 9, 2020: XOM, GLD, BA, TSLA, SPEX Tesla shares are trading lower in sympathy with the broader market amid a steep decline in the price of oil after OPEC members failed to reach a production agreement and Saudi Arabia pledged to cut its oil prices and increase supply.",12
2020-03-10,TSLA,43.02199935913086,0.0613980238236631,-0.0172004526705585,-0.3333643082050573,0.0621832447162076,0.9871284074049408,"'Tesla gets banned from KC Auto Show, owners volunteer to take over' -Electrek No Starlink Spin-Off In The Works, Says Elon Musk Nio Fundamentals Have Bottomed Out; COVID-19, Tesla Competition Keep BofA On Sidelines 82 Stocks Moving In Tuesday's Mid-Day Session One-Year Anniversary Of Whitney Tilson's $100 Tesla Call The Main Challenges Faced By The Upcoming EV Era The Electric Revolution Speeding Up From Increased Regulations 'Tesla to add production capacity for 250,000 cars at Gigafactory Shanghai' -Electrek 11 Consumer Cyclical Stocks Moving In Tuesday's Pre-Market Session Benzinga Pro's Top 5 Stocks To Watch For Tues., Mar. 10, 2020: FXI, TSLA, OXY, CORV, CLDR",13
2020-03-11,TSLA,42.28200149536133,-0.0172004526705585,-0.116172423011135,-0.4304590059900002,0.0621664151028745,0.9868612455756962,"Despite Volatility, FANG Continues to Prove Its Popularity Only Technology Can Save And Lead The Automotive Industry Forward Coronavirus – Another Severe Hit To The Automotive Industry Tesla shares are trading lower. Weakness potentially related to global coronavirus outbreak, which has caused global economic disruption and could negatively impact the company's China operations. 108 Biggest Movers From Yesterday Tesla Searches For New Gigafactory Sites In US",6
2020-03-12,TSLA,37.369998931884766,-0.116172423011135,-0.0248505535904755,-0.2371064096409254,0.0667057530730846,1.058921001891988,"UPDATE: Morgan Stanley On Tesla Notes 'Cutting Tesla FY20 Deliveries to 452k'; 'Our previous 500k delivery estimate is a bull case while 400k units is a bear case' UPDATE: Morgan Stanley Maintains Underweight On Tesla, Lowers Target To $480 Notes 'we are marking to market our forecasts for Tesla in the midst of the COVID-19 pandemic, mainly to adjust for lower expectations of growth outside of China' 'Tesla withdraws US employees working on Gigafactory Berlin over coronavirus concerns...' -Electrek 10 Biggest Price Target Changes For Thursday Tesla shares are trading lower on continued weakness amid global coronavirus outbreak, which has caused global economic disruption. Morgan Stanley has also maintained an underweight rating on the co.'s and lowered its price target from $500 to $480. Morgan Stanley Maintains Underweight on Tesla, Lowers Price Target to $480",6
2020-03-13,TSLA,36.44133377075195,-0.0248505535904755,-0.1857780645558401,-0.2178661465022526,0.0651550029755825,1.0343036072703882,"Elon Musk Trial Schedule For Monday Over Tesla-Solarcity Deal Has Been Postponed Due To Coronavirus Tesla shares are trading lower, reversing from earlier strength. Not currently seeing company-specific news. Tesla shares are trading higher on a rebound with the overall market following Thursday's crash. UPDATE: Shares have since reversed, now lower.",3
2020-03-16,TSLA,29.67133331298828,-0.1857780645558401,-0.033410463808802,-0.024220889202359,0.0751657593681118,1.193219438372084,"Tesla's Model Y Is Out For Delivery Tesla Starts Delivering Model Y Coronavirus Downturn Prompts Bitcoiners To Take A Bet On Alternate Markets 'Tesla is still not cheap after 40% plunge, Bernstein says' -CNBC Pro Tweet Tesla shares are trading lower after RBC analyst cut its price target on the stock from $530 to $380 per share. Hearing Telsa Shares are Trading Lower Amid a Price Target Cut at RBC Zhejiang Yinlun Machinery's Units Signs Agreements With Tesla, Tesla Shanghai",7
2020-03-17,TSLA,28.68000030517578,-0.033410463808802,-0.1603440409986845,0.1738726492327378,0.0714606593203825,1.1344027985186522,Tesla HR Exec Comments In Email To Staff That Tesla And Its Suppliers To Continue Operations Tesla Factory In California Will Remain Open During Pandemic: Officials Tesla's U.S. Factory to Stay Open as Coronavirus Lockdown Begins,3
2020-03-18,TSLA,24.08133316040039,-0.1603440409986845,0.1838768421567878,0.4928575807445756,0.0729076787809358,1.1573735203280229,"Alameda County Spokesperson Says Is In Talks With Tesla About Factory, Says Co. Must Move To Minimum Basic Operations, Comply With Health Order If Its Still Making Cars Class 8 Truck Production Could Fall To Less Than Half Of 2019 'Tesla Will Reduce Its Factory Workforce And Remain Open, A Sheriff's Office Said' -BuzzFeed Attorneys For California's Alameda County And City Of Fremont Discuss How To Respond To Tesla Factory Operating Despite Lockdown Order; Fremont Police Spokeswoman Says 'This Is All Very New And There Are A Lot Of Moving Parts' Tesla Tells Employees It's Awaiting 'Final Word' On US Plant, Tells Workers 'No Changes' In Normal Assignments 'Tesla Fremont factory is still operating despite Sheriff's order' -Electrek UPDATE: B of A Securities Upgrades Tesla to Neutral, Raises PT to $500 Views Co. 'as a trailblazer in the electric vehicle market, and believe the company could be successful as demand for EVs increases over time' But Also Cites 4 Potential Risk Factors: People Seen Going To Work At Tesla's Fremont Factory Despite Alameda County's Order For Lockdown Democrats Want An Electric Car Tax Credit Extension In Coronavirus Bill BofA Is Less Bearish On Tesla Now, Upgrades Stock",20
2020-03-19,TSLA,28.50933265686035,0.1838768421567878,-0.0002571736151377,0.23505755396983,0.0887912768607612,1.4095178229927483,"Tesla Says Cash Position At End Of Q4 Was $6.3B Before Recent $2.3B Capital Raise Tesla Says Believes Level Of Liquidity Is Sufficient To Successfully Navigate An Extended Period Of Uncertainty; Says At End Of Q4 2019 Had Available Credit Lines Worth Approximately $3B Including Working Capital Lines Tesla Reports It Will Temporarily Suspend Production In Fremont and New York Alameda County Spokesman California City Of Fremont Is Meeting With Tesla Today To Discuss Coronavirus Lockdown Order 'elon musk offers to build ventilators for hospitals in need. mayor of NYC accepts via Twitter' -Tweet Highlighted By CNBC's Carl Quintanilla; BZ NOTE: Musk Tweeted Referenced Did Not Suggest Musk Agreed To Make Ventilators Fremont City, California Officials Will Meet With Tesla Over Compliance With Health Shut Down Order Tesla shares are trading higher after a Morgan Stanley analyst upgraded the company's stock from Underweight to Equal-Weight. Morgan Stanley Upgrades Tesla On More Realistic Stock Price, Can Weather Coronavirus Downturn Canaccord Genuity Maintains Hold on Tesla, Lowers Price Target to $400 10 Biggest Price Target Changes For Thursday",14
2020-03-20,TSLA,28.50200080871582,-0.0002571736151377,0.0158117470642444,0.2030968884494191,0.0887510694686955,1.4088795504311142,"COVID-19 Has Hit the Auto Industry Hard, But Could Hit EVs Even Harder Elon Musk Tweets: Yes, we're working on ventilators, even though I think they probably won't be needed Tesla shares are trading higher, rebounding from after hours weakness when the company announced it will temporarily suspend production at its Freemont factory. The company said it believes liquidity is sufficient for a period of uncertainty. Friday's Market Minute: Calm After the Storm? A Peek Into The Markets: US Stock Futures Surge; Crude Oil Up Over 6% Registration of New Tesla Cars in China in February Declined 35% MoM, Following a 46% MoM Decline in January 6 Stocks To Watch For March 20, 2020 Tesla To Shut Down Fremont Factory Due To Coronavirus, Says It Has Enough Cash To Survive",8
2020-03-23,TSLA,28.952667236328125,0.0158117470642444,0.1628174932356298,0.1562089908413537,0.0888118024119738,1.4098436560169354,"Benzinga CEO Talks Hedging Bets, Dividend Plays On PreMarket Prep 'Tesla Semi electric truck spotted coming back from winter testing ahead of production' -Electrek Dr. Oz Says 'Men Die More Frequently Than Women' From Coronavirus Tesla shares are trading higher. US President Trump on Sunday said auto companies, including Tesla are being given the go ahead to make ventilators. Strength also potentially related to Monday morning Fed actions, which boosted stocks. UPDATE: Shares have reversed are are now trading lower. Elon Musk Says We Expect to Have Over 1200 Ventilators to Distribute This Week",5
2020-03-24,TSLA,33.66666793823242,0.1628174932356298,0.0678217645089267,0.0376237534013594,0.0984492754205594,1.5628337971038246,"75 Stocks Moving In Tuesday's Mid-Day Session Argus Downgrades Tesla On Coronavirus Impact, Slashes 2020 Delivery Forecast By 19% UPDATE: Argus Research On Tesla Also Notes 'in the near term, we believe that consumers will focus on basic concerns and expect consumer confidence and spending to take a major hit as consumers defer large discretionary purchases.' UPDATE: Argus Research Downgrades Tesla to Hold, Notes 'we expect the coronavirus pandemic to have a negative impact on vehicle deliveries.' Morgan Stanley Maintains Equal-Weight on Tesla, Lowers Price Target to $440 Benzinga's Top Upgrades, Downgrades For March 24, 2020 How Ford, GM And Chrysler Are Producing A New Arsenal To Help Fight COVID-19 Argus Research Downgrades Tesla to Hold Tesla shares are trading higher after UBS upgraded the company's stock from Sell to Neutral. 26 Stocks Moving in Tuesday's Pre-Market Session",14
2020-03-25,TSLA,35.95000076293945,0.0678217645089267,-0.020565621439638,-0.1069819357375794,0.1002684438825586,1.5917122011641158,"Auto Manufacturers Enter A New Field As They Are About To Start Producing Medical Equipment Tesla shares are trading higher as equities gain after the White House and Senate reached a $2 trillion stimulus deal aimed at supporting the economy. Tesla, Wayfair And Other Profitable Short Trades Could Get A Short Covering Boost 120 Biggest Movers From Yesterday SpaceX Worker Tests Positive For COVID-19, Some Employees Sent Home",5
2020-03-26,TSLA,35.21066665649414,-0.020565621439638,-0.026128393930185,-0.139522104728304,0.0966065056213445,1.5335807334302458,"Tesla shares are trading lower despite overall market strength. Not currently seeing company-specific news from the session. Tesla's Long-Term Prospects Remain Positive While Automakers Turn To Ventilators A Peek Into The Markets: US Stock Futures Down, Jobless Claims Data In Focus Tesla To Reopen New York Gigafactory To Make Ventilators For COVID-19 Patients Elon Musk's SpaceX Makes And Donates Face Shields, Protective Suits, Sanitizer For COVID-19 Healthcare Workers",5
2020-03-27,TSLA,34.29066848754883,-0.026128393930185,-0.0237771485955257,-0.0667820435276395,0.0966762671028083,1.534688162616515,"How Will Traditional Automakers Transition To Electric Vehicles? Electrek Reports European EV Registrations Rose by 92% in February 'Biggest value Tesla is providing is precise delivery of ventilators exactly to the ICU where & when they're needed. There are many ventilators in warehouses, but stuck in logistics/routing/paperwork issues' -Elon Musk Tweet 'Tesla Gigafactory Shanghai makes 3,000 cars per week amid other factory shutdowns' -Electrek Piper Sandler Maintains Overweight on Tesla, Lowers Price Target to $820 Benzinga Founder, CEO Jason Raznick To Appear On Benzinga's PreMarket Prep Morning Trading Show at 8:45 a.m. EDT; Will Be Talking Overall Market, Tesla, Peloton, Smile Direct Club and Dividend Stock Ideas; premarket.benzinga.com Hearing New Street Upgrades Tesla From Neutral To Buy, Announces $800 Target 13 Consumer Cyclical Stocks Moving In Friday's Pre-Market Session Tesla To Reduce 75% Of All On-Site Staff At Nevada Gigafactory Due To Pandemic 1,000 Google Employees Volunteer To Help Expand Sister Company's Coronavirus Testing Program",12
2020-03-30,TSLA,33.47533416748047,-0.0237771485955257,0.0435544623934431,0.0281002780741252,0.0923549709282892,1.466089712501121,Another One Bites the Dust: Tesla Reduces Its Nevada Gigafactory Activities 'Tesla starts preparing Model Y rear-wheel-drive deliveries amid drop in demand' -Electrek Tesla shares are trading lower. Not seeing any news to justify the price action.,3
2020-03-31,TSLA,34.93333435058594,0.0435544623934431,-0.0809923905527714,0.0409351220477411,0.093224326991172,1.479890312160046,"What Tesla Analysts Expect From This Week's Q1 Delivery Report Automakers Plan To Restart North American Factories – But Cars Aren't First On The List Trading 212 Takes On Disciplined Investing With 'Next Generation Product' 'Tesla is using its logistic network to deliver ventilators to hospitals for free' - Electrek. Co 'How Tesla Fought to Keep Its Plant Open in a Locked-Down City' -Earlier Bloomberg Article 'Tesla reveals insane $172,000 Powerpack price and here's why it makes sense' -Electrek Tesla shares are trading higher despite analyst expectations of lower deliveries. Additionally, the company recently announced it is reopening a NY factory to make ventilators. Musk Says Tesla Has 'Extra' Ventilators Ready For Shipping 'We have extra FDA-approved ventilators. Will ship to hospitals worldwide within Tesla delivery regions. Device & shipping cost are free...' -Tweet From Tesla's Elon Musk JMP Securities Reduces Tesla 2020 Deliveries Est. To 90K",12
2020-04-01,TSLA,32.104000091552734,-0.0809923905527714,-0.0562546645498724,0.1397125740164031,0.0943082255119999,1.497096667755293,"Tesla shares are trading lower. Weakness potentially related to concerns of lower deliveries. NOTE: Many stocks across sectors are trading lower amid the continued growth in coronavirus cases. A Peek Into Tesla's Price/Earnings Ratio 'Does The Coronavirus Guarantee The Tesla Cybertruck Will Be Delayed?' -InsideEVs China May Ease Electric Car Quotas, Delay Emission Rules to Help Automakers",4
2020-04-02,TSLA,30.29800033569336,-0.0562546645498724,0.0561973469358718,0.2608093055546288,0.0946482134728191,1.5024938093137945,"Tesla Trades Higher After Strong Q1 Delivery Figures Tesla shares are trading higher after the company reported Q1 delivery and production figures. Tesla Shares Up ~4% Following Q1 Delivery And Production Figures Tesla Q1 Model S/X Deliveries 12,200, Model 3/Y Deliveries 76,200; Total Deliveries 88,400, Total Production 102,672 Tesla Is Still A 'Maximum Short' For Chanos Tesla shares are trading lower, potentially amid continued concerns over lower deliveries. Chanos Says Tesla Short Still One Of His Favorite Positions Chanos Says Tesla Is Increasing Capacity At 'Exactly The Wrong Time' Short-seller Chanos Says He Is Still Maximum Short On Tesla Elon Musk's SpaceX Bans Employee Use Of Zoom: Report",13
2020-04-03,TSLA,32.000667572021484,0.0561973469358718,0.0754775752334993,0.3561175679475794,0.0960692312137284,1.5250517666201358,"40 Stocks Moving In Friday's Mid-Day Session Tesla Analysts Dissect 'Surprisingly Strong' Q1 Deliveries Data Morning Market Stats in 5 Minutes 'Tesla Software Update Allows In-Car Viewing Of Sentry Mode Videos' -InsideEVs 5 Consumer Cyclical Stocks Moving In Friday's Pre-Market Session Tesla shares are trading higher after the company reported strong Q1 delivery and production figures. 25 Stocks Moving in Friday's Pre-Market Session Global Coronavirus Cases Surge Past 1M, Medical Equipment Remains In Shortage A Peek Into The Markets: US Stock Futures Down, All Eyes On Jobs Report 5 Stocks To Watch For April 3, 2020",11
2020-04-06,TSLA,34.41600036621094,0.0754775752334993,0.056582237006908,0.3751162165864845,0.093619125233515,1.4861575399637552,"'Tesla is making improvements to Fremont factory — increasing Model Y production capacity' -Electrek Investor Movement Index Summary: March 2020 66 Stocks Moving In Monday's Mid-Day Session Jefferies Upgrades Tesla, Says Company Is 'Doubling Market Coverage With Model Y' Benzinga's Top Upgrades, Downgrades For April 6, 2020 10 Biggest Price Target Changes For Monday Jefferies Upgrades Tesla to Buy, Lowers Price Target to $650 Tesla shares are trading higher after analysts at Jefferies upgraded the company's stock from Hold to Buy. 26 Stocks Moving in Monday's Pre-Market Session A Peek Into The Markets: US Stock Futures Jump; Crude Oil Falls Over 3%",14
2020-04-07,TSLA,36.36333465576172,0.056582237006908,0.0062149944977303,0.3380327996114316,0.0934482708853288,1.483445311269467,"Why Tesla's Stock Is Trading Higher Today Carmakers Are Showing The World How To Work Together 56 Stocks Moving In Tuesday's Mid-Day Session 'Tesla prepares to increase the price of 'Full Self-Driving' again with new features' -Electrek 22 Stocks Moving in Tuesday's Pre-Market Session Tesla shares are trading higher, potentially on reports the company plans to debut a new Model 3 in China as well as the company's progress on ventilator production. Movement also likely related to overall market strength. 84 Biggest Movers From Yesterday Tesla Nearing Debut of Longer Range China-made Model 3",8
2020-04-08,TSLA,36.589332580566406,0.0062149944977303,0.0440201574824166,0.3577910383526379,0.0934232299380482,1.4830477985548791,"Hearing Tesla Hopes To Resume U.S. Car Production May 4 Tesla to Furlough Hourly Workers at U.S. Car Plans Amid Coronavirus Shutdown; Hopes to Resume U.S. Car Production May 4 iPhone Maker Foxconn To Produce Ventilators In US A Peek Into The Markets: US Stock Futures Flat Ahead Of Fed Minutes Tesla Announces Pay Cuts, Furloughs; Aims to Get Back to Production By May 4 5 Stocks To Watch For April 8, 2020 80 Biggest Movers From Yesterday Tesla Furloughs All Non-Essential Workers In The US, Others To Get Pay Cut 'Tesla will slash employee pay, and will furlough hourly workers until May 4' -CNBC",9
2020-04-09,TSLA,38.20000076293945,0.0440201574824166,0.1360383930298492,0.3156893602203576,0.0900154196424463,1.42895048721019,"Tesla shares are trading higher amid overall market strength following a Fed loan program and optimism towards a coronavirus recovery. The company reportedly sold 10,160 units in China in March. Will FANG Lead The Market Rebound? Auto Industry Survey Shows New Vehicle Sales Expected To Be Down 50+% In Apr. A Peek Into The Markets: US Stock Futures Mixed Ahead Of Economic Data Tesla Sold 10,160 Units in China in March",5
2020-04-13,TSLA,43.39666748046875,0.1360383930298492,0.0905445731500638,0.1465703413871233,0.0942946732954373,1.4968815329868628,"'Elon Musk: Tesla's upcoming event will focus on batteries, not powertrain — 'a lot to talk about'' -Electrek Tesla shares are trading higher following a media report that the company is now producing all Chinese Model 3s in China, meaning vehicles are not subject to import tax. Tesla Furlough Has Hit New Workers In Delivery And Sales The Worst: Report",3
2020-04-14,TSLA,47.32600021362305,0.0905445731500638,0.0280888782705652,-0.0326388514412964,0.0832232084518091,1.3211274772342538,"'Tesla is still getting tons of Cybertruck orders months after electric pickup unveiling' -Electrek Here's How Long It Took Tesla To Reach A $100B Market Cap 55 Stocks Moving In Tuesday's Mid-Day Session Morning Market Stats in 5 Minutes Benzinga's Top Upgrades, Downgrades For April 14, 2020 10 Biggest Price Target Changes For Tuesday 10 Consumer Cyclical Stocks Moving In Tuesday's Pre-Market Session Tesla Striving To Cut Costs By Seeking Rent Relief As Coronavirus Affects Business 31 Stocks Moving in Tuesday's Pre-Market Session Tesla shares are trading higher after Credit Suisse analysts upgraded the company's stock from Underperform to Neutral and raised their price target from $415 to $580.",12
2020-04-15,TSLA,48.65533447265625,0.0280888782705652,0.0210734016250004,0.0031240238895391,0.0820063054920748,1.3018097416273224,"VW Settlement, Market Momentum Boost California Clean Truck Projects Tesla To Report Q1 Earnings Wed., Apr. 29 After Market Close Steve Grasso Says Tesla Has 'Defied All Laws Of Probability' Every Member Of Trump's 'Great American Economic Revival' Industry Groups Goldman Initiates Coverage On Auto Stocks, Says Industry 'Significantly Better Positioned' Than In 2008 Morning Market Stats in 5 Minutes Bank Earnings, Crude Weigh On The Market, But Signs On Pandemic Front Encourage Benzinga's Top Upgrades, Downgrades For April 15, 2020 Tesla China Car Registrations Buck Industry Slump In March Cramer Advises His Viewers On Alcoa, Xerox, Tesla And More",19
2020-04-16,TSLA,49.680667877197266,0.0210734016250004,0.0116477235862064,-0.0531125722147114,0.0688254689440738,1.092570448160512,"Big Stocks Moving After Hours As Market Cheers Gilead, 'Reopening' Updates S&P 500 Futures Up 3.2% After Hours; Many Other Stocks Moving Higher With Futures; Investors Reacting Favorably To White Phase Guidelines On Reopening Economy Elon Musk Tweets Partial List Of Hospitals To Which Tesla Sent Ventilators 'California governor says ventilators promised by Elon Musk never made it to hospitals' -The Hill Alibaba, Tesla Among Cramer's Stay-At-Home Stock Ideas CEO Elon Musk's 'Taking Tesla Private' Tweet Wasn't Merely 'Aspirational,' Judge Rules He Must Face Lawsuit",6
2020-04-17,TSLA,50.259334564208984,0.0116477235862064,-0.0099882483605731,-0.0381222788328632,0.0599474114980242,0.9516356553949562,Ross Gerber Says Tesla Is Pushing Ahead Of Competitors During COVID-19 Pandemic 'Tesla completes massive expansion of its 'world's biggest battery' -Electrek 'Tesla angers Chinese buyers by rushing deliveries before the release of long range #Model3.' -China's National Business Daily Chinese Self-Driving Startup Launches 'Contactless' Deliveries To Combat Coronavirus Pandemic In California,4
2020-04-20,TSLA,49.75733184814453,-0.0099882483605731,-0.0799077799617374,0.070194040197228,0.0602480320767858,0.9564078591373064,The Sound Of Electric Vehicles,1
2020-04-21,TSLA,45.78133392333984,-0.0799077799617374,0.0660968284941083,0.1199906476813932,0.0650382900237808,1.032450846598904,"Tesla shares are trading lower amid overall market weakness. Stocks across sectors are moving lower today after oil prices fell to lows, partially stemming from weak demand caused by the coronavirus pandemic. CocaCola, IBM Earnings Under Scrutiny As Both Multinationals Withdraw Guidance, Netflix Later IHS Markit Sees Global Light Vehicle Sales Down To 70.3M In 2020 Jerremy Newsome Shares The Rules For His Options Strategy",4
2020-04-22,TSLA,48.807334899902344,0.0660968284941083,-0.0361694627790739,0.0934285301163386,0.0574094192695998,0.9113462778000032,"JD Power Says Auto Retail Sales Show Signs Of Recovery During First 2 Weeks Of Apr. Benzinga's Top Upgrades, Downgrades For April 22, 2020 BofA Downgrades Tesla, Says Company 'Faces Several Hurdles' B of A Securities Downgrades Tesla to Underperform, Lowers Price Target to $485 Gene Munster Sees Apple And Tesla As Biggest Winners This Earnings Season",5
2020-04-23,TSLA,47.04199981689453,-0.0361694627790739,0.0276632453162877,0.108059437982098,0.057586593424132,0.9141588303098456,Tesla Appoints Hiromichi Mizuno As New Independent Director To Its Board,1
2020-04-24,TSLA,48.34333419799805,0.0276632453162877,0.1014962224555282,-0.0328622104701247,0.0570220587156763,0.9051971196396168,"The Benefits Of Electric Vehicles Are Clear As Day 'NIO said Friday that it will cover the subsidy decline for buyers who pick up their cars before May 31. NIO is exempted from the price limit for subsidy qualification that excluded Model 3...' -Tweet From China's National Business Daily 'China extends new energy vehicle subsidy for two more years, but excludes premium models like Tesla's #Model3. Industry expects @Tesla to cut price to meet subsidy standards' -Tweet From China's National Business Daily Tesla Raises China-made Model 3 Prices after EV Subsidies Cut Tesla Appoints Japanese Pension Fund Manager Hiromichi Mizuno As Director",5
2020-04-27,TSLA,53.25,0.1014962224555282,-0.0370954773235768,-0.0470235045527068,0.0589899849259746,0.9364369797454676,"'All-Electric Lexus Goes On Sale In China This Week, Two Toyota EVs To Follow' -Electrek Tesla Backtracks From Recalling Some Workers To Plant This Week Tesla shares are trading higher, potentially in anticipation of Q1 results this week. Not currently seeing company-specific news from the session. 'Tesla doubles down on claim Chinese EV startup stole its Autopilot source code' -Electrek Fremont Tesla Employees Asked To Go Back To Work Despite Coronavirus Health Orders In Place",5
2020-04-28,TSLA,51.27466583251953,-0.0370954773235768,0.0408128769246769,-0.001183140438465,0.0596280103238291,0.946565318942664,"'Electric vehicles are taking over sales charts in Europe and the @Tesla Model 3 has been leading the way' -Inside EVs Tesla Q1 Earnings Preview: Analysts Convinced Of Long-Term Potential Ahead Of The Print 'Tesla Is Working On Pay-As-You-Go Subscription To Its Self-Driving Package' Earnings Feast: Bring a Plate With Healthcare and Caterpillar in Morning, GOOGL And AMD Later Tesla Vehicles Will Now Recognize Traffic Lights And Stop Signs With Updated Software A Peek Into The Markets: US Stock Futures Up Ahead Of Earnings, Economic Reports Tesla's Musk Nears $750M  Options Payday Tesla Reverses Gear On Reopening Fremont Facility As Stay-At-Home Orders Likely To Be Extended",8
2020-04-29,TSLA,53.367332458496094,0.0408128769246769,-0.0232726749233698,-0.0223981885250857,0.0595819228723306,0.9458337033313088,"Elon Musk Calls Bay Area's Shelter-In-Place Order 'Fascist' In Vulgar Conference Call Rant From Conference Call: Tesla CEO Says Might Announce Next Gigafactory in 1-3 Months in the U.S. 13 Stocks Moving In Wednesday's After-Hours Session Tesla shares are trading higher after the company reported better-than-expected Q1 EPS and sales results. The company also reported Q1 Model S/X production was up 9% year over year and Model 3/Y product was up 39% year over year. Tesla Reports Big Q1 Earnings Beat, Near-Term Profitability 'On Hold' Tesla Says Will Shift First Tesla Semi Deliveries To 2021 Tesla Says Continues To Build Capacity For Model Y At Gigafactorys In Berlin, Shanghai, Remain On Track To Start Deliveries From Both Locations In 2021 Tesla Says Sees Production Of Model Y In Fremont, California, Model 3 In Shanghai, China Continuing To Ramp 'Gradually' Through Q2 UPDATE: Tesla Says 'we will achieve industry leading operating margins and profitability with capacity expansion and localization plans underway' Tesla Says Near-Term Profitability Is On Hold",33
2020-04-30,TSLA,52.12533187866211,-0.0232726749233698,-0.1030337133662409,-0.0023532781634653,0.0555363058351204,0.8816115238497233,"7 Times Elon Musk Wasn't Afraid To Speak His Mind Blue Origin, SpaceX Land NASA Deal Earlier Bloomberg Article Highlights Greenlight's Einhorn Questioning Tesla's Billing Practices 'Jeff Bezos and Elon Musk win contracts for spacecraft to land NASA astronauts on the moon' Tesla Analysts Break Down Free Cash Flow, Fremont Shutdown, 2020 Expectations After Q1 Print 61 Stocks Moving In Thursday's Mid-Day Session 'Elon Musk: one of the most exciting days in Tesla history is coming – hints at 'Terafactory'' -Electrek Morning Market Stats in 5 Minutes Apple And Amazon Up To Bat this Afternoon As Investors Ponder Microsoft, Facebook Results Thursday's Market Minute: Stocks Rally As GDP Plummets",26
2020-05-01,TSLA,46.75466537475586,-0.1030337133662409,0.085367587936316,0.1683967346186152,0.0599878788309936,0.9522780543905108,"Amazon, Exxon Mobil Earnings Weigh On Market To Start New Month As Caution Steers The Wheel Markets Have Best Month Since 1987, But End Week On Low Note Elon Musk Says Twitter Comments are Not a Joke Elon Musk Says Tesla's Stock Price Is Too High, Tweets About Freedom, Gene Wilder And More Tesla Shares Fall 5+% To Below $760 Level Following Elon Musk Tweet The Share Price Is 'Too High' 'Tesla stock price is too high imo' -Tweet From Elon Musk Tesla shares are trading lower potentially on market weakness as investor uncertainty grows on quarterly earnings reports from multiple companies. NOTE: David Einhorn questioned Tesla's accounting practices on Thursday. US Billionaires Add $406B To Collective Wealth While More Than 30M People Lose Jobs During Pandemic Tesla Shares Decline After Einhorn Publicly Questions Automaker's Accounting Practices",9
2020-05-04,TSLA,50.74599838256836,0.085367587936316,0.0092224477644073,0.0658180006117528,0.0611645960528522,0.9709578611854192,"'Tesla gets hope to reopen Fremont factory quicker as California relaxes quarantine' -Electrek Why Tesla's Stock Is Trading Higher Today Tesla shares are trading higher after Morgan Stanley raised its price target on the stock from $440 to $680. Morgan Stanley Maintains Equal-Weight on Tesla, Raises Price Target to $680",4
2020-05-05,TSLA,51.2140007019043,0.0092224477644073,0.0187058259455572,0.0536311539216993,0.0600760428514762,0.9536776148271952,"Electreck.Co Says Tesla Modle 3 Was The Best Selling Car In The UK In April 6 Reasons Why Morgan Stanley Says Tesla's Next Gigafactory Location Is Texas Cramer Shares His Thoughts On Nokia, Intel And More Elon Musk Confirms Grimes Has Given Birth: 'Mom & Baby All Good' 2 Of Elon Musk's Houses May Actually Be For Sale: Here's Why",5
2020-05-06,TSLA,52.172000885009766,0.0187058259455572,-0.003245695176505,0.0107081618448827,0.0595152621444969,0.944775497082934,3 ETFs For Square Earnings Elon Musk Qualifies For $700M In Stock Options As Tesla Tops $100B Market Cap Average,2
2020-05-07,TSLA,52.00266647338867,-0.003245695176505,0.0504845627484422,0.0298574249311573,0.0596669626058098,0.9471836672493804,"'Elon Musk said in a podcast interview released on Thursday that the company's planned Roadster sports car would take a backseat to the development of other vehicle model' -Reuters Elon Musk Talks Neuralink, Brain Stimulation And AI With Joe Rogan 'Elon Musk hints at Tesla Roadster being delayed to 2022' -Electrek Here's What Elon Musk Thinks About Warren Buffett Tesla Reportedly Halts Production At Chinese Factory, Bringing Global Production To Standstill Elon Musk To Join Joe Rogan's Podcast Again During Eventful Week For Tesla CEO 'Tesla Shanghai factory halts production for unknown reasons, shaking concept stocks' -China's National Business Daily Tesla Preparing to Restart Some Car Production in Fremont Tesla Prepares To Restart Production At Fremont Factory This Week: Report",9
2020-05-08,TSLA,54.62799835205078,0.0504845627484422,-0.0099216488475673,-0.024712574409573,0.059824633403627,0.9496866135696288,"Tesla Says on May 7. As Part of Expansion of Production at Gigafactory Shanghai, Unit Entered Into a Working Capital Loan Contract; Under 2020 Working Capital Facility, Tesla Shanghai May Draw Funds From Time to Time on an Unsecured Revolving Facility of Up to RMB 4B 'California's county tells Tesla it 'Must Not Reopen' vehicle plant at present' -Reuters Calif. Alameda County Health Official: Asking Local Factories To Wait Until Next Week To Discuss Safe Ways To Resume Operations UPDATE: 'We Have Said It Was Not Appropriate To Move Forward' -Alameda County Health Official On Tesla Fremont Factory Tesla Has Not Received Green Light To Resume Production -Health Official For San Franciso Bay Area's Alameda County The Future Of Car Sales Favors Tesla Elon Musk Says Coronavirus A 'Trial Run' For Future Pandemic, Questions Mortality Rate Tesla shares are trading higher amid overall market strength. The company is aiming to restart production at its San Francisco Bay area plant. CEO Elon Musk also said the company filed a patent for a new battery cell. Tesla Aims to Restart Fremont Plant as Early as Friday A Peek Into The Markets: US Stock Futures Gain; All Eyes On Jobs Report",12
2020-05-11,TSLA,54.08599853515625,-0.0099216488475673,-0.0023172703112921,0.0028843332637435,0.0534524289145718,0.8485310032818916,"Tesla Restarts Production, Musk Tweets 'If Anyone Is Arrested, I Ask That It Only Be Me' Elon Musk Tweets: 'Tesla is restarting production today against Alameda County rules. I will be on the line with everyone else. If anyone is arrested, I ask that it only be me.' California Governor Newsom Says Will Look Into Tesla Reopening Related To Possible Violation Of Public Health Order Tesla Tells California Factory Employees Furlough Has Ended, Employees Back To Normal Employment Status As Of Sunday California Governor Says Tesla's California Plant Could Open As Soon As Next Week 'Tesla has already started making cars again at its California factory' -The Verge 'Volvo will introduce XC100 Recharge as sleeker, full-size all-electric SUV' -Electrek Report Tesla Negotiates $565M Loan In China Amid Factory Shutdowns, Shrinking Sales Mnuchin Says California Should Act To Ensure Tesla Can Operate Tesla shares are trading lower after April sales of the company's Model 3 in China fell over 64% from last month.",17
2020-05-12,TSLA,53.96066665649414,-0.0023172703112921,-0.0227943726134135,-0.001729670958148,0.0502468783268328,0.7976444652607261,"Musk Reopens Tesla Plant Despite County Orders Here's What Kara Swisher And Chamath Palihapitiya Think About Elon Musk's Threats To Leave California Blink Charging Shares Spike To Session High On Volume As Traders Circulate Alert From Buy Sell Short Suggesting Blink Could Be A Play On Rallies In Tesla, VectoIQ Tesla shares are trading higher after CEO Elon Musk said the company is restarting production at its Alameda Country facility despite COVID-19 health orders. Trump Tweets: 'California should let Tesla & @elonmusk open the plant, NOW. It can be done Fast & Safely!' Tuesday's Market Minute: Tesla's Fremont Plant To Open Full Speed Ahead '[Elon] will bring back American manufacturing. He's the best we have...' -Jim Cramer Elon Musk Appoints Paint Operations Director To Oversee Fremont Production Musk and Tesla Putting 'Major Pressure' On Alameda County, Say Wedbush Analysts",9
2020-05-13,TSLA,52.73066711425781,-0.0227943726134135,0.0156391928020402,0.0311014345047988,0.0504525107454238,0.8009087787072331,"Do Elon Musk And Grimes Smoke Weed? Tesla Shares Tick Lower As Calif. AG Says 'Ready To Enforce State Rules If Needed' A Look Into Tesla's Price Over Earnings Alameda County Will Allow Tesla To Reopen Fremont Factory If Certain Conditions Met Tesla Reopens Nevada Gigafactory Musk Is 'Dead Right,' Says Cramer On Tesla Reopening California Factory",6
2020-05-14,TSLA,53.55533218383789,0.0156391928020402,-0.0051784256506188,0.0302117448354817,0.0503773363259156,0.799715421793399,"'Exclusive: Tesla's secret batteries aim to rework the math for electric cars and the grid' -Earlier Reuters Report Toyota Believes The Worst Is Behind It 'Tesla Has Plans To Open Its First True Standalone Store In Michigan' Inside EVS 'Tesla to introduce a new low-cost, long-life battery in China that it expects will bring the cost of electric vehicles in line with gasoline models, and allow EV batteries to have second and third lives...' -Tweet From Reuters Business 'Elon Musk's Boring Company completes excavation of Las Vegas' electric 'Loop'' -Electrek Morgan Stanley Analyst Says Many Investors 'Absolutely Adore' Musk's Dominating Strategy China Global Times Says Tesla Clarified the Price of its Shanghai-made Long-range Version of Model3 will Remain Unchanged, Reuters had Reported the Price Would Drop After July Tesla Has Produced China-made Longer Range Model 3 Vehicles, Aims to Deliver Them Soon; To Lower Price After July Tesla Employees Who Choose To Stay Home Might Not Receive Unemployment Benefits, Internal Email Says",9
2020-05-15,TSLA,53.27799987792969,-0.0051784256506188,0.0180937855045799,0.0221605142817373,0.0504004335491986,0.8000820788460972,"'Tesla's next factory is going to be in Austin, Texas and it's going to happen quickly' -Electrek Tesla To Launch Low-Cost 'Million Mile' Battery That Drastically Reduces Cost Of EVs: Report 'Elon Musk delays Tesla 'Battery Day' to next month electrek.co/2020/05/15/tes… by @FredericLambert' -Electrek.Co Tweet Tesla Shares Relatively Quiet Following Recent Tech Node Article 'Tesla is facing 10 civil lawsuits in China'",4
2020-05-18,TSLA,54.242000579833984,0.0180937855045799,-0.0069073433378705,0.0064402289437215,0.0503776285513442,0.7997200607282641,"Panasonic Hopes To Recharge Tesla Battery Partnership, Eyes Gigafactory Expansion Tesla Shares Quiet Despite Hearing Co. Near Qualification For Inclusion In S&P 500 Hearing Tesla Workers Arriving For Work At Plant In Fremont, Parking Lot Filling Up Tesla shares are trading higher after the company received approval to resume production at its Fremont plant. Illinois Will Classify Defying Stay-At-Home Orders As Misdemeanor For Businesses A Peek Into The Markets: US Stock Futures Up; Dow Futures Surge Over 300 Points Panasonic CFO Says Production at Nevada Gigafactory Has Resumed After Coronavirus Shutdown; Says in  Discussions About Expanding Nevada Gigafactory Capacity Beyond 35gwh Elon Musk's 'Take The Red Pill,' Tweet Raises Speculation Over Its Meaning Tesla Receives County Approval To Restart Fremont Production A Week After Musk's Threats",9
2020-05-19,TSLA,53.867332458496094,-0.0069073433378705,0.009343957133908,0.0151235769596453,0.0463445264949463,0.7356965504080315,"Wallbox, A Company Founded By Former Tesla Employees, Closes $13M Seed Round Telemedicine A COVID-19 Winner Detroit's Big 3 Automakers Resume Production 'Tesla shows the scale of Gigafactory Berlin ahead of groundbreaking' -Elektrek Report JMP Securities Maintains Market Outperform on Tesla, Lowers Price Target to $1001 Tesla is set to produce 4,000 electric cars per week in Shanghai next month, Model Y in Q1 2021 Tesla's Car Registrations Slumped In China In April A Peek Into The Markets: US Stock Futures Edge Lower Following Monday's Rally Elon Musk Tweets: Tesla Full Self-Driving option cost rises by ~$1000 worldwide on July 1st Tesla's China Car Registrations Plunge 64% in April",11
2020-05-20,TSLA,54.37066650390625,0.009343957133908,0.014762844784909,-0.0119549336614246,0.0443717599460415,0.7043798523088964,"CleanSpark Shares Up 16% For Session; Hearing Rumor Company Is Work With Tesla Tesla Shares Quiet As Hearing Court Records Show Co. Dropped Suit Against California County Over Reopening Its Vehicle Factory Against Lockdown Orders Wednesday's Market Minute: Gettin' Nowhere Fast Analysts React To Joe Rogan's Spotify Deal: 'This Is Undoubtedly A Coup' McDonald's Faces Class Action Over Lack Of Worker Protection Against Coronavirus Tesla Starts Delivering China-made, Longer Range Model 3 Vehicles California Governor Believes Tesla Isn't Moving Out Of The State Anytime Soon Panasonic To Resume Production At Tesla's New York Factory On Wednesday: Report",8
2020-05-21,TSLA,55.17333221435547,0.014762844784909,-0.012953077701596,0.0089415611505987,0.0432507478456767,0.6865843369033391,"Today's Pickup: Ford Reopens Two Facilities, Twice In The Same Week Over COVID-19 Scare Bill Ackman Makes Pitch To Elon Musk For New HQ, Channels Howard Hughes The Auto Industry Is Getting Back Online, And That's Good For Electrification 'Tesla goes back to 'normal' manufacturing operations, calls more workers to come back to work' -Electrek 'Inspired by our namesake Howard Hughes, another visionary American, we propose a few alternatives for your Nevada or Texas move. @HowardHughesCo owns master planned cities where we can create @Tesla new HQ...' -Tweet From Bill Ackman Apple Vs. Tesla: Morgan Stanley Breaks Down The Parallels New Investors Pile In, Fuel Record Rise In Account Openings, Trading Volumes 'Tesla and California Are Making Nice. The Next Factories Will Be Somewhere Else' -Barron's Article 'Tesla Gigafactory Shanghai expansion is back in full swing' -Electrek 'Could Tesla Reveal A 700-Mile Model 3? New Battery Tech May Make This Possible' -InsideEVs",12
2020-05-22,TSLA,54.45866775512695,-0.012953077701596,0.0024360442933191,0.0994270599221225,0.0432764813502099,0.686992843623482,"Tesla Employees Fear Conditions At Factory, Describe It As 'Modern-Day Sweatshop'",1
2020-05-26,TSLA,54.591331481933594,0.0024360442933191,0.0016608447192643,0.0765567798842692,0.0371038577270968,0.5890054813621237,'All eyes on Tesla's recovery in China — rumors of massive backlog' -Elektrek Report Automotive Industry Eyes Slow Recovery Grimes And Musk Rename Baby To Comply With California Law,3
2020-05-27,TSLA,54.68199920654297,0.0016608447192643,-0.0175803816204168,0.0764785352991002,0.0359538864765258,0.5707502536988148,"Jay Leno Takes Elon Musk For A Drive In A Tesla Cybertruck What To Know About NASA And SpaceX's Crew Dragon Launch Twitter Account Highlights Negative Analyst Sentiment On Tesla Following Co.'s North American Price Cuts News, Cites Roth Capital Analyst, Gordon Johnson Of GLJ Research Why Tesla 'Appears To Be Turning The Corner' Heading Into Summer 10 Biggest Price Target Changes For Wednesday Wedbush Maintains Neutral on Tesla, Raises Price Target to $800 Tesla To Reduce Car Prices In North America And China Tesla to Cut Prices for Some Models in N. America, China",8
2020-05-28,TSLA,53.72066879272461,-0.0175803816204168,0.0362244028088376,0.0726845583587803,0.0351559870560183,0.5580839930713818,"Tesla's FSD Package Shows Automaker's Potential For Software Revenue 'Tesla Requests Approval To Sell Model 3 With Cheaper Battery Chemistry' -InsideEVs 'Biggest UK solar plant approved' -BBC Report Here's How Amazon Could Become A Threat To Tesla, Ford And More With Zoox Buy 3 ETFs For Investors Looking To Access The Final Frontier Tesla Leads Electric Car Sales In South Korea Thanks To Model 3",6
2020-05-29,TSLA,55.66666793823242,0.0362244028088376,0.07556883131087,0.0606706114290291,0.0355160275409171,0.5637994585811262,"Benzinga's Top Upgrades, Downgrades For May 29, 2020 20 Tesla Employees Worked At SpaceX Ahead Of NASA Astronauts Launch Daiwa Capital Initiates Coverage On Tesla with Outperform Rating, Announces Price Target of $910 Tesla's Annual Shareholders Meeting Scheduled For July 7 Tesla To Give Musk $700M In Incentives Payment",5
2020-06-01,TSLA,59.87333297729492,0.07556883131087,-0.0184166287841018,0.0576995795274231,0.0290850513501194,0.4617108764517568,"SpaceX Falcon 9 Launch A 'Major Shot In The Arm' For Tesla Brand, Analyst Says Wedbush Maintains Neutral Rating On Tesla, Says 'We continue to believe EV demand in China is starting to accelerate with Tesla competing with a number of domestic and international competitors for market share' Wedbush Says 'Battery enhancements and China remain key to the Telsa story' Wedbush Says 'SpaceX Success Further Elevates Musk and Tesla Brand'; Says While Tesla And SpaceX Are Separate, 'from a consumer perspective the Musk DNA remains the linchpin to both of these next generation technology stalwarts' Tesla Shares Spike, Hitting Session High Of $886.6 After Wedbush Note Rumors Watching Teslare Shares As Hearing Wedbush Publishing Note On Space X Launch, Battery Announcement PreMarket Prep Stock Of The Day: Tesla Shares of several consumer discretionary companies are trading higher as equities gain amid continued optimism towards a rebound in economic activity, which could lead to a potential rebound in spending. NASA Astronauts Launched By SpaceX Reach International Space Station, Celebrate Historic Moment Cramer Gives His Opinion On Caleres, Cognex And More",12
2020-06-02,TSLA,58.77066802978515,-0.0184166287841018,0.001588043601163,0.0670515808452836,0.024332220032017,0.3862620183049279,"ESPAÑOL • Warren Buffet y Elon Musk, Saqueos en Dispensarios, Aurora Cannabis y Aphria, Clever Leaves, Carey Hart y Más Could COVID-19 Be Good For EVs? Tesla Analyst Values SpaceX At $50B, With Starlink The Biggest Growth Driver Financials Sector Could Be In Focus Today As Treasury Yields Tick Higher Electric Cars Represented 43.1% Share Of All New Car Sales In Norway In May Tesla CEO Musk Says Other Three Officers Should Be Charged In Floyd's Murder Case Elon Musk Tweets: Off Twitter for a while",7
2020-06-03,TSLA,58.86399841308594,0.001588043601163,-0.021042854169221,0.1609247037945558,0.0243659715563191,0.3867978071429632,"'Tesla announces massive Supercharger expansion in China to support growth' -Elektrek Report Chinese EV Maker Xpeng Motors Seeks $500M US IPO: Report Here's Why Nio Shares Are Rallying To A Multi-Month High 'Rumor: Tesla and UK government are working on a factory' -Electrek Tesla's China, Europe Performance Suggests Quarter Will Be One Of Automaker's Weakest, Says Gordon Johnson",5
2020-06-04,TSLA,57.62533187866211,-0.021042854169221,0.0246188055382796,0.1254772977998675,0.0249961383352197,0.3968013946317569,"What Elon Musk Thinks About Amazon: 'Monopolies Are Wrong!' 'Tesla quietly acquired automated manufacturing firm to design factories' -Electrek Report 'Time to break up Amazon. Monopolies are wrong!' -Tweet From Elon Musk Today's Pickup: Saudi Arabia And Russia Push For Extending Oil Output Cuts 'GM starts electric van program said to aim to 'beat Tesla to the segment'' -Electrek Tesla Will Be Rolling Out Cars At Berlin Plant In Less Than A Year, Government Official Says Tesla Plans to Have Car Plant Near Berlin Operating in a Year Three Other Policemen Charged In George Floyd Case",8
2020-06-05,TSLA,59.04399871826172,0.0246188055382796,0.0725560681818036,0.0560260575796791,0.0252714156479915,0.4011712864987911,"ESPAÑOL • Cannabis en Argentina, Blockchain Uruguayo, Elon Musk, Warren Buffett, Jeff Bezos, Isiah Thomas, y Canopy Growth Airlines, Casino Stocks Getting A Lift In Pre-Market Trading as Surprising Jobs Report Gets Digested Friday's Market Minute: Nasdaq's Top Performers: TSLA, REGN, PYPL 'Tesla Model 3 becomes best-selling car in the UK for second month in a row' -Elektrek Report",4
2020-06-08,TSLA,63.327999114990234,0.0725560681818036,-0.009737634144336,0.0431404510135049,0.0276551557902137,0.4390119881379213,"NASDAQ Closes At All-Time High Why Nikola's Stock Is Trading Higher Today How China Became The World's Largest Electric Vehicle Market The IMX Rebounds In May In Tandem With The Market Million-mile' Battery Ready To Make Says Tesla Battery Producer 'Tesla releases fascinating impact report, deep dive into efficiency, lifetime footprint, and more' -Elektrek Report Investor Movement Index Summary: May 2020 'CATL Now Promises 2-Million Kilometer, 16-Year Battery Technology' -InsideEVs Report Tesla shares are trading higher after China's CPCA said Tesla sold 11,095 China-made Model 3 vehicles in May, up 205% month over month. CORRECTION: Hearing Ron Barron Said To Appear On CNBC Squawk Box On 6/9 At 7:30 a.m. EST; A Prior Headline Suggested 7:30 p.m., This Was Incorrect",16
2020-06-09,TSLA,62.711334228515625,-0.009737634144336,0.0897020572526978,0.0440749662396438,0.0276489903386021,0.4389141146278131,"Volkswagen Cuts Costs, Targets Electric Future Tesla Bolsters EV Enthusiasm With German Factory Tesla Bull Vs. Bear: Ron Baron And Paul Meeks 'Tesla adds Model Y to referral program, surprising move indicating weak demand' -Elektrek Report Nikola Skyrockets After IPO: What To Know About The EV Truck Manufacturer Travel Stocks Lose Momentum In Pre-Market After Leading Yesterday's Sharp Rally UPDATE: 'Tesla defied county orders so it could restart production. Days later, workers tested positive for the coronavirus.' -Washington Post Report Tesla Reported Several Coronavirus Cases Among Employees Morgan Stanley US And China Autos And Shared Mobility Teams To Discuss Tesla On Webcast From 9:00-11:00 a.m. ET Benzinga Pro's Top 5 Stocks To Watch For Tues., Jun. 9, 2020: TSLA, IZEA, FIVE, M, OPK",16
2020-06-10,TSLA,68.336669921875,0.0897020572526978,-0.0509341048991272,-0.0324472726655639,0.0330160097074395,0.5241129058174763,"Tesla's Stock Closes At All-Time High As Musk Pushes Semi, Employees Reportedly Test Positive For COVID-19 'Tesla factory workplace safety is 5% better than industry average for manufacturers & improving fast' -Tweet From Tesla's Elon Musk 'Tesla hacker unlocks Performance upgrade and acceleration boost at a discount' -Elektrek Report GM On Track To Spend $20B On EV And AV Development By 2025 Tesla's Journey To $1,000 In 2020 Tesla Shares Mark Session And New All-Time High At $1,000 Wedbush Says Tesla Has 'Game Changing' Developments, Lifts Target To $1,000 Wedbush Maintains Neutral on Tesla, Raises Price Target to $1000 Musk Says It's Time To Ramp Production Of Tesla Semi: Report Tesla shares are trading higher after Wedbush raised its price target on the company's stock from $800 to $1000.",15
2020-01-08,UNH,266.2563171386719,0.0210843637877842,-0.0056777968080689,0.0017232709895496,,,"Cantor Out Defending Amarin, Says Confirmed With Co. That UnitedHealth Designation Is 'Old News' And 'UNH has always been an outlier' Credit Suisse Maintains Outperform on UnitedHealth Group, Raises Price Target to $330",2
2020-01-09,UNH,264.74456787109375,-0.0056777968080689,0.0030929724558077,0.0221603084672887,,,Credit Suisse Needs Better Visibility Into Walgreens Earnings Growth,1
2020-01-13,UNH,257.2131042480469,-0.0314437561465882,0.0083605835964035,0.0513556672182569,,,Shares of several healthcare companies are trading lower after President Trump tweeted about Bloomberg's claims on healthcare and the state of pre-existing conditions if Republications win back the House of Representatives.,1
2020-01-14,UNH,259.3635559082031,0.0083605835964035,0.0283447417731275,0.0428466287986868,,,Preview: UnitedHealth Group's Q4 Earnings,1
2020-01-15,UNH,266.71514892578125,0.0283447417731275,0.0146082449762132,0.0102898009799397,,,"UnitedHealth Analyst Bullish After Q4 Print Stephens & Co. Maintains Overweight on UnitedHealth Group, Raises Price Target to $333 UnitedHealth Group shares are trading higher after the company reported better-than-expected Q4 EPS results. UnitedHealth Group On Conference Call Says The Repeal Of Health Insurance Fee Does Not Impact Its 2020 Earnings Outlook 34 Healthcare Stocks Moving In Wednesday's Pre-Market Session UnitedHealth Reaffirms FY20 Adj. EPS Guidance Of $16.25-$16.55 vs $16.46 Est. UnitedHealth Group Q4 Adj. EPS $3.9 Beats $3.78 Estimate, Sales $60.9B Miss $61.04B Estimate 8 Stocks To Watch For January 15, 2020 Earnings Scheduled For January 15, 2020",9
2020-01-16,UNH,270.61138916015625,0.0146082449762132,-0.0075481026330848,-0.0263684009078654,,,"Oppenheimer Maintains Outperform on UnitedHealth Group, Raises Price Target to $343 UBS Maintains Neutral on UnitedHealth Group, Raises Price Target to $304 Cantor Fitzgerald Reiterates Overweight on UnitedHealth Group, Raises Price Target to $330 Citigroup Maintains Buy on UnitedHealth Group, Raises Price Target to $346",4
2020-01-21,UNH,270.4224548339844,0.006902024007376,0.0001995214419532,-0.0487807355276704,,,Stocks That Hit 52-Week Highs On Tuesday,1
2020-01-27,UNH,255.62942504882812,-0.0297802474641153,0.0062654114832449,-0.0354465756139373,,,"UnitedHealth shares are trading lower in sympathy with the overall market as concerns about the Wuhan coronavirus continue to grow, prompting travel bans in multiple Chinese cities.",1
2020-01-31,UNH,245.155517578125,-0.0303579540492672,0.0057625451000191,0.0615523767697681,0.0164303796641754,0.2608241912266878,﻿Shares of several healthcare companies are trading lower as fears of the coronavirus' potential impact on the global economy intensifies. The death toll continues to rise and the U.K. and Russia confirmed their first cases. UnitedHealth Group Option Alert: Feb 7 $280 Calls at the Ask: 1464 @ $3.8 vs 489 OI; Ref=$274.84,2
2020-02-04,UNH,252.7049560546875,0.0248885209915208,0.0530194782139923,0.0354295249785161,0.0174794340580599,0.2774774134546742,Shares of healthcare companies are trading higher amid a rebound in global equities following last week's selloff on coronavirus fears.,1
2020-02-05,UNH,266.1032409667969,0.0530194782139923,-0.0110571832354684,0.0262067227077718,0.0212861890010122,0.3379077747419803,Shares of several healthcare and biotech companies are trading higher as unconfirmed reports of progress towards a coronavirus treatment raise investor sentiment amid the virus outbreak. NOTE: The WHO played down these reports and said there are no known treatments.,1
2020-02-12,UNH,273.0769348144531,0.0436399982971804,-0.00421795034412,-0.0044484998913187,0.0221414821397552,0.3514851324010242,Stocks That Hit 52-Week Highs On Wednesday UnitedHealth shares are trading higher in sympathy with the overall market on news that China reported the lowest number of new coronavirus cases since late January. Moody's Says Coronavirus Outbreak Could Increase Demand but Disrupt Supply for Us Healthcare Companies,3
2020-02-14,UNH,268.8477478027344,-0.0113169470156474,0.0112455691817212,-0.0702520874096143,0.0212767766939921,0.3377583590001493,Soros Fund Management 13F Shows Lowered Stake In UnitedHealth By 11.1% To 120K Shares,1
2020-02-18,UNH,271.87109375,0.0112455691817212,0.0104919117013175,-0.1282517753487837,0.0213460995715198,0.3388588255647837,"Deutsche Bank Maintains Hold on UnitedHealth Group, Raises Price Target to $362",1
2020-02-24,UNH,249.96063232421875,-0.0784260115619943,-0.0518381190397413,-0.0168478678893526,0.0275184961966914,0.4368425843455342,Shares of several healthcare and biotech companies are trading lower amid continued spread of coronavirus including notable upticks in Iran and Italy. NOTE: The virus has raised fear of a global economic slowdown.,1
2020-02-25,UNH,237.00314331054688,-0.0518381190397413,-0.0014806623488514,-0.0075551894067036,0.029077173021676,0.4615858118649087,"Shares of several healthcare companies are trading lower as markets fall amid the continued spread of the coronavirus, which has raised concerns of a global economic slowdown, impacting stocks across sectors.",1
2020-02-27,UNH,228.4818572998047,-0.0345247736188233,0.0040958910394544,0.1143668598999037,0.0297759558957645,0.4726786460965228,Shares of several healthcare companies are trading lower as growing coronavirus fears hamper economic outlook.,1
2020-02-28,UNH,229.41769409179688,0.0040958910394544,0.0711873362084687,0.1133902640471462,0.0298402219661292,0.4736988383360687,Shares of several healthcare companies are trading lower as the global coronavirus spread continues to cause equities across sectors to sell off amid worsened economic outlook.,1
2020-03-02,UNH,245.74932861328125,0.0711873362084687,-0.0428761657249965,0.001208722922483,0.0335967109584068,0.5333312523939776,Shares of several healthcare companies are trading higher in sympathy with the overall market as it rebounds from a selloff caused by coronavirus fears.,1
2020-03-03,UNH,235.21253967285156,-0.0428761657249965,0.1071918844177211,0.0711552318021881,0.0349413417318467,0.5546766041843366,Shares of several healthcare companies are trading lower in sympathy with the overall market. The Fed cut rates to combat the coronavirus outbreak which caused an initial spike but then continued to trade lower.,1
2020-03-04,UNH,260.4254150390625,0.1071918844177211,-0.0223204220483218,-0.0402183950070427,0.0423151112867749,0.6717315669889734,Afternoon Market Stats In 5 Minutes Super Tuesday Results Spark Life To The Largest Health Care ETF 60 Stocks Moving In Wednesday's Mid-Day Session PreMarket Prep Stock Of The Day: UnitedHealth Group Biden's Super Tuesday Surge Gives Health Care Stocks A Boost 36 Healthcare Stocks Moving In Wednesday's Pre-Market Session 38 Stocks Moving in Wednesday's Pre-Market Session Shares of several healthcare-related companies are trading higher after Joe Biden secured several key wins in Super Tuesday. Biden's more 'moderate' healthcare policies have been seen as more favorable for the sector.,8
2020-03-05,UNH,254.61260986328125,-0.0223204220483218,0.0032159331743684,-0.115034065087678,0.0408959593241579,0.6492032279948109,Tech Companies Could Be In Focus As Apple Pulls Out Of SXSW; Volatility Flares Up 92 Biggest Movers From Yesterday,2
2020-03-09,UNH,246.04637145996097,-0.0367419767103303,0.0239904817984861,-0.1734393929386827,0.0415828224598558,0.6601068422455777,UnitedHealth Group 'Reinforces Actions Taken to Provide Members and Patients with COVID-19 Support and Resources' 52 Healthcare Stocks Moving In Monday's Pre-Market Session,2
2020-03-12,UNH,225.323486328125,-0.0985312520622437,0.0910841888560824,-0.1184372375870195,0.0456966880008928,0.7254124331380314,Shares of several healthcare companies are trading lower as equities sell off amid continued global coronavirus concerns. The virus has caused global economic disruption and negatively impacted stocks across sectors.,1
2020-03-17,UNH,220.70556640625,0.0852295692074918,-0.1112112974414,-0.099991911040807,0.0668635597979839,1.0614261059877703,"Shares of several healthcare companies are trading higher, rebounding from Monday's crash. Stocks may also potentially be getting a boost from expectations of further stimulus proposals.",1
2020-03-19,UNH,198.6367950439453,0.0126232324604207,-0.060100349819375,0.1619198422843815,0.0707668596145571,1.1233890696308295,"UnitedHealthcare Announces Expansion of Access to Telehealth, Virtual Care and Digital Capabilities to Help People and Families Address COVID-19",1
2020-03-20,UNH,186.6986541748047,-0.060100349819375,-0.0567788782837588,0.1735807241937241,0.071478678208872,1.1346888395057226,"Benzinga's Top Upgrades, Downgrades For March 20, 2020 UnitedHealth Group shares are trading higher after Deutsche Bank upgraded the stock from Hold to Buy and announced a price target of $308 per share. Deutsche Bank Upgrades UnitedHealth Group to Buy, Announces $308 Price Target",3
2020-03-23,UNH,176.09811401367188,-0.0567788782837588,0.1279893379694208,0.2895410928529354,0.0706427590103766,1.1214190336135432,Stocks That Hit 52-Week Lows On Monday 3 ETFs To Short The Dow,2
2020-03-24,UNH,198.6367950439453,0.1279893379694208,0.0668334068093061,0.1345768709621342,0.0768670460852507,1.2202265277462871,"UPDATE: UnitedHealthcare Says Will Reduce Prior Authorization Requirements, Will Continue To Waive Cost-Sharing For Coronavirus Testing, Will Expand Telehealth Policies UnitedHealthcare Reports Updates To Programs Amid Coronavirus: Easing Contractual Requirements For Fully-Insured, Level-Funded Customers To Offer Special Coronavirus Enrollment Opportunity Shares of several healthcare companies are trading higher as equities gain amid hopes of a US stimulus agreement. Additionally, the coronavirus outbreak has increased demand for certain medical supplies.",3
2020-03-25,UNH,211.9123687744141,0.0668334068093061,0.0891296006182076,0.0120687168510635,0.0785741576425512,1.2473260835914548,"UnitedHealth  Says A Study Has Demonstrated That A 'simple, self- collected test is as effective in identifying' Coronavirus Infections",1
2020-03-27,UNH,219.10594177246097,-0.0506676347313524,0.0364198823524251,-0.0534542461495584,0.0816655995952898,1.2964012031886845,"Shares of several healthcare companies are trading lower, selling off from this week's strength. While the US stimulus package boosted economic optimism, demand concerns still exist amid the coronavirus outbreak. Morgan Stanley Maintains Overweight on UnitedHealth Group, Lowers Price Target to $281",2
2020-04-01,UNH,214.46987915039065,-0.0483600144186461,0.0131468838741963,0.1285607952133749,0.0764778984424483,1.2140490004294338,Shares of several healthcare companies are trading lower amid market weakness as growing coronavirus concerns in the US weigh on equities.,1
2020-04-02,UNH,217.28948974609375,0.0131468838741963,-0.0455415074586995,0.0985278804832825,0.0765108252523602,1.214571697332395,Credit Suisse Compiles List Of Corporations With Most And Least Cash,1
2020-04-03,UNH,207.393798828125,-0.0455415074586995,0.082138810573465,0.1482415816641846,0.0770087672431999,1.2224762813829846,Morning Market Stats in 5 Minutes,1
2020-04-06,UNH,224.4288787841797,0.082138810573465,-0.0012082399640308,0.0892323049548444,0.0791889854996946,1.2570861732461525,Shares of several healthcare companies are trading higher as markets gain amid optimism that coronavirus cases in several US hotspots may be peaking. A sooner peak could mean a sooner return to economic activity.,1
2020-04-07,UNH,224.15771484375,-0.0012082399640308,0.0797857103959047,0.1356232641725208,0.0789614853641708,1.2534747205551753,Will The Remote Office Become Habit After The Coronavirus Pandemic? Shares of several healthcare companies are trading higher amid optimism that coronavirus cases in Asia are potentially easing. Global slowing cases could raise hopes of a sooner return to spending and economic activity. Several companies in the sector may also be benefiting from increased demand for therapies and medical supplies amid the coronavirus pandemic.,2
2020-04-08,UNH,242.04229736328125,0.0797857103959047,-0.0138146711448219,0.1142514627595525,0.0810696141359966,1.2869402273268822,Afternoon Market Stats in 5 Minutes Materials Stocks See More Interest Amid Hopes for Federal Infrastructure Spending Shares of several healthcare companies are trading higher amid overall market strength. Several companies in the sector may also be benefiting from increased demand for therapies and medical supplies amid the coronavirus pandemic. UPDATE: Shares of some names in the sector moved higher later in the session following news that US Senator Sanders has suspended his presidential campaign.,3
2020-04-09,UNH,238.6985626220703,-0.0138146711448219,-0.0023476430782181,0.1000641870228682,0.0777068770535804,1.2335584310594718,Stephanie Link Is A Buyer Of UnitedHealth,1
2020-04-13,UNH,238.13818359375,-0.0023476430782181,0.0265266210040044,0.0706997874748567,0.0750749699599138,1.1917782011974605,"Financials, Healthcare In Eye Of Earnings Hurricane Ahead, With Bank CEOs In Spotlight SunTrust Robinson Humphrey Maintains Buy on UnitedHealth Group, Lowers Price Target to $340",2
2020-04-14,UNH,244.45518493652344,0.0265266210040044,0.0413308103340601,0.0136415487170749,0.0630373148826,1.0006863509797823,Shares of several healthcare companies are trading higher as markets gain on positive coronavirus outlook. Other potential positive sector catalysts include demand for therapies and medical supplies amid the coronavirus pandemic.,1
2020-04-15,UNH,254.5587158203125,0.0413308103340601,0.0594647408462387,-0.0165435455524145,0.061053785119037,0.9691987921448888,"PreMarket Prep Stock Of The Day: UnitedHealth Group Stephens & Co. Maintains Overweight on UnitedHealth Group, Raises Price Target to $310 Every Member Of Trump's 'Great American Economic Revival' Industry Groups Morning Market Stats in 5 Minutes Here's How Much Investing $100 In UnitedHealth Stock Back In 2010 Would Be Worth Today Recap: UnitedHealth Group Q1 Earnings UnitedHealth shares are trading higher after the company reported better-than-expected Q1 results. UnitedHealth Group Q1 EPS $3.720 Beats $3.640 Estimate, Sales $64.421B Beat $64.330B Estimate 7 Stocks To Watch For April 15, 2020 Earnings Scheduled For April 15, 2020",10
2020-04-16,UNH,269.69598388671875,0.0594647408462387,-0.0263713369025588,-0.0438965179569823,0.0550079427296616,0.8732240195758099,"UnitedHealth Group shares are trading higher after analysts from Deutsche Bank and Credit Suisse maintained their bullish ratings on the company's stock. Deutsche Bank Maintains Buy on UnitedHealth Group, Lowers Price Target to $293 Credit Suisse Maintains Outperform on UnitedHealth Group, Lowers Price Target to $325",3
2020-04-21,UNH,247.78993225097656,-0.0281776030162521,0.0103211612964486,0.0516792092891991,0.0523553624539607,0.831115613122971,"CocaCola, IBM Earnings Under Scrutiny As Both Multinationals Withdraw Guidance, Netflix Later",1
2020-04-23,UNH,257.8572692871094,0.0299977423950896,0.0208880631168806,0.0250238269467175,0.0439844638138484,0.6982317168117758,"UnitedHealth Says Is Collaborating With Boston Scientific, Medtronic And University Of Minnesota To Deploy 3K 'Light' Ventilators Afternoon Market Stats in 5 Minutes Shares of several healthcare companies are trading higher. Movement appears market-related as equities gain amid a rebound in oil prices.",3
2020-04-24,UNH,263.243408203125,0.0208880631168806,0.0092351460011408,-0.0232756701862749,0.040056668162897,0.6358798938531852,"Citigroup Maintains Buy on UnitedHealth Group, Lowers Price Target to $339",1
2020-04-30,UNH,264.3098449707031,0.0167564140236207,-0.0272165553137923,-0.0255413262239916,0.0352135657760285,0.5589980269151209,"Morgan Stanley Maintains Overweight on UnitedHealth Group, Raises Price Target to $371",1
2020-05-01,UNH,257.1162414550781,-0.0272165553137923,0.0106497364746294,0.0087519739922625,0.0362307633316131,0.5751455375129183,Shares of several healthcare companies are trading lower as markets dip following recent strength. Markets have sold off as investors weigh recent earnings and amid concerns of renewed US-China trade frictions.,1
2020-05-05,UNH,264.824951171875,0.0191279744438903,-0.0145715772598166,-0.0182229702882671,0.0296651769628984,0.4709200850553101,Shares of several healthcare companies are trading higher amid positive investor sentiment as some US states begin to reopen their economies and as oil prices gain for the session.,1
2020-05-13,UNH,251.2331085205078,-0.0337152974259855,0.0453593369083511,0.0359348751789649,0.0239272341202605,0.3798330662629732,"Shares of several companies in the broader healthcare sector are trading lower amid market weakness despite recent strength from many names in the space. Equities are down for the session following cautious comments from US Fed Chair Powell, which forecast uncertainty and downside risk. Some regions of the US have extended lockdown restrictions, including Washington D.C.  and Los Angeles County.",1
2020-05-15,UNH,262.9451599121094,0.0012043008553626,0.0082485442806661,-0.0035053788874359,0.0214064905464584,0.3398175025715049,"Morning Market Stats in 5 Minutes UnitedHealth Reports Collaboration With Microsoft To Launch ProtectWell Protocol, App To Support Return-To-Workplace Planning, Coronavirus Symptom Screening, No Terms Disclosed",2
2020-05-19,UNH,261.2191162109375,-0.0146916322733824,-0.0036673322719165,0.0509251102968493,0.0194653131144944,0.3090022661577387,"UnitedHealth/Yale Study Finds 'Seniors with COVID-19 Taking Hypertension Medication at Lower Risk of Hospitalization'; Says Findings 'clear a path for a pragmatic, large-scale clinical research trial to examine the potential role of ACE inhibitors'",1
2020-05-21,UNH,259.2851867675781,-0.0037498957873708,0.0105607681123582,0.0625281226780216,0.0183183173857816,0.2907942734395743,"SunTrust Robinson Humphrey Maintains Buy on UnitedHealth Group, Raises Price Target to $360",1
2020-05-26,UNH,266.4967346191406,0.0170721259205701,0.0301129164226088,0.0387267658471479,0.0181498134250143,0.2881193559888561,'List of external participants expected at Rose Garden event starting momentarily where @POTUS will announce @MedicareGov patients will be provided with new choices of Part D plans for insulin at no more than $35 for a month's supply.' -Steve Herman Tweet,1
2020-05-28,UNH,274.7025146484375,0.0006585494481257,0.0028950884812806,-0.0193768738643498,0.0186731629185034,0.2964272716401194,Stocks That Hit 52-Week Highs On Thursday,1
2020-06-01,UNH,276.4738464355469,0.0035428366088021,0.0012422325968499,0.0116041788201217,0.0170312967319701,0.2703634539464405,4 Sector ETFs To Buy And Sell In June,1
2020-06-03,UNH,275.94970703125,-0.0031341403008726,-0.0238089339903918,0.0013097302462199,0.0165944343525349,0.2634284786675675,Stocks That Hit 52-Week Highs On Wednesday,1
2020-06-08,UNH,279.6820983886719,-0.0075994049466355,-0.0008725945409865,-0.0749647857855145,0.0196564114834595,0.3120358587191297,Stocks That Hit 52-Week Highs On Monday,1
2020-06-11,UNH,256.4113464355469,-0.072019467729927,0.0050047089490981,0.0273146421835432,0.024867557925835,0.3947602439115169,"Shares of several healthcare companies are trading lower in sympathy with the overall market following an increase in coronavirus cases in some US states that have reopened, leading to concerns of a second wave of the virus.",1
2020-05-20,V,185.6247711181641,0.0237642539953601,-0.0167130493324965,0.0020632785331486,0.0212884090905058,0.3379430175701115,"Cowen & Co. Maintains Outperform on Visa, Raises Price Target to $196",1
2020-05-21,V,182.5224151611328,-0.0167130493324965,0.0012590089994064,0.0242367592339238,0.0219098937037204,0.3478087799514249,Mastercard Employees Can Work From Home Until Pandemic Is Under Control,1
2020-05-26,V,185.011962890625,0.0123651053795534,-0.0020701126537161,0.0162508791793183,0.0215049084432989,0.3413798382490933,Visa Option Trader Makes $4.3M Bet On 14% Upside,1
2020-06-01,V,186.093994140625,-0.0045583863273223,0.0103419554970147,0.027012946036752,0.0157436313128781,0.2499223991217887,"Visa Says Global Processed Transactions Declined 12% In May, A 12 Ppt Improvement Over April",1
2020-06-05,V,191.1305389404297,0.0308304435878923,-5.021582826858495e-05,-0.0368216941319571,0.0170165414349232,0.2701292208673985,"Shares of several companies in the broader technology space are trading higher as markets rally following strong US jobs data. Shares of several companies in the broader technology sector are trading higher as markets rally following strong US jobs data. Friday's Market Minute: Nasdaq's Top Performers: TSLA, REGN, PYPL",3
2020-06-09,V,190.62301635742188,-0.0026052864833119,0.007032443825059,-0.0311430622917279,0.0167609475699191,0.2660717940467902,"Visa: Company CFO Sees Relatively Fast Economic Recovery From Virus; Shift To Debt From Credit Normal In Times Of Stress; Company Has Seen A Shift To Debt Transactions From Credit FTC Bans Madera Merchant Services LLC, B&P Enterprises LLC and Owners Bruce C. Woods and Patricia Woods",2
2020-06-11,V,180.8563537597656,-0.0578610239128354,0.0178950579796739,0.0266305238292823,0.0208181543992161,0.3304779557740279,"Shares of several technology companies are trading lower, selling off from Wednesday strength as an increase in coronavirus cases in some US states has led to concerns of a second wave of the virus.",1
2020-06-05,WMT,37.417335510253906,-0.0045041616301858,-0.0026323489381397,-0.0314249653115132,0.0092592533546579,0.1469860902153933,Afternoon Market Stats in 5 Minutes Morning Market Stats in 5 Minutes,2
2020-06-08,WMT,37.31884002685547,-0.0026323489381397,0.0009068876234168,-0.0260642283328784,0.0090414302454276,0.1435282555544361,"RBC Lifts Amazon Price Target To Street-High $3,300, Says It's 'Best Global Play' On E-Commerce Facebook-Backed Jio Platforms Gets $750M From Abu Dhabi Sovereign Fund As It Looks To Challenge Amazon, Walmart In India",2
2020-06-09,WMT,37.352684020996094,0.0009068876234168,-0.0015654964540673,-0.014009094565218,0.0089174274095677,0.1415597715611227,"BofA Raises Amazon Target On Sales Upside, Accelerating Unit Growth",1
2020-06-11,WMT,36.9648551940918,-0.0088312192571272,-0.0195688080069225,-0.0174867893724687,0.0090756744363095,0.1440718652319683,"Financials, Energy Among Worst-Hit Sectors In Biggest Single-Day Selloff Since March An ETF Play On Laggard Stocks Afternoon Market Stats in 5 Minutes Morning Market Stats in 5 Minutes Sam's Club Earlier Announced It Has Launched Curbside Pickup Nationwide",5
2020-01-02,XOM,52.94704055786133,,-0.0080396987006032,-0.0160791812589694,,,12 Stocks That Have Been The World's Most Valuable Company Here's How Much Investing $100 In Exxon Mobil Stock Back In 2010 Would Be Worth Today,2
2020-01-03,XOM,52.5213623046875,-0.0080396987006032,0.0076784406921477,-0.0169202711182903,,,"Goldman Sachs Maintains Neutral on Exxon Mobil, Lowers Price Target to $72 Exxon Mobil Says Q4 Earnings Will Benefit From Var Energi Sale Exxon Mobil 8-K Shows Estimated Effects Of Market Factors Impacting Q4 Earnings 20 Energy Stocks Moving In Friday's Pre-Market Session",4
2020-01-06,XOM,52.92464447021485,0.0076784406921477,-0.0081840852283694,-0.0150983740811329,,,"Best Sector ETFs For January: Energy, Health Care In Focus",1
2020-01-09,XOM,52.09569549560547,0.0076553798168381,-0.0088876609902307,-0.0134746093712815,,,"Back To The Grind: Iran Fears Ease, So Focus Turns To Jobs, Fed Speakers, Earnings ExxonMobil Wins Rare Challenge Against OFAC Penalty",2
2020-01-10,XOM,51.632686614990234,-0.0088876609902307,0.009545925405308,-0.0083887942837043,,,Energy Lag: Sector Earnings Seen Sagging Despite Crude Prices Rising In Q4 This Day In Market History: Rockefeller Founds Standard Oil,2
2020-01-13,XOM,52.12556838989258,0.009545925405308,-0.0085959835060509,-0.0318049706518505,,,Amazon Alexa To Enable Fuel Payments At Gas Stations,1
2020-01-14,XOM,51.67749786376953,-0.0085959835060509,-0.0015897309991491,-0.0290462514577086,,,"Citigroup Maintains Neutral on Exxon Mobil, Lowers Price Target to $68",1
2020-01-16,XOM,51.39372634887695,-0.0039076819113061,-0.00377819889721,-0.0363268086377367,,,"RBC Capital Maintains Sector Perform on Exxon Mobil, Lowers Price Target to $70",1
2020-01-17,XOM,51.19955062866211,-0.00377819889721,-0.0142937663052731,-0.0557174953461402,,,Exxon Mobil Says First Crude Cargo From Guyana Will Be Processed In Its Own Refining System; First Cargo Of Crude For Exports Will Begin Loading This Weekend,1
2020-01-23,XOM,49.862796783447266,-0.0062512078572798,-0.0067393030175501,-0.0296537442183151,,,Scotiabank Downgrades Exxon Mobil to Sector Underperform,1
2020-01-24,XOM,49.526756286621094,-0.0067393030175501,-0.0238238170698587,-0.063329200281411,,,"Intel, American Express Report Strong Quarters, Helping Set Positive Early Tone",1
2020-01-27,XOM,48.34683990478515,-0.0238238170698587,-0.0013902659605609,-0.0619402147763652,,,"ExxonMobil Restores Operations At Joliet, Illinois Refinery Stocks That Hit 52-Week Lows On Monday Going Viral: Stocks On Their Back As Virus Spreads Heading Into Key Earnings, Fed Week ExxonMobil Ups Guyana Recoverable Resources to More Than 8 Billion Oil-Equivalent Barrels, Makes Discovery at Uaru",4
2020-01-29,XOM,47.87636947631836,-0.00835249783229,0.0106066665216526,-0.0215255117663412,,,Stocks That Hit 52-Week Lows On Wednesday,1
2020-01-30,XOM,48.384178161621094,0.0106066665216526,-0.0412099950629244,-0.04491445740026,,,Exxon Mobil's Q4 Earnings Preview Stocks That Hit 52-Week Lows On Thursday,2
2020-01-31,XOM,46.39026641845703,-0.0412099950629244,-0.0223762491848896,-0.0104636734197137,0.0118643647881346,0.1883409521589351,"CFRA Maintains Hold on Exxon Mobil, Lowers Price Target to $69 Stocks That Hit 52-Week Lows On Friday Position Scrimmage: Coronavirus, End-Of-Month Profit Taking Influencing Markets Exxon Mobil shares are trading lower after the company reported Q4 EPS results down from last year. 3 Energy ETFs For Friday's Earnings Bonanza Exxon Mobil Q4 EPS $1.33 Down From $1.41 YoY A Peek Into The Markets: US Stock Futures Drop Ahead Of Earnings, Economic Data 12 Stocks To Watch For January 31, 2020 Earnings Scheduled For January 31, 2020",9
2020-02-03,XOM,45.35222625732422,-0.0223762491848896,-0.0125142844357729,0.0014954393264121,0.0123827582050171,0.1965701925331193,"Shares of several oil companies are trading lower despite today's market rebound. Fears of the coronavirus outbreak have clouded the outlook for oil demand, as the outbreak has raised concerns of economic disruption. Stocks That Hit 52-Week Lows On Monday Exxon Mobil shares are trading lower after Goldman Sachs analysts downgraded the company's stock from Neutral to Sell. IMO 2020's Impact On Oil, Diesel Markets A Feature Of 4Q2019 Review UPDATE: Goldman Sachs Downgrades Exxon Mobil to Sell, Lowers Price Target to $59 Notes 6 Reasons: Benzinga's Top Upgrades, Downgrades For February 3, 2020 Credit Suisse Maintains Neutral on Exxon Mobil, Lowers Price Target to $65 Goldman Sachs Downgrades Exxon Mobil to Sell, Lowers Price Target to $59",8
2020-02-04,XOM,44.78467559814453,-0.0125142844357729,0.0460231205463288,0.0238284659141532,0.0119170425882193,0.1891771863107641,"PreMarket Prep Recap, Feb. 4, 2020: TSLA Continues Its Unbelievable Move",1
2020-02-05,XOM,46.84580612182617,0.0460231205463288,-0.0135503500023248,-0.0092521815548045,0.0170086877950726,0.27000454819981,Shares of several oil & gas companies are trading higher as markets gain momentum amid optimism regarding a potential coronavirus treatment.,1
2020-02-11,XOM,45.85182571411133,0.0095063298123989,0.0122253475333702,-0.0031387427108696,0.0167005705489762,0.265113338552884,"Under Armour Gets Torn Up As Earnings Disappoint, But Coronavirus Fears Retreat Slightly Canada Holds A Bright Future For Oil – Just Ask AOC",2
2020-02-12,XOM,46.41238021850586,0.0122253475333702,-0.0055492327558595,-0.023012844785619,0.0171890978607236,0.2728684692061622,"Most Units Shut At Exxon Baton Rouge Refinery As Pipe Fire Continues To Burn, Refinery Eyes Large Crude Unit Restart Late This Week",1
2020-02-13,XOM,46.15482711791992,-0.0055492327558595,-0.004595423618945,-0.0295420089789325,0.0171678902958654,0.2725318095509944,"One Crude Unit, One Gasoline Unit In Production At Exxon Baton Rouge Louisiana Refinery No Timeline Set For Restarting Exxon Baton Rouge Louisiana Refinery",2
2020-02-14,XOM,45.942726135253906,-0.004595423618945,-0.0126956120299478,-0.0707336919744162,0.0171653973399122,0.2724922351021049,"ExxonMobil Is Restarting Its Units At Baton Rouge Refinery, Chemical Plant",1
2020-02-19,XOM,45.707908630371094,0.0076820482277382,-0.0079550634640771,-0.1214785044367184,0.0173718013895459,0.2757687978116691,Unfazed FAANGs: Pullback In Apple Didn't Carry Over To Other Big Tech Names,1
2020-02-21,XOM,44.79132080078125,-0.0121951055361202,-0.0468459796882515,-0.1300526428029286,0.0174599247133533,0.2771677122086614,"Shares of several oil and gas companies are trading lower amid continued coronavirus concerns, which have negatively impacted demand outlook. Stocks That Hit 52-Week Lows On Friday",2
2020-02-24,XOM,42.69302749633789,-0.0468459796882515,-0.0383248474475016,-0.0440028839174958,0.0197928201388156,0.3142012789916221,Shares of several oil stocks are trading lower after the price of crude oil fell ~4% due to demand concerns related to the spread of Coronavirus.,1
2020-02-25,XOM,41.05682373046875,-0.0383248474475016,-0.0219559965808153,-0.0535056862526479,0.0206792089042805,0.3282722644216735,"Shares of several oil and basic materials companies are trading lower as markets fall amid the continued spread of the coronavirus, which has weighed on global economic outlook, pressuring oil and commodity prices. Stocks That Hit 52-Week Lows On Tuesday 3 Leveraged ETFs For Sinking Energy Stocks",3
2020-02-27,XOM,37.73893356323242,-0.0601774076301963,0.0325170182860972,0.0058212671844384,0.0237816904167596,0.3775226315968445,Stocks That Hit 52-Week Lows On Thursday Shares of several oil and gas companies are trading lower as growing coronavirus fears continued to hamper oil demand outlook.,2
2020-02-28,XOM,38.96609115600586,0.0325170182860972,0.0474340626039246,-0.0729000393255737,0.0253117225236866,0.4018111383140827,"B of A Securities Maintains Buy on Exxon Mobil, Lowers Price Target to $99 Stocks That Hit 52-Week Lows On Friday The Bears Have Energy, But How High Can Coronavirus Fuel These Inverse ETFs?",3
2020-03-02,XOM,40.81441116333008,0.0474340626039246,-0.047884090599596,-0.2230883782260313,0.0273246204922999,0.4337649029510694,"Morgan Stanley Maintains Equal-Weight on Exxon Mobil, Lowers Price Target to $73",1
2020-03-03,XOM,38.860050201416016,-0.047884090599596,0.0218322911644912,-0.1538011112082944,0.0286891350151303,0.4554258994775412,Shares of several oil & gas companies are trading lower in sympathy with the overall market. The Fed cut rates to combat the coronavirus outbreak which caused an initial spike but then continued to trade lower.,1
2020-03-04,XOM,39.70845413208008,0.0218322911644912,-0.0440669925729151,-0.1991606474689589,0.0293803774148544,0.4663990323895426,"Shares of several oil companies are trading higher amid expectations of production cuts by major producers to sustain prices. Additionally, US Super Tuesday results showed Joe Biden becoming the Democratic frontrunner. Biden's policies have been seen as more favorable for economic growth and less harmful to the energy sector. JP Morgan Maintains Neutral on Exxon Mobil, Lowers Price Target to $64 10 Energy Stocks Moving In Wednesday's Pre-Market Session",3
2020-03-05,XOM,37.958621978759766,-0.0440669925729151,-0.0482936498963633,-0.258032384900446,0.0279215243832081,0.4432404584627701,Shares of several oil companies are trading lower as the coronavirus outbreak continues to pressure oil prices. ExxonMobil Sees Annual CapEx Through 2025 $30B-$35B,2
2020-03-06,XOM,36.12546157836914,-0.0482936498963633,-0.1222481600722613,-0.2006711035912817,0.0291997284049225,0.4635313182603233,"4 Bearish ETFs Just Right For A Wild Market With Coronavirus Volatility B of A Securities Maintains Buy on Exxon Mobil, Lowers Price Target to $98 Stocks That Hit 52-Week Lows On Friday Shares of several oil companies are trading lower following reports indicating Russia will not agree to further oil output cuts by OPEC and allies. The production cuts have been proposed in order to sustain oil prices amid the coronavirus outbreak. Citigroup Maintains Neutral on Exxon Mobil, Lowers Price Target to $52 20 Energy Stocks Moving In Friday's Pre-Market Session",6
2020-03-09,XOM,31.709190368652344,-0.1222481600722613,0.0370284108968148,-0.1760628792689068,0.0381805508364447,0.6060974545961512,"CFRA Downgrades Exxon Mobil to Sell, Lowers Price Target to $41 Investor Movement Index Summary: February 2020 Morning Market Stats In 5 Minutes Benzinga Pro's Top 5 Stocks To Watch For Mon., Mar. 9, 2020: XOM, GLD, BA, TSLA, SPEX 3 Bearish Oil ETFs To Buy Amid Crude's Violent Tumble",5
2020-03-10,XOM,32.883331298828125,0.0370284108968148,-0.0329418753787629,-0.1520387421683661,0.0400785644569467,0.6362274867453217,"PreMarket Prep Stock Of The Day: Exxon Mobil Sanctions, Stimuli And COVID-19: Today's Oil News 123 Biggest Movers From Yesterday Exxon Mobil Stocks Tank In Market Blood Bath After OPEC Talks Fail",4
2020-03-11,XOM,31.800092697143555,-0.0329418753787629,-0.1143400589968802,-0.2110527292190024,0.0398229161327155,0.6321691954112849,"JP Morgan Maintains Neutral on Exxon Mobil, Lowers Price Target to $50 Shares of several oil companies are trading lower as oil prices fall after Saudi Arabia directed producer Saudi Aramco to raise its production capacity.",2
2020-03-12,XOM,28.1640682220459,-0.1143400589968802,0.0252824665823698,-0.073964368207872,0.0446405107232808,0.7086461386362797,Stocks That Hit 52-Week Lows On Thursday Shares of several oil & gas companies are trading lower as oil prices fall after Trump announced travel restrictions in an attempt to halt the spread of the coronavirus. Oil has also been hit by Saudi Arabia's recent actions to raise oil production capacity.,2
2020-03-13,XOM,28.87612533569336,0.0252824665823698,-0.0952255986793669,-0.1411333443333245,0.0458164084920925,0.7273129370173476,"Exxon Mobil shares are trading lower, reversing from earlier strength. Not currently seeing company-specific news. The End Of The Oil Era?",2
2020-03-16,XOM,26.126379013061523,-0.0952255986793669,0.067265806559283,-0.0881415753992244,0.0483992341375389,0.7683140230434943,"Oil War Vs The Coronavirus – Which One Is the Lesser Of Two Evils? Stocks That Hit 52-Week Lows On Monday Morgan Stanley Maintains Equal-Weight on Exxon Mobil, Lowers Price Target to $44 UBS Maintains Neutral on Exxon Mobil, Lowers Price Target to $46 10 Biggest Price Target Changes For Monday Exxon Mobile shares are trading lower amid a decline in the price of oil and analysts at RBC Capital downgrading the stock to an Underperform rating. RBC Capital Downgrades Exxon Mobil to Underperform, Lowers Price Target to $40",7
2020-03-17,XOM,27.883790969848633,0.067265806559283,-0.1002444261928731,-0.0372182708185853,0.0527237015885808,0.836962815612996,"Oil Falls Deeper Into Turmoil Due To An Epic Collapse In Demand Exxon, Verizon To Sell New Bonds Amid Credit Market Slump",2
2020-03-18,XOM,25.08859634399414,-0.1002444261928731,0.0395532038635664,0.1259055851417667,0.054930571845339,0.8719957948640014,"Oil Giants Persist In Paradoxical Behavior, But They Can Afford It",1
2020-03-20,XOM,24.80074119567871,-0.0490852695558603,-0.0394013380727479,0.1285886018867883,0.056977466129179,0.9044892342744826,"Wells Fargo Maintains Equal-Weight on Exxon Mobil, Lowers Price Target to $44 ExxonMobil And Other Big Energy Companies Eyeing Rebound As Crude Oil Recovers",2
2020-03-23,XOM,23.823558807373047,-0.0394013380727479,0.1268679336764553,0.192368606753055,0.0568688897909562,0.9027656383392616,"Shares of some oil companies are trading lower amid volatility in oil prices. Oil prices have been pressured by demand concerns and recent OPEC disagreements. NOTE: Sector is mixed, as some oil stocks are up for the session. Stocks That Hit 52-Week Lows On Monday",2
2020-03-24,XOM,26.846004486083984,0.1268679336764553,0.0522009247861354,0.0713885816862447,0.066365860996219,1.053525382444062,3 Energy ETFs With Relatively Safe Dividends Shares of several oil companies are trading higher as oil prices rise on hopes of a US economic stimulus agreement. Oil prices have recently been negatively impacted by global economic disruption and OPEC disagreements.,2
2020-03-25,XOM,28.247390747070312,0.0522009247861354,0.0410298122158294,0.0064362250644305,0.068231719366323,1.083144965817843,Shares of several oil and gas companies are trading higher despite downward move in crude futures. Movement potentially related to market strength  after the White House and Senate reached a $2 trillion stimulus deal aimed at supporting the economy.,1
2020-03-26,XOM,29.40637588500977,0.0410298122158294,-0.048171255742696,0.0407006105435348,0.0684727072760663,1.086970530286767,"Shares of several oil companies are trading higher amid renewed economic optimism following US Senate passage of an economic stimulus plan. NOTE: The sector is mixed, with some names down for the session amid falling crude futures.",1
2020-03-27,XOM,27.98983383178711,-0.048171255742696,0.0148850398242312,0.0611641069609847,0.0682038723326131,1.0827029078621593,Leverage Bullish Oil ETN Gets An Upsizing As Crude Prices Falter,1
2020-03-30,XOM,28.406463623046875,0.0148850398242312,0.0125337335884481,0.0792002749180027,0.067034842977933,1.0641451421752517,ExxonMobil To Increase Production On Largest Crude Unit At Baton Rouge Refinery Shares of several oil and gas stocks are trading lower following a significant decline in the price of oil due to increased speculation oil demand will fall as a result of coronavirus.,2
2020-03-31,XOM,28.76250267028809,0.0125337335884481,-0.0115881904543385,0.0861201067518311,0.0668739459758213,1.0615909814495523,Shares of several oil and energy companies are trading higher after US President Trump and Russian President Putin agreed to talks with the aim of stabilizing energy markets. Oil has been hurt this year by lower demand as well as a price conflict between Russia and Saudi Arabia.,1
2020-04-01,XOM,28.429197311401367,-0.0115881904543385,0.07647194545057,0.1683985474220981,0.0663793466199602,1.0537394600842245,"Trump To Meet With Oil CEOs About Helping Industry; CEOs Of Exxon, Occidental And Chevron To Attend, As Well As Harold Hamm",1
2020-04-02,XOM,30.603233337402344,0.07647194545057,-0.0294552639379421,0.0675742110830426,0.0689701687049157,1.0948674856522602,"Exxon Mobil Says Free Market Best Way Of Resolving Oil Imbalances, The Company Also Said It Is Seeking State Intervention In Energy Markets Shares of several oil and gas companies are trading higher after President Trump said he expects Russia and Saudi Arabia to announce a 10 million barrel supply cut. Shares of several oil and gas companies are trading higher after President Trump said he expects Russia and Saudi Arabia to end their oil price war within a few days. Credit Suisse Compiles List Of Corporations With Most And Least Cash",4
2020-04-03,XOM,29.701807022094727,-0.0294552639379421,0.0321346215951001,0.0905380007745804,0.0685241671124723,1.0877874298645966,"Analysts Share Stocks They Would Buy In This Environment: Exxon Mobil, P&G And More PreMarket Prep Stock Of The Day: Exxon Mobil Wells Fargo Maintains Equal-Weight on Exxon Mobil, Lowers Price Target to $42 Energy Stocks In Focus As Crude Oil Extends Rally, But Weak Employment Data Could Set the Tone Shares of several oil and gas companies are trading higher on expectations of an oil output cut by major producers. OPEC countries have scheduled an urgent meeting next week to try and resolve their oil cut dispute.",5
2020-04-06,XOM,30.65626335144043,0.0321346215951001,0.0190260995795916,0.0484309709793202,0.063420600247888,1.0067708175261187,TD Ameritrade Index Reflects A Direct Response To The COVID-19 Pandemic Investor Movement Index Summary: March 2020 Shares of several energy companies are trading higher amid anticipated progress on Saudi-Russian supply cut talks. UPDATE: Sector is now mixed.,3
2020-04-07,XOM,31.239532470703125,0.0190260995795916,0.0632884110595639,-0.0184285361209858,0.0629973288909526,1.000051593040831,"Exxon's CEO On How Oil Giant Plans To Maintain Dividend, Focus On Balance Sheet CFRA Upgrades Exxon Mobil to Hold, Maintains $41 Price Target Oil And Shale Are In A Tough Spot Semiconductors Continue To Lead Rally Efforts, While Consumer Staples Keep Lagging Shares of several energy companies are trading higher amid hopes of production cuts by key producers to sustain prices, as well as positive economic sentiment on a potential leveling off of coronavirus cases in some regions. Exxon Mobil Cuts 2020 Capital Spending As It Faces Weak Oil Demand, Pandemic Exxon CEO Says Expects a 100,000 to 150,000 Barrel/Day Reduction in Permian Basin Output Next Yea Exxon Chief Woods Expects 25%-30% Oil Demand Reduction This Year Exxon Mobil Reduces 2020 Capex By 30%, Cash Opex By 15%; Maintains Long-Term Outlook",9
2020-04-08,XOM,33.21663284301758,0.0632884110595639,-0.0164197906159729,-0.1071838765961595,0.0640677635313456,1.0170442161602038,"The State of Oil Is Falling in Love With Solar Energy Shares of several energy companies are trading higher amid hopes of output cuts by major oil producers Russia and Saudi Arabia to support prices. Mizuho Maintains Neutral on Exxon Mobil, Lowers Price Target to $50",3
2020-04-09,XOM,32.67122268676758,-0.0164197906159729,-0.0085786026494047,0.0020868543819796,0.0579892963749284,0.9205515414700798,"Oil Prices Rise, Fall As Russia, Saudi Arabia Agree On Output Cuts Shares of several oil companies are trading higher ahead of Thursday's OPEC+ meeting in which producers are expected to agree on output cuts. Exxon Mobil Is Conducting Field Trials Of Eight Emerging Methane Detection Technologies RBC Capital Maintains Underperform on Exxon Mobil, Raises Price Target to $42",4
2020-04-13,XOM,32.39094924926758,-0.0085786026494047,-0.0077173810250341,-0.0369504844664874,0.0579846550934806,0.9204778634112264,"BofA Downgrades Caterpillar, Says Energy Problem Is Here To Stay",1
2020-04-15,XOM,30.663833618164062,-0.0459582290277541,-0.0328559130367712,0.0407610277743912,0.0527189573631027,0.8368875033683241,"Every Member Of Trump's 'Great American Economic Revival' Industry Groups ExxonMobil Has Increased Production Of Raw Materials Used For Medical Masks, Gowns, Hand Sanitizer Shares of several oil stocks are trading lower amid a decline in the price of oil after the International Energy Agency said demand for the commodity is expected to reach a 25-year low.",3
2020-04-16,XOM,29.65634536743164,-0.0328559130367712,0.1039594516912472,0.1098343720853234,0.0474575037497482,0.7533645165944944,Shares of several energy companies are trading lower after OPEC further cut global oil demand forecasts.,1
2020-04-17,XOM,32.739402770996094,0.1039594516912472,-0.0472004574923815,0.0117997939513223,0.0516119358407694,0.8193140815037843,A Look Into Exxon Mobil's Price Over Earnings Bleak Picture: Steep Crude Demand Plunge Dogs Energy Industry as Q1 Earnings Results Loom,2
2020-04-20,XOM,31.194087982177734,-0.0472004574923815,-0.0053423832166511,0.0670228703871171,0.0514948496174007,0.8174553953298724,"PreMarket Prep Stock Of The Day: Chevron Corporation Shares of several oil stocks are trading lower after the price of oil fell significantly as storage for the commodity runs out and global demand remains depressed. Exxon Mobil Option Trader Makes Big Bearish Bet On More Downside After Oil Prices Drop Below $0 CORRECTION: B of A Securities Maintains Buy on Exxon Mobil, Raises Price Target to $70; A Prior Headline Indicated Firm Lowered PT, This Was Incorrect B of A Securities Maintains Buy on Exxon Mobil, Raises Price Target to $70 Shares of several oil stocks are trading lower after the price of oil fell significantly as storage for the commodity runs out and global demand remains depressed. UPDATE: Shares of several names in the space have reversed, sector now mixed.",6
2020-04-21,XOM,31.027437210083008,-0.0053423832166511,0.0285645822392426,0.0979001879413028,0.0502268890420048,0.7973271452014805,Pro On How To Play Oil: Buy The 'Biggest Players',1
2020-04-22,XOM,31.91372299194336,0.0285645822392426,0.0313316139116095,0.1265130454957457,0.0429267465157285,0.6814409752423571,Shares of several energy companies are trading higher as oil prices potentially stabilize following recent crash. 'ExxonMobil on Wednesday started construction of its solely-funded chemical complex in south China's Huizhou' -Tweet From China's National Business Daily; BZ NOTE: Exxon Had Announce Framework Deal For The Site In Sep. 2018 3 Dividend ETFs With Way Too Much Energy Exposure,3
2020-04-23,XOM,32.913631439208984,0.0313316139116095,0.0064438206694372,0.0695047849987093,0.0420804769210587,0.6680068619046865,Shares of several energy companies are trading higher as oil prices rise amid hopes of output cuts by some producers as well as renewed US-Iran tensions in the gulf. Slatestone Wealth Analyst Is A Buyer Of Oil Stocks With Safe Dividend,2
2020-04-24,XOM,33.1257209777832,0.0064438206694372,0.004802440984607,-0.0134917003782599,0.0413779619053757,0.6568547817619714,"ExxonMobil Reports Is Modifying Facilities To Produce Medical-Grade Sanitzier For Coronavirus Response, Targeting 160K Gallons Of Sanitzer",1
2020-04-27,XOM,33.28480529785156,0.004802440984607,0.0234408415327551,0.0213931445300232,0.0393204466910171,0.6241927403064235,"Should The Oil Industry Get Bailed Out? Apple And Amazon Earnings, Fed Meeting Among Highlights In Busy Week Ahead Nordic Tanker CEO Says Oil Glut Is Creating Revenue, Stock Trades Higher",3
2020-04-28,XOM,34.06502914428711,0.0234408415327551,0.0553704542123056,-0.0031127858262924,0.0394294666596238,0.6259233786556648,"Blue Chip Stocks Resisting COVID-19 Earnings Feast: Bring a Plate With Healthcare and Caterpillar in Morning, GOOGL And AMD Later",2
2020-04-29,XOM,35.95122528076172,0.0553704542123056,-0.020859900016956,-0.073114272126453,0.0407254235403535,0.6464960563533073,Shares of several oil companies are trading higher as oil prices gain after EIA reported a smaller-than-expected build in crude inventories. Positive sentiment also potentially being driven by some US states reopening and positive trial data from Gilead's coronavirus treatment candidate.,1
2020-04-30,XOM,35.20128631591797,-0.020859900016956,-0.0716589620544688,-0.0479874631087823,0.0410592979422131,0.6517961481720118,"Benzinga's Top Upgrades, Downgrades For April 30, 2020 CFRA Downgrades Exxon Mobil to Sell, Raises Price Target to $43",2
2020-05-01,XOM,32.67879867553711,-0.0716589620544688,0.0403342021777493,0.0704686168330754,0.0420744865737888,0.6679117680898286,"Amazon, Exxon Mobil Earnings Weigh On Market To Start New Month As Caution Steers The Wheel Disappointment From Amazon, Apple Weighs On Market As Investors Also Consider Energy Earnings ExxonMobil Q1 GAAP EPS $(0.14) vs $0.55 In Same Qtr. Last Year Exxon Mobil shares are trading lower after the company reported Q1 EPS results down from last year. Exxon Mobil Q1 Adj. EPS $0.530 Down From $0.550 YoY A Peek Into The Markets: US Stock Futures Point To A Lower Open 8 Stocks To Watch For May 1, 2020 Earnings Scheduled For May 1, 2020",8
2020-05-04,XOM,33.99687194824219,0.0403342021777493,-0.0011142185053178,0.0191620897308326,0.042037713418434,0.667328012345877,"Investor Movement Index Summary: April 2020 Wells Fargo Maintains Equal-Weight on Exxon Mobil, Raises Price Target to $45 Credit Suisse Maintains Neutral on Exxon Mobil, Raises Price Target to $45 Exxon Mobil Has Indefinitely Postponed Sale Of $2B In Oil And Gas Assets In The North Sea",4
2020-05-05,XOM,33.95899200439453,-0.0011142185053178,-0.0187377290824032,0.0032446109061792,0.0416724585099786,0.6615297704283649,"UBS Maintains Neutral on Exxon Mobil, Raises Price Target to $48 Disney, Beyond Meat And Video Game Makers All Set To Report As Firm Tone Continues",2
2020-05-06,XOM,33.32267761230469,-0.0187377290824032,0.005683465096951,-0.028347494201714,0.0419033555501454,0.6651951473088183,How the Mighty Have Fallen In Oil,1
2020-05-07,XOM,33.51206588745117,0.005683465096951,0.0438517438898884,-0.0253130710381245,0.0395301528549696,0.6275217224557177,"Democrats Offer Bill To Prevent Fossil Fuel Industry Bailout Shares of several oil companies are trading higher as oil prices gain. Strength in oil prices is being driven by production cuts, price raises from Saudi Arabia and a rebound in gasoline demand as some states and countries reopen economies.",2
2020-05-08,XOM,34.98162841796875,0.0438517438898884,-0.0095280115294893,-0.0728813167486421,0.0404059649964428,0.6414248091850111,Exxon Beaumont Coker May Restart In Two Weeks How Artificial Intelligence Helped iFlip Save Investor Returns During The 2020 Market Crash,2
2020-05-12,XOM,34.069175720214844,-0.0167150178633358,-0.0496376117872182,-0.0040798205806049,0.0406108558772729,0.6446773510845,"Caution Ahead: Biggest Blue-Chips Seek Change, Innovation Post-COVID-19",1
2020-05-13,XOM,32.3780632019043,-0.0496376117872182,0.0088241652788765,0.0820417509306097,0.0408552036669858,0.6485562519944319,"Shares of several energy companies are trading lower. Despite EIA reporting a draw in crude inventories, OPEC cut its 2020 oil demand forecast by 2.2 million barrels per day. Hearing Redburn Upgrades Exxon Mobile From Sell To Neutral",2
2020-05-15,XOM,32.43212127685547,-0.0070919948258778,0.0795240020861254,0.0619047350199708,0.0326067381903141,0.5176159218993809,"The Oil Crisis Can Harm US Economy, But Not Like COVID-19",1
2020-05-18,XOM,35.011253356933594,0.0795240020861254,-0.0308778937436192,0.0125714889643593,0.0351570709637219,0.558101199572749,Shares of several oil stocks are trading higher amid an increase in the price of oil driven by greater-than-expected production cuts.,1
2020-05-20,XOM,35.03441619873047,0.032544378365598,-0.0178529935882401,-0.0072734700615043,0.0362041356121775,0.5747228355712738,Shares of several energy companies are trading higher after API and EIA data showed a draw in US crude inventories.,1
2020-05-21,XOM,34.4089469909668,-0.0178529935882401,0.0008973293973824,0.0204216162150769,0.0360125444887553,0.5716814207753781,Is There Any Hope For Oil?,1
2020-05-26,XOM,35.45139694213867,0.029372212135917,0.0071881344239888,0.030494532070225,0.0365009498266329,0.5794346151535023,Oil Volatility Has Driven Demand In The Only 3X US Oil Exchange Traded Products Shares of several energy companies are trading higher in sympathy with the overall market as equities rally on coronavirus vaccine hopes as well as a pickup in economic activity as some US states reopen businesses.,2
2020-05-28,XOM,34.77959442138672,-0.0259515502544664,0.009546945124534,0.0901420843231224,0.0345551631986173,0.5485462100207563,"Leveraged Oil ETN Is A Robinhood Hit, Too",1
2020-06-02,XOM,36.532470703125,0.0222561998132846,0.0407950782560462,0.1312618202717241,0.0291075669234367,0.4620683000974981,Shares of several oil and gas companies are trading higher as oil prices gain ahead of the OPEC+ output cut meeting expected this week. China Approves $20B Mega Petrochemical Complex in Shandong Oil Hub,2
2020-06-03,XOM,38.0228157043457,0.0407950782560462,-0.0028434545916594,0.0286348980025288,0.0302077733972173,0.4795335364201792,"Shares of several oil and energy companies are trading higher amid multiple positive catalysts. Economic recoveries in the US and China have lead to a positive demand outlook, while investors also watch for developments concerning OPEC+ production cut talks.",1
2020-06-04,XOM,37.91469955444336,-0.0028434545916594,0.0810591611261812,-0.0594707112135078,0.0297252992781212,0.4718744972212597,Low Margins Have Put Oil Giants Are Under Pressure,1
2020-06-05,XOM,40.988033294677734,0.0810591611261812,0.0312732700485733,-0.1113415488674626,0.0340308051758746,0.5402222844639236,"Afternoon Market Stats in 5 Minutes Shares of several energy companies are trading higher amid a gain in oil prices following positive US jobs data and as investors await the OPEC+ conference, hoping for output cuts. Morning Market Stats in 5 Minutes",3
2020-06-08,XOM,42.26986312866211,0.0312732700485733,-0.0222871273359456,-0.1388380125570457,0.0334971250235609,0.531750374687885,"The IMX Rebounds In May In Tandem With The Market Investor Movement Index Summary: May 2020 Afternoon Market Stats in 5 Minutes Oil Analyst Expects Deeper Deficit In Q3, Says Demand Will Not Fully Recover Until 2022 Morning Market Stats in 5 Minutes Shares of several energy companies are trading higher after OPEC+ agreed to extend production cuts into July.",6
2020-06-09,XOM,41.327789306640625,-0.0222871273359456,-0.053624793147983,-0.0994022244391458,0.0340068308335409,0.5398417035779557,Afternoon Market Stats in 5 Minutes Shares of several energy companies are trading lower as equities sell off following the recent rally. Stocks have rallied over the past week amid optimism towards the US economy reopening and investors have potentially taken some profits following the run up. Morning Market Stats in 5 Minutes,3
2020-06-10,XOM,39.111595153808594,-0.053624793147983,-0.08825285017756,-0.0793683134575977,0.0364144548918827,0.5780615506314072,Why The Energy Sector Is Trading Lower Today Afternoon Market Stats in 5 Minutes Morning Market Stats in 5 Minutes Shares of several energy companies are trading lower after API reported an 8.42 million barrel build in crude oil inventories.,4
2020-06-11,XOM,35.65988540649414,-0.08825285017756,0.0214380042843274,0.0160241334399511,0.0404105006683347,0.6414968107441387,"Morning Market Stats in 5 Minutes Shares of several energy companies are trading lower as oil prices dip. Concerns of a second wave of the coronavirus have caused economic uncertainty and clouded demand outlook, while a recent build in US crude inventories has led to continued oversupply concerns.",2
